Crime ID,Month,Reported by,Falls within,Longitude,Latitude,Location,LSOA code,LSOA name,Outcome type
4868a1a661c8ff7cc2739b1347594a7506c7e05c016d5abc4ab99be888759019,2017-12,City of London Police,City of London Police,-0.111497,51.518226,On or near Pedestrian Subway,E01000914,Camden 028B,Investigation complete; no suspect identified
98f70d81d4a0795499a32c5ab795f4603e5439be226fec5e83c38e67b84e15b1,2017-12,City of London Police,City of London Police,-0.106214,51.513905,On or near SALISBURY COURT,E01032740,City of London 001G,Investigation complete; no suspect identified
28fcce2cc4d8e536949fe62515bc61e0b35b72d30395b3378364992be97d6ebf,2017-12,City of London Police,City of London Police,-0.105134,51.513869,On or near BRIDE LANE,E01032740,City of London 001G,Unable to prosecute suspect
683450714cfbdacdc6e258e1d03dec6483c2feadc99809775e17044703ca18b5,2017-12,City of London Police,City of London Police,-0.097601,51.520699,On or near CARTHUSIAN STREET,E01000001,City of London 001A,Unable to prosecute suspect
2ed45a4aaf158b9b91afaf189fdd6faddf220f39a33c2e814fb6a9e65df30ec1,2017-12,City of London Police,City of London Police,-0.095015,51.513220,On or near WATLING STREET,E01032739,City of London 001F,Offender given a caution
ef202da7bef093cd77b7b96bbe0cff9c1aae64f44a50463b58dd093a58f49ab3,2017-12,City of London Police,City of London Police,-0.084967,51.512598,On or near BELL INN YARD,E01032739,City of London 001F,Unable to prosecute suspect
227a94f4640bc36da0e997a29b393a110c4e7cd6bcb390d23bea4b6dbbf1adde,2017-12,City of London Police,City of London Police,-0.101452,51.512650,On or near ST ANDREW'S HILL,E01032739,City of London 001F,Investigation complete; no suspect identified
315b96d7ff3fcee4329a7bc3ff9f9b48cb547e91974e4178ce19144dabc731e4,2017-12,City of London Police,City of London Police,-0.093057,51.520085,On or near Theatre/Concert Hall,E01000002,City of London 001B,Investigation complete; no suspect identified
a4836189403a33aebc5d87948a3d9dfe59a572a8e7c7b5d6f3c18eda00636530,2017-12,City of London Police,City of London Police,-0.094628,51.514203,On or near CHEAPSIDE,E01032739,City of London 001F,Investigation complete; no suspect identified
4cbb4f76d120e620f0dc207c28ae062eb2b1a07b5aff87878582a340e44e199d,2017-12,City of London Police,City of London Police,-0.102741,51.513885,On or near PAGEANTMASTER COURT,E01032740,City of London 001G,Investigation complete; no suspect identified
5626903fab088c41a4eff5d0758a1299710eeda9c7c05f5f03873a6767526e69,2017-12,City of London Police,City of London Police,-0.083959,51.513606,On or near LEADENHALL STREET,E01032739,City of London 001F,Investigation complete; no suspect identified
c755e86ddd0de6b4ec43f7a1cee2f1ad6aa827e77e34dcc19ad972e92800ccd5,2017-12,City of London Police,City of London Police,-0.084701,51.509320,On or near LOWER THAMES STREET,E01032739,City of London 001F,Investigation complete; no suspect identified
1a0f907952e2af063f078c4309ccd5d28822767939f97081d079ed7ec545d911,2017-12,City of London Police,City of London Police,-0.076853,51.511916,On or near Nightclub,E01032739,City of London 001F,Investigation complete; no suspect identified
cd703c1e6dcb3138997205959ec33cb9fdd8e463333b48692bbd738e518da9f7,2017-12,City of London Police,City of London Police,-0.082965,51.516351,On or near WORMWOOD STREET,E01032739,City of London 001F,Offender given a drugs possession warning
0cca7730a43a0d097ca58486aaf7b4821dd5489d96a33924bdd7f1b0719a8273,2017-12,City of London Police,City of London Police,-0.095026,51.518499,On or near Park/Open Space,E01000002,City of London 001B,Investigation complete; no suspect identified
061c194b705b2294ca3b87f470cc1b27855826ad63dbea69d8abb4bd1ba5d56f,2017-12,City of London Police,City of London Police,-0.083755,51.514358,On or near THREADNEEDLE STREET,E01032739,City of London 001F,Investigation complete; no suspect identified
3a549054f6e372ac6d8e86b1a22f7fd064cfa1408fab3c9b9f062c36a656e89b,2017-12,City of London Police,City of London Police,-0.108018,51.511749,On or near TEMPLE AVENUE,E01032740,City of London 001G,Investigation complete; no suspect identified
3f516a6776f70dd036532552c29fbaee6ec117205b6e5b34df1897cff7b29273,2017-12,City of London Police,City of London Police,-0.086166,51.510828,On or near EASTCHEAP,E01032739,City of London 001F,Investigation complete; no suspect identified
16becbb459cf417fa8403bf8a2a9d43fbdfb85549c7531ebef20533feef5bdda,2017-12,City of London Police,City of London Police,-0.097562,51.518864,On or near Parking Area,E01000001,City of London 001A,Investigation complete; no suspect identified
4a6c0a86a9158597f59712865835c9dc4456e68024b7065a3898bd85cd771f49,2017-12,City of London Police,City of London Police,-0.081620,51.516814,On or near ALDERMAN'S WALK,E01032739,City of London 001F,Investigation complete; no suspect identified
bc756feba084076b63f6811c30fd591587def2bc9c2ab87d755b32ac1dcbf535,2017-12,City of London Police,City of London Police,-0.110710,51.513914,On or near FLEET STREET,E01032740,City of London 001G,Investigation complete; no suspect identified
d71a64031867d391d184c93f8c39bad9e3dfd86f72b41a44508071e6c67859de,2017-12,City of London Police,City of London Police,-0.075196,51.512609,On or near ST CLARE STREET,E01000005,City of London 001E,Investigation complete; no suspect identified
abdf0ee49c37f48a1121aa40d4fc511f645d4be6308e7067c5bc3488e1818399,2017-12,City of London Police,City of London Police,-0.093257,51.513920,On or near BOW LANE,E01032739,City of London 001F,Investigation complete; no suspect identified
cbe2fe37c7932e21a5d6a418f11181da3a60767d62a6e1a28cc9df2fde2d5ccd,2017-12,City of London Police,City of London Police,-0.084768,51.512882,On or near CORBET COURT,E01032739,City of London 001F,Investigation complete; no suspect identified
1fa87f41cd436de7f6e1ebde89e4adbae14577de87147a09d124568a564e6ca5,2017-12,City of London Police,City of London Police,-0.080952,51.514528,On or near ST MARY AXE,E01032739,City of London 001F,Investigation complete; no suspect identified
b5878a5484cc5668f45544333cacd18c4acb18661dd6a9eb904ef8c6cf4e8b55,2017-12,City of London Police,City of London Police,-0.076435,51.513627,On or near ALDGATE,E01000005,City of London 001E,Investigation complete; no suspect identified
00afd9c2421d14d291cb7aeb6e0036fc91991266a34c5f0e85cdb57146653095,2017-12,City of London Police,City of London Police,-0.078924,51.508587,On or near PETTY WALES,E01032739,City of London 001F,Investigation complete; no suspect identified
05eb22cb686be7d4262af5b5d4c29198b88a34e2c076e3e8c2917b9a065e845c,2017-12,City of London Police,City of London Police,-0.089838,51.516067,On or near COLEMAN STREET,E01032739,City of London 001F,Investigation complete; no suspect identified
4854d0e008d6476fc8722d1d1cfc24bda3edd6ca2a7d360e0e0e50b4c83964d7,2017-12,City of London Police,City of London Police,-0.095015,51.513220,On or near WATLING STREET,E01032739,City of London 001F,Local resolution
07ba465c26fc5d1461ac009387f421909907705dfe5cbacacdafdc57b50e7f7b,2017-12,City of London Police,City of London Police,-0.085257,51.511200,On or near TALBOT COURT,E01032739,City of London 001F,Investigation complete; no suspect identified
ad022420fda0db4f791ac8a705cb94577956d8a9f9d1bea211a22a49cb6bf0b8,2017-12,City of London Police,City of London Police,-0.081091,51.516014,On or near CAMOMILE STREET,E01032739,City of London 001F,Suspect charged
7ee68a3a83a58a26027f1e9fecffe8b56776850d3fc9b8d84b1903d1aa512ad6,2017-12,City of London Police,City of London Police,-0.081620,51.516814,On or near ALDERMAN'S WALK,E01032739,City of London 001F,Investigation complete; no suspect identified
491f108e9b06f2e4d2c6652a8a5a90858e3f581910fc5f0e5eeb0c8eda5aedd4,2017-12,City of London Police,City of London Police,-0.088621,51.518619,On or near MOORFIELDS,E01000002,City of London 001B,Investigation complete; no suspect identified
67f858fea0384b836f8f7db8c04526bf31c4c470a3b0a2925e037f775b798fad,2017-12,City of London Police,City of London Police,-0.087118,51.513199,On or near Nightclub,E01032739,City of London 001F,Investigation complete; no suspect identified
948a2e304b9ca33dd1bfc2ed37afb9e899d10c061e08441392a2e33b6686e3c0,2017-12,City of London Police,City of London Police,-0.089451,51.517032,On or near Bus/Coach Station,E01032739,City of London 001F,Investigation complete; no suspect identified
38add899f1990b9d1b4f35d5e49e348a73cad652caf0ee3eeaee5883e99c889d,2017-12,City of London Police,City of London Police,,,No location,,,Unable to prosecute suspect
9b25d5f67389900bf01faea51dc84ee87532f16f5fca165ccd6247469806045a,2017-12,City of London Police,City of London Police,-0.089596,51.518743,On or near NEW UNION STREET,E01000002,City of London 001B,Investigation complete; no suspect identified
2464f34e12f85fd1cb281771f4a7b2702a299768bf6b51f890b0f49c35f72fe4,2017-12,City of London Police,City of London Police,-0.084967,51.512598,On or near BELL INN YARD,E01032739,City of London 001F,Suspect charged
063c724dbc474b70536ba569bc9bece3a75d16709859467aa5b965a584da32ac,2017-12,City of London Police,City of London Police,-0.086175,51.510945,On or near GRACECHURCH STREET,E01032739,City of London 001F,Investigation complete; no suspect identified
805e30d2ba853a9dec235b147d1a78560fa83af7ecddac014a18ef23384bfe41,2017-12,City of London Police,City of London Police,-0.108965,51.516386,On or near PLOUGH PLACE,E01032740,City of London 001G,Investigation complete; no suspect identified
80d2507c5cecd314e7f71fffd0c33be9269cac7685c265f707c2a3f10409a13b,2017-12,City of London Police,City of London Police,-0.087118,51.513199,On or near Nightclub,E01032739,City of London 001F,Local resolution
2b20a137f10b02a7650dde967bbf59c0875e0e8e86b7870a9318e4e350dfdfb3,2017-12,City of London Police,City of London Police,-0.090506,51.513524,On or near POULTRY,E01032739,City of London 001F,Investigation complete; no suspect identified
9665086cd1c5a9eaed6b1947a78ce7afe59b59561447a1f2dd70be2f41666ae1,2017-12,City of London Police,City of London Police,-0.083993,51.511440,On or near PHILPOT LANE,E01032739,City of London 001F,Investigation complete; no suspect identified
f60ab9a2fd0a4901ba4563da7518ce45534ac25172aa1b3fd9e17d2cc7436227,2017-12,City of London Police,City of London Police,-0.080376,51.517244,On or near Supermarket,E01032739,City of London 001F,Local resolution
dfa883855155efdd0caea47381c9c3c228b0c92bcd191f4a30f02c11f4821b7e,2017-12,City of London Police,City of London Police,-0.083417,51.513148,On or near WHITTINGTON AVENUE,E01032739,City of London 001F,Investigation complete; no suspect identified
6238e2e15449e954e3901e58855f6cef5f814a1b4c34ecbd70fe147f1b987423,2017-12,City of London Police,City of London Police,-0.086272,51.513114,On or near BIRCHIN LANE,E01032739,City of London 001F,Investigation complete; no suspect identified
afc5c09779630a93e4a25f6715fd9db5e7bb9a90b2aa7c6456b3310d15db644b,2017-12,City of London Police,City of London Police,-0.089858,51.520744,On or near CHISWELL STREET,E01002704,Islington 023D,Investigation complete; no suspect identified
4febc2b4b9121335e3391829301fe3ca3a39e1cf492ba2fbee13d1b3a8c32f62,2017-12,City of London Police,City of London Police,-0.092077,51.512147,On or near TOWER ROYAL,E01032739,City of London 001F,Investigation complete; no suspect identified
f5c54068eac5e6002081a27ef0c14c49b2bd032881f3d23c01a3d5e86279acfb,2017-12,City of London Police,City of London Police,-0.088766,51.519620,On or near ROPEMAKER STREET,E01002704,Islington 023D,Investigation complete; no suspect identified
496a9bf824fa4991711cdcd64716a6f1d131889e6c0b6355700bec5097d05fe6,2017-12,City of London Police,City of London Police,-0.097645,51.515142,On or near ST MARTIN'S LE GRAND,E01032739,City of London 001F,Investigation complete; no suspect identified
8188535767eeef8db7c45037c3ec9b398e664ccdfa4896d3e122fa37b9ce3e62,2017-12,City of London Police,City of London Police,-0.077694,51.513171,On or near ALDGATE,E01032739,City of London 001F,Investigation complete; no suspect identified
350192ec168e8bec2264c19678c18cb879b8b40aedcd2664a83f79fcc300d491,2017-12,City of London Police,City of London Police,-0.078856,51.518433,On or near ARTILLERY LANE,E01032739,City of London 001F,Investigation complete; no suspect identified
c31a19fb39ceb8e051d9d4bdf079df65d1116ce814022341e3b23f61ce3c35a1,2017-12,City of London Police,City of London Police,-0.078484,51.517680,On or near CATHERINE WHEEL ALLEY,E01032739,City of London 001F,Suspect charged
f0a066f481288788f367b5363480f3a800bce55f524778fd8c51711a3f199f23,2017-12,City of London Police,City of London Police,-0.090506,51.513524,On or near POULTRY,E01032739,City of London 001F,Offender given a caution
39360ce283a201dbd4597c2991fc1e5a1a96ddf62e00e32ae72934e87b2a6371,2017-12,City of London Police,City of London Police,-0.088203,51.518262,On or near MOORGATE,E01032739,City of London 001F,Investigation complete; no suspect identified
5729d7300e6088f64a232a70c8ca87f7b8f873f3af35677cf14e64975d995787,2017-12,City of London Police,City of London Police,-0.084967,51.512598,On or near BELL INN YARD,E01032739,City of London 001F,Suspect charged
d58143c67f347b4e50cfcbca33f80a7d33428dcea210328b5ddf119c5e52be41,2017-12,City of London Police,City of London Police,-0.084980,51.516078,On or near GREAT WINCHESTER STREET,E01032739,City of London 001F,Unable to prosecute suspect
95a16c6508b10aa890d915f1f594bca5ba7053cc819eb3527259d2f900c05994,2017-12,City of London Police,City of London Police,-0.095960,51.517534,On or near LONDON WALL,E01000001,City of London 001A,Investigation complete; no suspect identified
64ecdeb6c28d5e408e09afb8a3ff68787b058edf23f623b60e7701a69a41ef96,2017-12,City of London Police,City of London Police,-0.081091,51.516014,On or near CAMOMILE STREET,E01032739,City of London 001F,Investigation complete; no suspect identified
60c7b613cb39b5105b6ff0bc3692baf2a3355e21ff5a38412ea9b191960289a2,2017-12,City of London Police,City of London Police,-0.084284,51.510671,On or near EASTCHEAP,E01032739,City of London 001F,Investigation complete; no suspect identified
88fda38934b138ebe12f7eaddcff5a6ce45a592f725a592a8d584b876e31d994,2017-12,City of London Police,City of London Police,-0.104621,51.512692,On or near Supermarket,E01032740,City of London 001G,Investigation complete; no suspect identified
b80d091a87bf72b0a3292b6a106f3602396eb39eb2e2e41a5f12fbf1182b92b4,2017-12,City of London Police,City of London Police,-0.107148,51.511879,On or near TALLIS STREET,E01032740,City of London 001G,Investigation complete; no suspect identified
86258accd70100f84a1074de354fc26e40c46078b809abb666f5aff80abf376f,2017-12,City of London Police,City of London Police,-0.097645,51.515142,On or near ST MARTIN'S LE GRAND,E01032739,City of London 001F,Investigation complete; no suspect identified
c5c2f2484953c813672bc8c72d4ea86278b14c6e77359b87b35d0a61afc75306,2017-12,City of London Police,City of London Police,-0.093057,51.520085,On or near Theatre/Concert Hall,E01000002,City of London 001B,Investigation complete; no suspect identified
58f4f18dec6af2392b6d3d1bd4fb00eb3e04977d4e04f52e2cfa11c54102cc6e,2017-12,City of London Police,City of London Police,-0.104887,51.516347,On or near FARRINGDON STREET,E01032740,City of London 001G,Investigation complete; no suspect identified
a232269796c6d98a3531106df25dc1bbc6c95a85f35436bfe139dc88eda6dc14,2017-12,City of London Police,City of London Police,-0.085310,51.518511,On or near ELDON STREET,E01032739,City of London 001F,Suspect charged
e8be8007e161792cfa5b74ed9493e12d934428f907f1099f0ef6102dbecddd70,2017-12,City of London Police,City of London Police,-0.105900,51.516966,On or near PLUMTREE COURT,E01032740,City of London 001G,Offender given a caution
ff63f4a9783f026ccbb5fe7f2428b57c2b30fb610f854205465dabe5573c1928,2017-12,City of London Police,City of London Police,-0.091732,51.521080,On or near Nightclub,E01002704,Islington 023D,Investigation complete; no suspect identified
fcc7b51ecf84b7b8d140387aec20567d314243aaa4c318d8e6de5e18e78d2906,2017-12,City of London Police,City of London Police,-0.092865,51.510182,On or near Parking Area,E01032739,City of London 001F,Investigation complete; no suspect identified
5ee5f40bfd82accb27748f9443b043616c801ba2e754e05aa70b2b67806df7b9,2017-12,City of London Police,City of London Police,-0.088766,51.519620,On or near ROPEMAKER STREET,E01002704,Islington 023D,Investigation complete; no suspect identified
502cf48cc2b65253cea651dd0686dc2de03422bd41c025896774136fcb91e1ae,2017-12,City of London Police,City of London Police,-0.084967,51.512598,On or near BELL INN YARD,E01032739,City of London 001F,Investigation complete; no suspect identified
3910c23d1e3d9a5667413778c89c743034c8c40e2355f89551e9ed56c8703cd9,2017-12,City of London Police,City of London Police,-0.091732,51.521080,On or near Nightclub,E01002704,Islington 023D,Investigation complete; no suspect identified
ba20864ae6efdd9ffb710050a2ffef8c75467216237aa3d964a52a7931d8d0e4,2017-12,City of London Police,City of London Police,-0.084095,51.516900,On or near NEW BROAD STREET,E01032739,City of London 001F,Investigation complete; no suspect identified
6a9dff8795680eb22b5e870b0f19c73acd82834f1e6c1d9e27b7029795bd04d8,2017-12,City of London Police,City of London Police,-0.091720,51.513454,On or near Supermarket,E01032739,City of London 001F,Investigation complete; no suspect identified
5729d7300e6088f64a232a70c8ca87f7b8f873f3af35677cf14e64975d995787,2017-12,City of London Police,City of London Police,-0.084967,51.512598,On or near BELL INN YARD,E01032739,City of London 001F,Suspect charged
8f1ccc75cffe4408017823353cc118d4f71f74d1678d9cb771c5275c88690f17,2017-12,City of London Police,City of London Police,-0.088766,51.519620,On or near ROPEMAKER STREET,E01002704,Islington 023D,Investigation complete; no suspect identified
09c14da2fdd49564450978c64b8eaaa301a3fca8ff460dcc81804dddc000fd15,2017-12,City of London Police,City of London Police,-0.079080,51.519615,On or near BISHOPSGATE,E01004307,Tower Hamlets 015B,Unable to prosecute suspect
81e7106dd58fe108b13db3bd7c59bb8da81d3db543d56e810edabaf04ccbf085,2017-12,City of London Police,City of London Police,-0.076459,51.513061,On or near Further/Higher Educational Building,E01000005,City of London 001E,Formal action is not in the public interest
1ff33a26eb38e76748f8daba06278cd73f7ccabbb2b5df912ae71677eebf9fe0,2017-12,City of London Police,City of London Police,-0.093558,51.516703,On or near Police Station,E01000002,City of London 001B,Unable to prosecute suspect
6f1d255ee5fc0564c462cf99e3ca6c138aae63c2afa216fc78cb4de5702d9fce,2017-12,City of London Police,City of London Police,-0.104001,51.513051,On or near APOTHECARY STREET,E01032739,City of London 001F,Offender given a drugs possession warning
dff38e3c7e52a32d1aab568fd7c6f72c3fa5ddfa6a010a37c947dd314b6c0c55,2017-12,City of London Police,City of London Police,-0.100884,51.516966,On or near Hospital,E01032740,City of London 001G,Investigation complete; no suspect identified
19554a4ce0a9b5f0015be2d8d92a20e08bb80fbda0149d72e8c4987e58a47993,2017-12,City of London Police,City of London Police,-0.086272,51.513114,On or near BIRCHIN LANE,E01032739,City of London 001F,Investigation complete; no suspect identified
ae47785a779a4abb75089f69ded61f5e348ce7820bd89adfd715408180c02cf4,2017-12,City of London Police,City of London Police,-0.079398,51.516508,On or near DEVONSHIRE SQUARE,E01032739,City of London 001F,Investigation complete; no suspect identified
4ad07c1076e9fca5618ef1a58c89ba257814a9fbd4d89c87a6988b22a7a3faf1,2017-12,City of London Police,City of London Police,-0.098138,51.520609,On or near CARTHUSIAN STREET,E01033490,Islington 022H,Investigation complete; no suspect identified
2d39d0cd9813593f46e2b164b7b536f56c8e9053d849cca22618d9726fd922e6,2017-12,City of London Police,City of London Police,-0.078484,51.517680,On or near CATHERINE WHEEL ALLEY,E01032739,City of London 001F,Investigation complete; no suspect identified
1188bfd842383e7ddd9733dff8beb5b151e96706eb42050f2e42e6533a5564b1,2017-12,City of London Police,City of London Police,-0.076686,51.517588,On or near Parking Area,E01004307,Tower Hamlets 015B,Investigation complete; no suspect identified
585638e18bc2b51904a0be93f5349ae96e50608542e750bbf5b0abd540f4f4a0,2017-12,City of London Police,City of London Police,-0.106680,51.515882,On or near Parking Area,E01032740,City of London 001G,Investigation complete; no suspect identified
8f945e3293ef13009119d5b4d7a7afcfbe1f70e9bf8758e26d51c28a85097286,2017-12,City of London Police,City of London Police,-0.104500,51.511449,On or near VICTORIA EMBANKMENT,E01032740,City of London 001G,Investigation complete; no suspect identified
6f408b75cd31a7e9b5aa361de6c4ba271d2ea91ac7d166b3ef5371275bb4dbe7,2017-12,City of London Police,City of London Police,-0.078484,51.517680,On or near CATHERINE WHEEL ALLEY,E01032739,City of London 001F,Investigation complete; no suspect identified
79a941e0029719d78bfebd135a25b6132fc64daafe37c49cfa238b58c820d14e,2017-12,City of London Police,City of London Police,-0.102741,51.513885,On or near PAGEANTMASTER COURT,E01032740,City of London 001G,Investigation complete; no suspect identified
b50cb179bf50a0a011f8ca99f9e4688c1fff70fc2d6ef448e272faa577e60449,2017-12,City of London Police,City of London Police,-0.094546,51.520658,On or near BEECH STREET,E01000002,City of London 001B,Investigation complete; no suspect identified
615ed1da6df5f7961054a5f35f2e3212f14f9eddf2b66dd068bed3e1174a1b05,2017-12,City of London Police,City of London Police,-0.080782,51.514804,On or near ST MARY AXE,E01032739,City of London 001F,Investigation complete; no suspect identified
57bac2e08ca4cc2a6d2e59dfe45790d4fc24531924b1903c249f2d37c02ed2d9,2017-12,City of London Police,City of London Police,-0.083296,51.517058,On or near OLD BROAD STREET,E01032739,City of London 001F,Investigation complete; no suspect identified
435e064451f3e251459f1e43fab62ed3ea8da543c2561aa4d5a2db7152c50f7f,2017-12,City of London Police,City of London Police,-0.073152,51.512206,On or near MANSELL STREET,E01000005,City of London 001E,Unable to prosecute suspect
f4985c65b7d33a11deeaaa3acb8ed5448b17c1a0e1cf1c52c243ed7c4ab912ab,2017-12,City of London Police,City of London Police,-0.082458,51.517431,On or near LIVERPOOL STREET,E01032739,City of London 001F,Investigation complete; no suspect identified
fe924d8b3166125dd6e7d01d804f0173ad17a07727f76ef30845ea7d521d6c25,2017-12,City of London Police,City of London Police,-0.094468,51.521853,On or near GOLDEN LANE,E01000003,City of London 001C,Investigation complete; no suspect identified
e479d7b1b5c92b65459670183f9daea11fb8459daa4a3904c424e962f9bd88b7,2017-12,City of London Police,City of London Police,-0.078127,51.512135,On or near LLOYD'S AVENUE,E01032739,City of London 001F,Offender given a drugs possession warning
dc679d23dfdf873b0cfa09a25e7a4b31793ee56c07427d67f9ac21f113dbc710,2017-12,City of London Police,City of London Police,-0.087549,51.514276,On or near BARTHOLOMEW LANE,E01032739,City of London 001F,Investigation complete; no suspect identified
f8c635c11531bddbfafd565bc3186ac7405cc88be6e8fd8cc9fdebbcc9e1f63e,2017-12,City of London Police,City of London Police,-0.105134,51.513869,On or near BRIDE LANE,E01032740,City of London 001G,Investigation complete; no suspect identified
07aa75dbdfbd32657571d11a0dd3d48e396949fabb7d582f2de5e1811678871d,2017-12,City of London Police,City of London Police,-0.080376,51.517244,On or near Supermarket,E01032739,City of London 001F,Investigation complete; no suspect identified
d0070d42837654e93c22075995c0b1f8c4f7f9a96841060dff80949a525ad9f7,2017-12,City of London Police,City of London Police,-0.099716,51.511435,On or near WHITE LION HILL,E01032739,City of London 001F,Investigation complete; no suspect identified
fdedde50e8166d164bc69f2ef8bf73ae32a2d362a09e60cf29b00684d4138d78,2017-12,City of London Police,City of London Police,-0.103597,51.519312,On or near Nightclub,E01002724,Islington 022D,Investigation complete; no suspect identified
744bac7832ff21e6128468cd9e7754778cf65e5d98e505566ef1d26c1be77f84,2017-12,City of London Police,City of London Police,-0.081620,51.516814,On or near ALDERMAN'S WALK,E01032739,City of London 001F,Investigation complete; no suspect identified
395f57116194fd06450bd412d8c42b1262bdb91fd96c67fbdec829cccf4bc326,2017-12,City of London Police,City of London Police,-0.086272,51.513114,On or near BIRCHIN LANE,E01032739,City of London 001F,Suspect charged
61fac5d6168b984cb02dc3d6c7d8a4665063fdcf80074ddbffec97756b1f38e1,2017-12,City of London Police,City of London Police,-0.091732,51.521080,On or near Nightclub,E01002704,Islington 023D,Investigation complete; no suspect identified
39b4f0ef741d3d868a8958b6d1f4a59ffedee204b1b44699bd8a81364fdef504,2017-12,City of London Police,City of London Police,-0.082965,51.516351,On or near WORMWOOD STREET,E01032739,City of London 001F,Investigation complete; no suspect identified
bd90a204db7e331dd763de2fc66de8c10d6bfe2e226614c776ffa0313dfc46c8,2017-12,City of London Police,City of London Police,-0.086175,51.510945,On or near GRACECHURCH STREET,E01032739,City of London 001F,Investigation complete; no suspect identified
f3fbe9eb570ec1dd44e78962395334bfa7750064a078dedf5167edc582b7c784,2017-12,City of London Police,City of London Police,-0.088621,51.518619,On or near MOORFIELDS,E01000002,City of London 001B,Investigation complete; no suspect identified
7649f710a869245b3b8c935782ba7a00a7b612c41b34c51693e2234f26fe6aaf,2017-12,City of London Police,City of London Police,-0.092077,51.512147,On or near TOWER ROYAL,E01032739,City of London 001F,Offender given a caution
95d55ffb178b0698a6a1cb105d70543854effe9c0b41e5ff8385ba19f6baa7f6,2017-12,City of London Police,City of London Police,-0.089451,51.517032,On or near Bus/Coach Station,E01032739,City of London 001F,Suspect charged
b1a2b0edc2eaaf05309bc5be47ea550f39b0a6f1b71a3855ab00c8e913667bd0,2017-12,City of London Police,City of London Police,-0.092517,51.520580,On or near WHITECROSS STREET,E01000002,City of London 001B,Investigation complete; no suspect identified
4b982efb876eb279ca4b2d8ea38d3d83203bbf779e839824332d0998cd8f793e,2017-12,City of London Police,City of London Police,-0.087118,51.513199,On or near Nightclub,E01032739,City of London 001F,Investigation complete; no suspect identified
8677c4d67a10e2d841655be1fe910ee5827987fc3bfe5a6b1846b2e0647d7a40,2017-12,City of London Police,City of London Police,-0.084983,51.510494,On or near Supermarket,E01032739,City of London 001F,Unable to prosecute suspect
5dea8b31b716eb6d1ed80d715f947b5b7518c7453447465ed5c02ebdc8a98790,2017-12,City of London Police,City of London Police,-0.100632,51.515739,On or near WARWICK LANE,E01032739,City of London 001F,Offender given a caution
5589250d34d62e044ad3947abcbd3f5a63ea1bd4fc7f10333082098125934c61,2017-12,City of London Police,City of London Police,,,No location,,,Investigation complete; no suspect identified
349767ea966608c07fbdebbf06269d3bb7bfcaf8a17f447b9609cb5d5be81326,2017-12,City of London Police,City of London Police,-0.102741,51.513885,On or near PAGEANTMASTER COURT,E01032740,City of London 001G,Investigation complete; no suspect identified
8bb1774b0c7298c8e384d5f23f012a32c48e264bbc55f71d73af306984e60978,2017-12,City of London Police,City of London Police,-0.080376,51.517244,On or near Supermarket,E01032739,City of London 001F,Local resolution
eace092c295f6e5cba521124e36765d65e135edc213eb285821c57b62e561a1b,2017-12,City of London Police,City of London Police,-0.084967,51.512598,On or near BELL INN YARD,E01032739,City of London 001F,Offender given a caution
209560a6fc45ff9c40d99afb418727778f7e962f339ef9b0fb8080978887f0e4,2017-12,City of London Police,City of London Police,-0.104281,51.516032,On or near BEAR ALLEY,E01032740,City of London 001G,Investigation complete; no suspect identified
5c789610ae0284a8a5b0be4dc166687ea435a7ef3e29150fe3bb4298898fd899,2017-12,City of London Police,City of London Police,-0.104300,51.511761,On or near Pedestrian Subway,E01032740,City of London 001G,Investigation complete; no suspect identified
f2006ebabd4fecabf97503100d017e9f1ba0ba93e4210c4cc8fd34e664280e07,2017-12,City of London Police,City of London Police,-0.092723,51.517032,On or near ALDERMANBURY SQUARE,E01000002,City of London 001B,Investigation complete; no suspect identified
a868efeb0bcc98c4b269772bbb6ad35360c2860316a468c1fce30a09405ab4d1,2017-12,City of London Police,City of London Police,-0.092625,51.513865,On or near CHEAPSIDE,E01032739,City of London 001F,Investigation complete; no suspect identified
2fd0cfe206248702f790a53e9c714f598e4cae8b9047cb53d8b4d22c2e989105,2017-12,City of London Police,City of London Police,-0.079786,51.517576,On or near Police Station,E01032739,City of London 001F,Investigation complete; no suspect identified
36b8669939eabd2966f618c1c223728ffd4dee45ac95596a3aa280f432583a13,2017-12,City of London Police,City of London Police,-0.077578,51.510795,On or near PEPYS STREET,E01032739,City of London 001F,Investigation complete; no suspect identified
5646a072ae655328336d626b102531e030dfc2a99b873cad61635c291f654d63,2017-12,City of London Police,City of London Police,-0.074958,51.514151,On or near ALDGATE HIGH STREET,E01000005,City of London 001E,Investigation complete; no suspect identified
b1edbf8387b676f3b1ab7ae08bbf2f2ecd51801d91a162b689a3155dc0573f2a,2017-12,City of London Police,City of London Police,-0.094468,51.521853,On or near GOLDEN LANE,E01000003,City of London 001C,Investigation complete; no suspect identified
f9643b88aacb54c35031219388154a0b1247afbb12d65b05e77e3041d1b68347,2017-12,City of London Police,City of London Police,-0.084618,51.512682,On or near GRACECHURCH STREET,E01032739,City of London 001F,Investigation complete; no suspect identified
bb40b91bd3d6b34b886757940f35812cfe9d266f6ed662c17d330ef8af9c01e8,2017-12,City of London Police,City of London Police,-0.092719,51.512652,On or near QUEEN VICTORIA STREET,E01032739,City of London 001F,Investigation complete; no suspect identified
95d55ffb178b0698a6a1cb105d70543854effe9c0b41e5ff8385ba19f6baa7f6,2017-12,City of London Police,City of London Police,-0.089451,51.517032,On or near Bus/Coach Station,E01032739,City of London 001F,Suspect charged
7b3db86175394db4908c56e62bd7b6ed763eaabb4264505071379d1d2bda7a73,2017-12,City of London Police,City of London Police,-0.108231,51.513928,On or near PLEYDELL STREET,E01032740,City of London 001G,Investigation complete; no suspect identified
d81c51ae9a5b24e82f439fb58f11ff135a506e5d20e99a959b56f30eb621ad9b,2017-12,City of London Police,City of London Police,-0.093057,51.520085,On or near Theatre/Concert Hall,E01000002,City of London 001B,Investigation complete; no suspect identified
52eb490bb813ef2dfa9bf936f70929e898164068762f5791ce9027446cfea4cc,2017-12,City of London Police,City of London Police,-0.100884,51.516966,On or near Hospital,E01032740,City of London 001G,Investigation complete; no suspect identified
2d9c587d4a92c44d8d39cac8e85a7cf8c35f7e656c95b7b2ed79e122c817e29c,2017-12,City of London Police,City of London Police,-0.104300,51.511761,On or near Pedestrian Subway,E01032740,City of London 001G,Investigation complete; no suspect identified
de7a78f823d5a13ed2d5c562393305cea99c0edf19ab970610417a893d2fea18,2017-12,City of London Police,City of London Police,-0.082458,51.517431,On or near LIVERPOOL STREET,E01032739,City of London 001F,Investigation complete; no suspect identified
5b1d5d79e2596c4edcc3847fea9fa7125a04c8b6e33f17eaf5d9b847298a6ef8,2017-12,City of London Police,City of London Police,-0.080376,51.517244,On or near Supermarket,E01032739,City of London 001F,Local resolution
cf59c5712b3be7c01846de1023f428e2cd373c3a2b5268f883607aff1d6e582e,2017-12,City of London Police,City of London Police,-0.086272,51.513114,On or near BIRCHIN LANE,E01032739,City of London 001F,Offender given a drugs possession warning
ae91e4330830327825a007a91ddcd570a5e672c86f96fb2bc8c021249211562e,2017-12,City of London Police,City of London Police,-0.091732,51.521080,On or near Nightclub,E01002704,Islington 023D,Investigation complete; no suspect identified
6cf00ffbbef67d06bbe70524402fc88c80f74ff3fb752a7b95adab9acb6d7c60,2017-12,City of London Police,City of London Police,-0.082913,51.513463,On or near LEADENHALL STREET,E01032739,City of London 001F,Investigation complete; no suspect identified
ab2498658998f25f80d31fadbc28ba74494624bf597e5da1de8e1d0d9600851c,2017-12,City of London Police,City of London Police,-0.087760,51.517149,On or near LONDON WALL,E01032739,City of London 001F,Investigation complete; no suspect identified
36b1610b6fdc539b34c8dd4f5206855970a5f76ab88492f044461ede9ba2f8f8,2017-12,City of London Police,City of London Police,-0.088766,51.519620,On or near ROPEMAKER STREET,E01002704,Islington 023D,Investigation complete; no suspect identified
bc30987384e3dd24e921aa865648f774e710f08ab7d02cdfc0fa0abaecc0af76,2017-12,City of London Police,City of London Police,-0.108965,51.516386,On or near PLOUGH PLACE,E01032740,City of London 001G,Formal action is not in the public interest
c7caf088292321db564433c9f685f11e4fc043aeae466ba043af98ebc89c9ac6,2017-12,City of London Police,City of London Police,-0.106680,51.515882,On or near Parking Area,E01032740,City of London 001G,Investigation complete; no suspect identified
bcb34f9bb46cc08ab8a210396c9b1a1fce4bedd0272fe3cbb62e349e29af70e7,2017-12,City of London Police,City of London Police,-0.082748,51.512597,On or near LEADENHALL PLACE,E01032739,City of London 001F,Investigation complete; no suspect identified
157c1de3fd5e29a8c08db1319a4908f97ffb7b51f17d8ab8dbc895ed738e93be,2017-12,City of London Police,City of London Police,-0.086976,51.519015,On or near SOUTH PLACE,E01002704,Islington 023D,Investigation complete; no suspect identified
78c1eb8d8ffc6a6f78d1523b7b700074427b05c49afb56cb0793f8d81411940f,2017-12,City of London Police,City of London Police,-0.078308,51.518091,On or near WIDEGATE STREET,E01032739,City of London 001F,Investigation complete; no suspect identified
5a0ebb13d324a29220c498ed9c30b49da34ca2ae9150bbbdbfa7a60847458373,2017-12,City of London Police,City of London Police,-0.097562,51.518864,On or near Parking Area,E01000001,City of London 001A,Investigation complete; no suspect identified
cfebc6f67cbf68f7e74f369298d40b5c4dbaaf2b61a1023ecc73d0d0fb6078ab,2017-12,City of London Police,City of London Police,-0.095860,51.521660,On or near FANN STREET,E01000003,City of London 001C,Investigation complete; no suspect identified
f9e99ba48a9b0ace23226e5ae4a2bd410099c43c96eb9b08e1ed52a19c617e83,2017-12,City of London Police,City of London Police,-0.079875,51.510995,On or near HART STREET,E01032739,City of London 001F,Investigation complete; no suspect identified
0018f26a8c8cf840d4b81ba84547c162265c5bd3c36ef73ea0493ced0109b63c,2017-12,City of London Police,City of London Police,-0.093057,51.520085,On or near Theatre/Concert Hall,E01000002,City of London 001B,Investigation complete; no suspect identified
88acacd1c69f6d2a493f722429db1f9504f867b20ac147f2a0fc924b977932df,2017-12,City of London Police,City of London Police,-0.081832,51.514507,On or near UNDERSHAFT,E01032739,City of London 001F,Investigation complete; no suspect identified
2756e530464a2a8f75223277f1c368b4edb4f1bee4898d8841c60906e3694e3b,2017-12,City of London Police,City of London Police,-0.091823,51.514418,On or near IRONMONGER LANE,E01032739,City of London 001F,Investigation complete; no suspect identified
31543c057fabce1943113e61083f1465a5eb128d84f3a010b8d23b7d76c6a663,2017-12,City of London Police,City of London Police,-0.150842,51.466003,On or near ABBERLEY MEWS,E01004591,Wandsworth 005C,Investigation complete; no suspect identified
3c7755d27f4d867ffecbad701046082af0af0c85717e2e6d25f0e3c8770c8d02,2017-12,City of London Police,City of London Police,-0.080146,51.514848,On or near BURY COURT,E01032739,City of London 001F,Investigation complete; no suspect identified
77390170fd650e2d750b8c21ffed836705d2c8a06cc42ca6620e13a7a0618d4f,2017-12,City of London Police,City of London Police,-0.094546,51.520658,On or near BEECH STREET,E01000002,City of London 001B,Investigation complete; no suspect identified
c5f8845b1355cefd90978b3ae1869af372d26adfd862a2169abbeb9e8e96b656,2017-12,City of London Police,City of London Police,-0.080244,51.511828,On or near MARK LANE,E01032739,City of London 001F,Investigation complete; no suspect identified
117b3629c941bb9842b83555f8052d17237eacdd3c382ad62df30a72cb08cf0b,2017-12,City of London Police,City of London Police,-0.083587,51.512171,On or near LIME STREET PASSAGE,E01032739,City of London 001F,Investigation complete; no suspect identified
adc4f40f37a566fd87b074fb458d1480ebf85ecf72aa64f9dd551fe4901ec3d4,2017-12,City of London Police,City of London Police,-0.079011,51.509614,On or near Pedestrian Subway,E01032739,City of London 001F,Investigation complete; no suspect identified
461781e8b9c700a60a48cefe89fd8115f3e1c1d2ff5cdb6d00c824e9f19dfb07,2017-12,City of London Police,City of London Police,-0.093057,51.520085,On or near Theatre/Concert Hall,E01000002,City of London 001B,Investigation complete; no suspect identified
e87081759fcdec71ded2dc2a00931a69ace105233e855b4fa59c311a955d0ed5,2017-12,City of London Police,City of London Police,-0.078591,51.520290,On or near SPITAL YARD,E01004307,Tower Hamlets 015B,Investigation complete; no suspect identified
59f79bb6639a6b8322b23dbea39e38d172dc7a28ddc989242f687605132af448,2017-12,City of London Police,City of London Police,-0.097645,51.515142,On or near ST MARTIN'S LE GRAND,E01032739,City of London 001F,Investigation complete; no suspect identified
dc9e2af4e1f286d906d490b479717776c0c31e395d9689098d915fb5e3e51b98,2017-12,City of London Police,City of London Police,-0.085669,51.515100,On or near AUSTIN FRIARS,E01032739,City of London 001F,Investigation complete; no suspect identified
0cc862b1d11f0ba68e7cbc1bdb7058103a0ac3c3fbb7f551cd5205183b103922,2017-12,City of London Police,City of London Police,-0.096511,51.511922,On or near QUEEN VICTORIA STREET,E01032739,City of London 001F,Investigation complete; no suspect identified
94a7cf232a119c15fb63010a7884ad0a829d8dbf298df5292e0c58ef1362e8b8,2017-12,City of London Police,City of London Police,-0.077392,51.516233,On or near HARROW PLACE,E01000005,City of London 001E,Investigation complete; no suspect identified
118711f4a202e2d46337ed5396adae4a9c51eb8f6e809e6d798cc93163cb8c33,2017-12,City of London Police,City of London Police,-0.089451,51.517032,On or near Bus/Coach Station,E01032739,City of London 001F,Offender given a caution
41869efb757cc0e5e74c0f10c24d2e3923fe5fa516e9c2883cc26388cb9d40a2,2017-12,City of London Police,City of London Police,-0.101345,51.518709,On or near Parking Area,E01032740,City of London 001G,Investigation complete; no suspect identified
8ae12780419f2c9050aa1ea5a0219dafa3f0991200e0a79ff60694d2bcd5b39a,2017-12,City of London Police,City of London Police,-0.079011,51.509614,On or near Pedestrian Subway,E01032739,City of London 001F,Investigation complete; no suspect identified
c62bcfdb365d213a5dc4579e76a53aacb530f86159f6f1b1121d61cbb728c1e7,2017-12,City of London Police,City of London Police,-0.082913,51.513463,On or near LEADENHALL STREET,E01032739,City of London 001F,Investigation complete; no suspect identified
d9e7815aa40262ed02de7040299663622f9ac93b054daad302da637354a7b136,2017-12,City of London Police,City of London Police,-0.086272,51.513114,On or near BIRCHIN LANE,E01032739,City of London 001F,Investigation complete; no suspect identified
2ed45a4aaf158b9b91afaf189fdd6faddf220f39a33c2e814fb6a9e65df30ec1,2017-12,City of London Police,City of London Police,-0.095015,51.513220,On or near WATLING STREET,E01032739,City of London 001F,Offender given a caution
4283d99cbb625b7ab6c67f9553eab7abf550261b904afc0ac9c9c3bcf1ce016d,2017-12,City of London Police,City of London Police,-0.084967,51.512598,On or near BELL INN YARD,E01032739,City of London 001F,Investigation complete; no suspect identified
1ed2febcecca45b99522e41fd764d336ee8490e80ea8aae52de7a8e3093725cf,2017-12,City of London Police,City of London Police,-0.078665,51.509950,On or near MUSCOVY STREET,E01032739,City of London 001F,Investigation complete; no suspect identified
5879dbf4f274eb5ce405dca8d9648f7ae563a536c7ba8e448316927c1e656cba,2017-12,City of London Police,City of London Police,-0.088843,51.509532,On or near Parking Area,E01032739,City of London 001F,Investigation complete; no suspect identified
730aadf1c6d60ce58ee5b5816dd28605db680b7ab3d1b41ef797538b4a68e20a,2017-12,City of London Police,City of London Police,,,No location,,,Investigation complete; no suspect identified
358304f3e142a05549b651cafd1d646d39de696f8bca5c1e62ace00207e3be27,2017-12,City of London Police,City of London Police,-0.082512,51.512387,On or near LIME STREET,E01032739,City of London 001F,Investigation complete; no suspect identified
0b796d2b4f2030515918d2614200849a344fd370505c1a4b6570989a3447d460,2017-12,City of London Police,City of London Police,-0.099907,51.512031,On or near QUEEN VICTORIA STREET,E01032739,City of London 001F,Investigation complete; no suspect identified
08968ed7c2e5f1ab105a24b86800b1e0f21bc7adc59a7e0744d3360426206833,2017-12,City of London Police,City of London Police,-0.091084,51.513830,On or near OLD JEWRY,E01032739,City of London 001F,Investigation complete; no suspect identified
eaf4d66b66beab2b9588e279fe27bb0b2f6dd5a058a456612902ce35f6324a5a,2017-12,City of London Police,City of London Police,-0.086166,51.510828,On or near EASTCHEAP,E01032739,City of London 001F,Investigation complete; no suspect identified
f7e1bd4ed2afcf655d43b37d1c5ed0585b19421504bb9407bcdfe2a7979f83ef,2017-12,City of London Police,City of London Police,-0.100179,51.514158,On or near Shopping Area,E01032739,City of London 001F,Investigation complete; no suspect identified
89f73dd9da95bcb75a20f1aa2c8190472ec37ae91c915d34dea59cb48b0b0141,2017-12,City of London Police,City of London Police,-0.088727,51.513333,On or near Pedestrian Subway,E01032739,City of London 001F,Unable to prosecute suspect
3ad9ba877fb50cf664a9479bc3c0d2845e8d47ac0a16485497430aa1ac47274a,2017-12,City of London Police,City of London Police,-0.084967,51.512598,On or near BELL INN YARD,E01032739,City of London 001F,Investigation complete; no suspect identified
ea81fd52f989bf48e07c6556e48346bc5ddef73b0eb1a66d8ce1b92510be6312,2017-12,City of London Police,City of London Police,-0.078484,51.517680,On or near CATHERINE WHEEL ALLEY,E01032739,City of London 001F,Investigation complete; no suspect identified
ce51fc686a7a1ec67ce648ca767debd1fa0473f00cc44a67777fcbe4892045ce,2017-12,City of London Police,City of London Police,-0.084967,51.512598,On or near BELL INN YARD,E01032739,City of London 001F,Offender given a caution
dc730bcec6dcf599b0dd1972ab4e5b2c20002a9e633baf57f0f165e6c0ebd790,2017-12,City of London Police,City of London Police,-0.089218,51.516057,On or near MOORGATE,E01032739,City of London 001F,Investigation complete; no suspect identified
3c1740251ded29bfaa16626ddbc8a56a2e140512933a35ff8fcc6addbfd4f1eb,2017-12,City of London Police,City of London Police,-0.081620,51.516814,On or near ALDERMAN'S WALK,E01032739,City of London 001F,Investigation complete; no suspect identified
2ee7a58a02c2dc72c00eb670d3de0db23cea7afcc8bf79ed54ed9b7c0b68a1da,2017-12,City of London Police,City of London Police,-0.077392,51.516233,On or near HARROW PLACE,E01000005,City of London 001E,Investigation complete; no suspect identified
d5150d25fac36dece2bd391ff2e10d3720784bed64fb0013ad9eb50dedb3bd8d,2017-12,City of London Police,City of London Police,-0.105900,51.516966,On or near PLUMTREE COURT,E01032740,City of London 001G,Unable to prosecute suspect
852f2556b2116020e31a1f6e4e57928dd6de6cbe1c3ff5084f96f746b9928b5f,2017-12,City of London Police,City of London Police,-0.109709,51.517909,On or near HIGH HOLBORN,E01032740,City of London 001G,Investigation complete; no suspect identified
91a9e48b93d46782aef5c29fd91e010b5443edfbc1ada06a6d3555b75305b8b9,2017-12,City of London Police,City of London Police,-0.085669,51.515100,On or near AUSTIN FRIARS,E01032739,City of London 001F,Investigation complete; no suspect identified
f4ae99e2502adb517d61d51e14d21d25e3b42265ceff74c4f456a7f1449d0c08,2017-12,City of London Police,City of London Police,-0.088766,51.519620,On or near ROPEMAKER STREET,E01002704,Islington 023D,Investigation complete; no suspect identified
1820f04addd4d9ab86d1acf70bca72e6c88fad55a8f8fa2c23db6968ed4d485a,2017-12,City of London Police,City of London Police,-0.112939,51.518231,On or near SOUTHAMPTON BUILDINGS,E01032740,City of London 001G,Investigation complete; no suspect identified
33faa4be3fd51cdb206fe6259701bcf9d177b78209036137dbab5ea353909656,2017-12,City of London Police,City of London Police,-0.101452,51.512650,On or near ST ANDREW'S HILL,E01032739,City of London 001F,Investigation complete; no suspect identified
993d98bd598501ef3a84cbbd6a48bc019681a093a1446c0ae73d040f63e2c104,2017-12,City of London Police,City of London Police,-0.086416,51.516191,On or near THROGMORTON AVENUE,E01032739,City of London 001F,Investigation complete; no suspect identified
e3bc8cb4ef2bac356e7b21ce4344eb5dc09f67194a879593eaa468b2da67d3db,2017-12,City of London Police,City of London Police,-0.079786,51.517576,On or near Police Station,E01032739,City of London 001F,Investigation complete; no suspect identified
7d3e88005f75af7c8cf26ed07456e1ad278ca9b10411cfecce08e382b551b174,2017-12,City of London Police,City of London Police,-0.097736,51.520206,On or near Conference/Exhibition Centre,E01000001,City of London 001A,Investigation complete; no suspect identified
e1fbb4b7045004209750cada2ad27a54349b0ac9dbe5fec0d3b9150618370aff,2017-12,City of London Police,City of London Police,-0.088473,51.518374,On or near MOOR PLACE,E01032739,City of London 001F,Investigation complete; no suspect identified
8da20559f7299abbeb48853dd93417725f8e1375b6359dd1f29d29d114a2903d,2017-12,City of London Police,City of London Police,-0.085669,51.515100,On or near AUSTIN FRIARS,E01032739,City of London 001F,Investigation complete; no suspect identified
4e06a8c4f9b3b009a5c3f548ba785d0ffaaafb75493dccc307e02af8182f7818,2017-12,City of London Police,City of London Police,-0.080389,51.512820,On or near BILLITER STREET,E01032739,City of London 001F,Investigation complete; no suspect identified
b5f4f62d77f8987355035c69d4d67afc91e6ae2abdaae012f7f87fa0ea1d502f,2017-12,City of London Police,City of London Police,-0.094206,51.511210,On or near LITTLE TRINITY LANE,E01032739,City of London 001F,Investigation complete; no suspect identified
587ae2d5d08191b7e0278694ff0c2287c648b9eaa87848ee8a799db68e541b79,2017-12,City of London Police,City of London Police,-0.098534,51.520786,On or near Parking Area,E01033490,Islington 022H,Investigation complete; no suspect identified
686a5adc669052877875465440912f7384ffad6d5c862865735b55a2566210a1,2017-12,City of London Police,City of London Police,-0.081620,51.516814,On or near ALDERMAN'S WALK,E01032739,City of London 001F,Unable to prosecute suspect
8a21f23bac9080f2f4185344f3bdbd161d17ad0372d37a68a5b0d5d6bf280690,2017-12,City of London Police,City of London Police,-0.091732,51.521080,On or near Nightclub,E01002704,Islington 023D,Investigation complete; no suspect identified
0ec0440604f4ee6f0fcb74887914ec2383ac1826b1e6a3bb038ee39b4d117b77,2017-12,City of London Police,City of London Police,-0.082628,51.518189,On or near SUN STREET PASSAGE,E01032739,City of London 001F,Investigation complete; no suspect identified
c8578f507a31d39c7b025d771cbd9132b2a0ad2ca079c021bab26ac3d16c5517,2017-12,City of London Police,City of London Police,-0.079287,51.511956,On or near FENCHURCH PLACE,E01032739,City of London 001F,Formal action is not in the public interest
add4952f8ae9ca15ce511f02e713013c40018fc950e1e762e0a222f93efbe1a1,2017-12,City of London Police,City of London Police,-0.109709,51.517909,On or near HIGH HOLBORN,E01032740,City of London 001G,Investigation complete; no suspect identified
5ce7933ab9442ab2d8270bcfb05c1966782a50330e1c82926770e96c65f980ae,2017-12,City of London Police,City of London Police,-0.100202,51.513268,On or near DEAN'S COURT,E01032739,City of London 001F,Investigation complete; no suspect identified
77e38192dbcbaca39554a5c0e0cc3442a8a04a85b95faf4ffe74b7ca9d366c6a,2017-12,City of London Police,City of London Police,,,No location,,,Suspect charged
a5e1aa79b18ff703b96a150edaf95d7ac8940eb4645bd9d0a88ff16a47cdd4ee,2017-12,City of London Police,City of London Police,-0.079080,51.519615,On or near BISHOPSGATE,E01004307,Tower Hamlets 015B,Unable to prosecute suspect
23c2fac00116f48ba4da4570be310fbb100a444afafc4c92c7fb2c813c2f0fac,2017-12,City of London Police,City of London Police,-0.094468,51.521853,On or near GOLDEN LANE,E01000003,City of London 001C,Investigation complete; no suspect identified
26f7cbb83f6f6151a008eb57b67b0aa14d2a78c690357b4959045c353edd9ac9,2017-12,City of London Police,City of London Police,-0.080322,51.510651,On or near MARK LANE,E01032739,City of London 001F,Investigation complete; no suspect identified
746f0553a85d2c823fc80edc32f1eae882dcfaee7977afddd72766ef09d9444f,2017-12,City of London Police,City of London Police,-0.093057,51.520085,On or near Theatre/Concert Hall,E01000002,City of London 001B,Investigation complete; no suspect identified
a907621c23c83028a590f73003d1474ac22ad51ef80a6bb2e5562b22b18a509c,2017-12,City of London Police,City of London Police,-0.076095,51.512462,On or near VINE STREET,E01000005,City of London 001E,Investigation complete; no suspect identified
a621a320c15cdc8c8f2820fa63077d22a4e318067c214e58d030dbcd202bce72,2017-12,City of London Police,City of London Police,-0.111132,51.512420,On or near MIDDLE TEMPLE LANE,E01032740,City of London 001G,Investigation complete; no suspect identified
c8c1d81156cdcae11b114991be7dfc6511272300e634b3c0c8fb56fa3a22fd7c,2017-12,City of London Police,City of London Police,-0.100179,51.514158,On or near Shopping Area,E01032739,City of London 001F,Investigation complete; no suspect identified
bb40815f9f609f8d840e6c0bc798975755a3467624d2731e5a6dd992775a682f,2017-12,City of London Police,City of London Police,-0.082512,51.512387,On or near LIME STREET,E01032739,City of London 001F,Investigation complete; no suspect identified
119f3ea3333dd401f3905ab125e6760335eafa95f978bc16e1c3549ca6e0bacf,2017-12,City of London Police,City of London Police,-0.088203,51.518262,On or near MOORGATE,E01032739,City of London 001F,Investigation complete; no suspect identified
66bc8ab128c7c0d9101d19dac82e7d1e8b9547673a3d598bf4a1429e988531c9,2017-12,City of London Police,City of London Police,-0.094468,51.521853,On or near GOLDEN LANE,E01000003,City of London 001C,Investigation complete; no suspect identified
f4939c2d840a19002cf6ba2570d19753a268cdc7a5101f44c2bba32e9aee435e,2017-12,City of London Police,City of London Police,-0.093057,51.520085,On or near Theatre/Concert Hall,E01000002,City of London 001B,Investigation complete; no suspect identified
9dcb40a9a1eeb65c8bfbfdefe4b06b2c15d8ec1ac16a65ba05b0def34a8d4c33,2017-12,City of London Police,City of London Police,-0.093933,51.519812,On or near Conference/Exhibition Centre,E01000002,City of London 001B,Investigation complete; no suspect identified
0fa5ff4db6fd455f1d21a1ba3dafb1d51288baea2120d2f704a8433417ee3643,2017-12,City of London Police,City of London Police,-0.081620,51.516814,On or near ALDERMAN'S WALK,E01032739,City of London 001F,Investigation complete; no suspect identified
7f2d76c852fc12d4b23bc4c3f7d7da900d32b621e18f9e76d160746ddac9d55f,2017-12,City of London Police,City of London Police,-0.074901,51.506255,On or near A100,E01004293,Tower Hamlets 027B,Investigation complete; no suspect identified
aead33eb179ca17776a7965f1b7e8ad093e7c22c4b3628f7866a62e92aa3294d,2017-12,City of London Police,City of London Police,-0.077694,51.513171,On or near ALDGATE,E01032739,City of London 001F,Suspect charged
fc9794a9e51feeb0698cca72cd51c8d446c14460174bbaebdb57a2a72828c2be,2017-12,City of London Police,City of London Police,,,No location,,,Offender given suspended prison sentence
25be972d934bba21b3629d720b3761e1ac0897982221eebe42200eb3b981569f,2017-12,City of London Police,City of London Police,-0.076853,51.511916,On or near Nightclub,E01032739,City of London 001F,Offender given suspended prison sentence
c3ccffe4f43d820dacc0aa17f71043f76635a7a642a2299481bb1ba7bcf7be20,2017-12,City of London Police,City of London Police,-0.076853,51.511916,On or near Nightclub,E01032739,City of London 001F,Offender fined
f892c218f14113d19c698efdf755090fa3e095b0c6c7aae28dec3fbb74eba721,2017-12,City of London Police,City of London Police,-0.080665,51.509344,On or near Pedestrian Subway,E01032739,City of London 001F,Offender given suspended prison sentence
e1cc37ba0a9d6aecfa66cccdccb2cacecdf530ac0d98b165ef1133d9129baf70,2017-12,City of London Police,City of London Police,-0.076853,51.511916,On or near Nightclub,E01032739,City of London 001F,Offender given suspended prison sentence
4d6edf8ea542a291045dd172cca25680dd62562c320945bf221d7f66e3947824,2017-12,City of London Police,City of London Police,-0.094468,51.521853,On or near GOLDEN LANE,E01000003,City of London 001C,Offender given suspended prison sentence
b48ff0634c8875268ad4cc82094df4334a2f11bf9094a401f21ab16f8826444f,2017-12,City of London Police,City of London Police,,,No location,,,Offender fined
2464f34e12f85fd1cb281771f4a7b2702a299768bf6b51f890b0f49c35f72fe4,2017-12,City of London Police,City of London Police,-0.084967,51.512598,On or near BELL INN YARD,E01032739,City of London 001F,Offender sent to prison
0f9f17ac0cbc4245839bbe19dcfee382255d5455700cd6b40ea8ef36d98a524b,2017-12,City of London Police,City of London Police,-0.081620,51.516814,On or near ALDERMAN'S WALK,E01032739,City of London 001F,Offender fined
3bff439e5d08ff58efc69a770cb556b8e96ef5695e50745de871e16b69a4ac59,2017-12,City of London Police,City of London Police,-0.108231,51.513928,On or near PLEYDELL STREET,E01032740,City of London 001G,Offender fined
5729d7300e6088f64a232a70c8ca87f7b8f873f3af35677cf14e64975d995787,2017-12,City of London Police,City of London Police,-0.084967,51.512598,On or near BELL INN YARD,E01032739,City of London 001F,Offender given community sentence
e2112a90cf3a9ae00b1dc627b0639890610881295a2dd419b96c2dc3b7f098e4,2017-12,City of London Police,City of London Police,-0.077578,51.510795,On or near PEPYS STREET,E01032739,City of London 001F,Offender fined
395f57116194fd06450bd412d8c42b1262bdb91fd96c67fbdec829cccf4bc326,2017-12,City of London Police,City of London Police,-0.086272,51.513114,On or near BIRCHIN LANE,E01032739,City of London 001F,Offender given community sentence
aead33eb179ca17776a7965f1b7e8ad093e7c22c4b3628f7866a62e92aa3294d,2017-12,City of London Police,City of London Police,-0.077694,51.513171,On or near ALDGATE,E01032739,City of London 001F,Offender given conditional discharge
5c263a8819acb3539e2ca1c49ab499e4e5033a87160c60454692eb0329cf8910,2017-12,City of London Police,City of London Police,-0.091732,51.521080,On or near Nightclub,E01002704,Islington 023D,Offender deprived of property
9bb4668996cd0b48a163d04750d85226abbb7334eebac33df9d2baf0d20f4b72,2017-12,City of London Police,City of London Police,-0.078591,51.520290,On or near SPITAL YARD,E01004307,Tower Hamlets 015B,Defendant found not guilty
d0d44731bd19324ff2911126b70eb77ca39d4740f10f5c764caccecbfe0507f9,2017-12,City of London Police,City of London Police,-0.088225,51.514656,On or near LOTHBURY,E01032739,City of London 001F,Offender sent to prison
28dd3c1c4541ed43d2f88be5a5e9970f668754a78136727f8bfafb7933fef4c8,2017-12,City of London Police,City of London Police,-0.105157,51.513330,On or near Theatre/Concert Hall,E01032740,City of London 001G,Investigation complete; no suspect identified
c1f97a7b7d50be7c8835d3030ab86da086a16a84e5c14b46b822ec410a46e5cd,2017-12,City of London Police,City of London Police,-0.095346,51.514970,On or near GOLDSMITH STREET,E01032739,City of London 001F,Investigation complete; no suspect identified
66d2a962c90e76718fa9971ccafac2c3c6f4028d4e873d8889597892b28d9164,2017-12,City of London Police,City of London Police,-0.080782,51.514804,On or near ST MARY AXE,E01032739,City of London 001F,Investigation complete; no suspect identified
90706f1169e5ffffaa35957690de0ca315e0202863f38ca22d972381ce88f14d,2017-12,City of London Police,City of London Police,-0.097053,51.518262,On or near ALDERSGATE STREET,E01000001,City of London 001A,Investigation complete; no suspect identified
9ddcaef16487bcf65acb516665fae38acdcc13698d3e0efd79bc8db91662e2b7,2017-12,City of London Police,City of London Police,-0.093057,51.520085,On or near Theatre/Concert Hall,E01000002,City of London 001B,Investigation complete; no suspect identified
e71ec2011a7ee7e381bf85cd613985e68ccd29f23d2cff83bce17135a11a3178,2017-12,City of London Police,City of London Police,-0.084566,51.517690,On or near BLOMFIELD STREET,E01032739,City of London 001F,Investigation complete; no suspect identified
b74bed205d0ac2d87a881e7ac0f7704e1fc6cf221bc462438b6e2d7e57585be0,2017-12,City of London Police,City of London Police,-0.087118,51.513199,On or near Nightclub,E01032739,City of London 001F,Investigation complete; no suspect identified
14f95aa6286af9f172cd6287c1a900bd5d362c1d7f9fa455d0a15016f881dc6c,2017-12,City of London Police,City of London Police,-0.100632,51.515739,On or near WARWICK LANE,E01032739,City of London 001F,Investigation complete; no suspect identified
6963cfe2ff88566ec2979a1984a5f5b5a3c2d0cbaad30a9aee904fe8e42b949e,2017-12,City of London Police,City of London Police,-0.092719,51.512652,On or near QUEEN VICTORIA STREET,E01032739,City of London 001F,Investigation complete; no suspect identified
a5fe0cbf9309ee64b6af9aa45d3d22bf08a3f75443c7973c461dc8456eb96231,2017-12,City of London Police,City of London Police,-0.100179,51.514158,On or near Shopping Area,E01032739,City of London 001F,Formal action is not in the public interest
041fc3d7a4891400a26f775a09cb55c56df64f1a3d6caa03e07f472c6799a77c,2017-12,City of London Police,City of London Police,-0.093057,51.520085,On or near Theatre/Concert Hall,E01000002,City of London 001B,Investigation complete; no suspect identified
fefc480c2e0c3e90d274107766d5f34935bacac43eb53ab6f9425e50d005eaac,2017-12,City of London Police,City of London Police,-0.097562,51.518864,On or near Parking Area,E01000001,City of London 001A,Investigation complete; no suspect identified
b55bf6188c1cabdcf3b6d5c6d68ad6b535309bc288e468750b61497e71219408,2017-12,City of London Police,City of London Police,-0.096114,51.520747,On or near Park/Open Space,E01000003,City of London 001C,Investigation complete; no suspect identified
4ea82a2f1552bf798cfe672812f57f9b0b757bb331c6418532a17b2ae827aae0,2017-12,City of London Police,City of London Police,-0.086624,51.511923,On or near CLEMENT'S LANE,E01032739,City of London 001F,Investigation complete; no suspect identified
e062a4ba9f31864a3e0ac40ab1ac80b03366bc02e6e1a7a12f11b097cbb7e152,2017-12,City of London Police,City of London Police,-0.089858,51.520744,On or near CHISWELL STREET,E01002704,Islington 023D,Investigation complete; no suspect identified
cdccd07c9d94cd527677d74e7e335ca80a90df2f094dcf6e84a9f763a137c24f,2017-12,City of London Police,City of London Police,-0.093057,51.520085,On or near Theatre/Concert Hall,E01000002,City of London 001B,Investigation complete; no suspect identified
9704f8aa83b246eab443e65b57e5e2af2407e8a32592ae6b212aa1f3f4a78d26,2017-12,City of London Police,City of London Police,-0.105900,51.516966,On or near PLUMTREE COURT,E01032740,City of London 001G,Suspect charged
f1b058a7feefc4f320c093e8ae066c23d3b68a711c0bf20349712f80acdc8f12,2017-12,City of London Police,City of London Police,-0.085257,51.511200,On or near TALBOT COURT,E01032739,City of London 001F,Local resolution
4766c6bd8aae609c1312c07ddbb5cca831bc759128ec0d283f90448a1c6cf0d3,2017-12,City of London Police,City of London Police,-0.086416,51.516191,On or near THROGMORTON AVENUE,E01032739,City of London 001F,Offender given a caution
