Crime ID,Month,Reported by,Falls within,Longitude,Latitude,Location,LSOA code,LSOA name,Outcome type
2f2f41c16f09158a42c9c30da69352aea82fac0c3d8d6d4cc1ed795ff5bff153,2018-08,City of London Police,City of London Police,,,No location,,,Suspect charged
99af8307d117df15dd22fcdddc4b526e533c2657f7ab27c374f88d5faadaee4b,2018-08,City of London Police,City of London Police,,,No location,,,Offender given a drugs possession warning
465e279abf8ff889722fe7398e9763f8f27eb21939bc0c3ad592a40a0b1a8268,2018-08,City of London Police,City of London Police,,,No location,,,Investigation complete; no suspect identified
ed3c6c2858c277c5ad63b1c7e9325eb9b90b40ba60355eff1ca76383a262bee5,2018-08,City of London Police,City of London Police,-0.080782,51.514804,On or near ST MARY AXE,E01032739,City of London 001F,Suspect charged
8b7032d3df33b312ae5b9e727fc90e90bdf52dbe2e68c708044b6d82f7594a37,2018-08,City of London Police,City of London Police,-0.085257,51.511200,On or near TALBOT COURT,E01032739,City of London 001F,Suspect charged
ed0f1de5afcd86c54778a830a34cceefc1f0a18113db9b252d53cb41c3a5a621,2018-08,City of London Police,City of London Police,-0.088393,51.511332,On or near ABCHURCH LANE,E01032739,City of London 001F,Suspect charged
ed0f1de5afcd86c54778a830a34cceefc1f0a18113db9b252d53cb41c3a5a621,2018-08,City of London Police,City of London Police,-0.088393,51.511332,On or near ABCHURCH LANE,E01032739,City of London 001F,Suspect charged
fd0ed93d6b28c470ad4fa73184038fa91b0394be121f6e93e4d8fd6ca0ad9d0b,2018-08,City of London Police,City of London Police,-0.083086,51.511407,On or near ROOD LANE,E01032739,City of London 001F,Offender given a caution
3492a1eb1b1bab0611e42f151ccc95051e53e13cd0bc52f4179bc34a19e73ae5,2018-08,City of London Police,City of London Police,-0.081620,51.516814,On or near ALDERMAN'S WALK,E01032739,City of London 001F,Suspect charged
170f1e221e9960474e8a1dc77ccf69427ed202f56614090aca10b26a1f1d64c6,2018-08,City of London Police,City of London Police,-0.077694,51.513171,On or near ALDGATE,E01032739,City of London 001F,Offender given a drugs possession warning
4a56a41ceb57715e189d3b6946a698c64286a6dc029c335b8a7be9dc208d327b,2018-08,City of London Police,City of London Police,-0.078250,51.515033,On or near HOUNDSDITCH,E01000005,City of London 001E,Offender given a drugs possession warning
da763268f7ec2bdd42079cbfc9171855d139530521f91a4218c0cdc19ec1eff2,2018-08,City of London Police,City of London Police,-0.087549,51.514276,On or near BARTHOLOMEW LANE,E01032739,City of London 001F,Offender given a caution
8e463092a983eef34cec9b8f1716f0731943e62315586cd4292b8ee83ba11f89,2018-08,City of London Police,City of London Police,-0.077513,51.515075,On or near STONEY LANE,E01000005,City of London 001E,Suspect charged
c40520c3c06573adbb78eb30283960ef291ced558a9ef8cd1f71e41017e03417,2018-08,City of London Police,City of London Police,-0.077513,51.515075,On or near STONEY LANE,E01000005,City of London 001E,Suspect charged
6f22296091fc3c804f2d867630fa6c01f010261ea703d60395168cad75e17ea4,2018-08,City of London Police,City of London Police,-0.077513,51.515075,On or near STONEY LANE,E01000005,City of London 001E,Offender given a drugs possession warning
ed46a4e8aa2ab28e378d941478f4194b7cd34b53ae853ade10d87c0e3eab1fc5,2018-08,City of London Police,City of London Police,-0.087780,51.508066,On or near BOROUGH HIGH STREET,E01032739,City of London 001F,Suspect charged
d62422fda9e6c70f1ca56dcb2603e9438d8950076327ba61419f1d8d43ccddfc,2018-08,City of London Police,City of London Police,-0.084967,51.512598,On or near BELL INN YARD,E01032739,City of London 001F,Suspect charged
4fef9c2c34472406f1b95f305d88adffa349086e7dcb813fa8f3925fe914bdfb,2018-08,City of London Police,City of London Police,-0.084967,51.512598,On or near BELL INN YARD,E01032739,City of London 001F,Offender given a caution
4fef9c2c34472406f1b95f305d88adffa349086e7dcb813fa8f3925fe914bdfb,2018-08,City of London Police,City of London Police,-0.084967,51.512598,On or near BELL INN YARD,E01032739,City of London 001F,Offender given a caution
695a3c029d791f2a55af4705afe23f0d3575615aebdafef1a362f26900f50cf9,2018-08,City of London Police,City of London Police,-0.087780,51.508066,On or near BOROUGH HIGH STREET,E01032739,City of London 001F,Suspect charged
6f2b19bb3ded885670b265558cce983fa42b34316238ab734cccaf8d5fe5e84c,2018-08,City of London Police,City of London Police,-0.100884,51.516966,On or near Hospital,E01032740,City of London 001G,Offender given a drugs possession warning
1f25fc07669ec5dd75c35b4ab67c52967a58ca0791d9ba828befd74063862a12,2018-08,City of London Police,City of London Police,-0.080376,51.517244,On or near Supermarket,E01032739,City of London 001F,Suspect charged
bbe0501022309625ae5012e45077390762a2f5e5783966bccb310582a1741463,2018-08,City of London Police,City of London Police,-0.084967,51.512598,On or near BELL INN YARD,E01032739,City of London 001F,Offender given a caution
05bf8df81caf7d1cee4f750504e50cd9e3b7e06c46c4238ac36538a59c008fe8,2018-08,City of London Police,City of London Police,-0.081620,51.516814,On or near ALDERMAN'S WALK,E01032739,City of London 001F,Suspect charged
7656c2b55edf65048e625a921b13d5810d990d662f7a6340b29835e66164faca,2018-08,City of London Police,City of London Police,-0.085833,51.513952,On or near FINCH LANE,E01032739,City of London 001F,Suspect charged
6a0bdf95d7f53e9b84c0604a59b35b18512f7343cdaac5eedf33f4fb3568065a,2018-08,City of London Police,City of London Police,-0.097601,51.520699,On or near CARTHUSIAN STREET,E01000001,City of London 001A,Local resolution
df76996c2e6aec2791066141245d85b9e39de047f3493068d5daced3de22b94f,2018-08,City of London Police,City of London Police,-0.075146,51.513435,On or near Bus/Coach Station,E01000005,City of London 001E,Offender given a drugs possession warning
97beaa175f91cd13702f294d3439dd2420a52745e1ab3c17f3dd566b905e1161,2018-08,City of London Police,City of London Police,,,No location,,,Local resolution
d4a6bee2b0b903bca13881657d83cfdaa3620860be2e110e503bd9963a22b94b,2018-08,City of London Police,City of London Police,-0.088393,51.511332,On or near ABCHURCH LANE,E01032739,City of London 001F,Suspect charged
60a3df46f92ca1d954d5bd165567d2c9bcbb44b089f7a5b51fec538b5f0eef1f,2018-08,City of London Police,City of London Police,-0.088203,51.518262,On or near MOORGATE,E01032739,City of London 001F,Local resolution
c5f6e6a86b2cb4e5ef2eaad98d3c24e57b0a5e971d766bae4e759d5be9306a03,2018-08,City of London Police,City of London Police,-0.085833,51.513952,On or near FINCH LANE,E01032739,City of London 001F,Offender given a drugs possession warning
0ae96c6172f240916a0e64955aa2a5dde089458d17588601cd4d26c1282470a7,2018-08,City of London Police,City of London Police,-0.096363,51.513377,On or near NEW CHANGE,E01032739,City of London 001F,Suspect charged
5c9d02561667e6b2e2b570df978b9d0f9c585f13b08a983e270036e461421258,2018-08,City of London Police,City of London Police,-0.078924,51.508587,On or near PETTY WALES,E01032739,City of London 001F,Offender given a drugs possession warning
e393959dbbe175f7c0f98794526320b7267ae1e6a5166a394adca392556d469b,2018-08,City of London Police,City of London Police,-0.089451,51.517032,On or near Bus/Coach Station,E01032739,City of London 001F,Suspect charged
e393959dbbe175f7c0f98794526320b7267ae1e6a5166a394adca392556d469b,2018-08,City of London Police,City of London Police,-0.089451,51.517032,On or near Bus/Coach Station,E01032739,City of London 001F,Suspect charged
dc0bf9da4bcaef53251b283adaa29487400887e18fcf7b020ab17ae470396898,2018-08,City of London Police,City of London Police,-0.096363,51.513377,On or near NEW CHANGE,E01032739,City of London 001F,Offender given a caution
9d6b91c0385aa714c001048ff828e7e69c76029249011f9f678e782f33006030,2018-08,City of London Police,City of London Police,-0.083618,51.517288,On or near BROAD STREET AVENUE,E01032739,City of London 001F,Offender given a drugs possession warning
2a0ecebb6e992616c929ff50cae4819676c1891e9b5a5f002ab95d4de1c75eaa,2018-08,City of London Police,City of London Police,-0.097562,51.518864,On or near Parking Area,E01000001,City of London 001A,Suspect charged
ce9015cdd2a80d936d99695ae8ac8a09614cbc98454389b49aa7c7d0a22d9343,2018-08,City of London Police,City of London Police,-0.097562,51.518864,On or near Parking Area,E01000001,City of London 001A,Suspect charged
17eccd1707106b8048f292df190a892ac869b95de454da9414c3b616f9b41da6,2018-08,City of London Police,City of London Police,-0.073254,51.512856,On or near MANSELL STREET,E01000005,City of London 001E,Local resolution
c16fdaa99d74991aa7e501ed8a344fd44ccc1488253d948684145c53a0441d0c,2018-08,City of London Police,City of London Police,-0.076095,51.512462,On or near VINE STREET,E01000005,City of London 001E,Local resolution
047eaf631f2c8261349f8c360874fab03d5cea74daf6398188edbf1452038164,2018-08,City of London Police,City of London Police,-0.081620,51.516814,On or near ALDERMAN'S WALK,E01032739,City of London 001F,Suspect charged
803ba79c201f67134a3540b22aacfdb4998dd01b3a508897bbbb35bd1538f7d2,2018-08,City of London Police,City of London Police,-0.079786,51.517576,On or near Police Station,E01032739,City of London 001F,Suspect charged
e8abfb67fd927267f2a77980c62032b5df7e154c97aaaca277c2b2ee3c1b1de1,2018-08,City of London Police,City of London Police,-0.108283,51.517526,On or near Supermarket,E01032740,City of London 001G,Local resolution
c66f05108dbc7a80b36a9bfba86b3c6d439df7fd8e2ffb64abfbd0e0fb697d04,2018-08,City of London Police,City of London Police,-0.092628,51.517920,On or near ST ALPHAGE GARDEN,E01000002,City of London 001B,Suspect charged
5539c14666a229a1896df217c5a50a2b58acd722ac4980e6c7b73b26c254c29b,2018-08,City of London Police,City of London Police,-0.096561,51.514513,On or near CHEAPSIDE,E01032739,City of London 001F,Local resolution
5ca9d171e5249ac603b20587654035bbec6e247f0e61c1e6a904fc29965d5816,2018-08,City of London Police,City of London Police,-0.094720,51.514420,On or near WOOD STREET,E01032739,City of London 001F,Offender given a drugs possession warning
40425ce48163e87e577a6e4590ec1d24f6449afc93cc02056a8408bba5eb06f8,2018-08,City of London Police,City of London Police,-0.074901,51.506255,On or near A100,E01004293,Tower Hamlets 027B,Suspect charged
a0cc26543d63b3e850d3ffc35f295a36336307178d30ba58d312c468ab4b5cd5,2018-08,City of London Police,City of London Police,-0.080322,51.510651,On or near MARK LANE,E01032739,City of London 001F,Suspect charged
882f24c916069daae212845b3721016eb4062a39c0a712418a0064f34620735c,2018-08,City of London Police,City of London Police,-0.081620,51.516814,On or near ALDERMAN'S WALK,E01032739,City of London 001F,Suspect charged
7d39e1ba48a8e259952934ed2e46911934ab0cd2c8e98b2decc1f9ada36d0452,2018-08,City of London Police,City of London Police,-0.096363,51.513377,On or near NEW CHANGE,E01032739,City of London 001F,Suspect charged
2c8d5bf164f1ff08cafab3e39c28b23ba3ba9422f8688c6bab4f715a34cec52b,2018-08,City of London Police,City of London Police,-0.080376,51.517244,On or near Supermarket,E01032739,City of London 001F,Suspect charged
2b79a77cadaef5c1741ddf1772bb96c2535d0293ffb21cd45e0d90d53a6841a2,2018-08,City of London Police,City of London Police,-0.100974,51.514450,On or near AMEN CORNER,E01032739,City of London 001F,Offender given a drugs possession warning
28ce5afcfb62d571aac63af47e2555d9a329aa39be8ae1a9f4b119927cd43779,2018-08,City of London Police,City of London Police,-0.077578,51.510795,On or near PEPYS STREET,E01032739,City of London 001F,Investigation complete; no suspect identified
7067dc4ce40f38fdd704f09820735f82b10e22a180738eaba87c6e23ce91c94e,2018-08,City of London Police,City of London Police,-0.092625,51.513865,On or near CHEAPSIDE,E01032739,City of London 001F,Investigation complete; no suspect identified
fe5cf4e11168b7901d99e0ad3b9e7f03d60bc5e090c920333f712ac977e623d9,2018-08,City of London Police,City of London Police,-0.083993,51.511440,On or near PHILPOT LANE,E01032739,City of London 001F,Investigation complete; no suspect identified
fbeaacd196bf99f7a79d306a56133aeab8d26f6e7328b0b6243a1faf08f9c22c,2018-08,City of London Police,City of London Police,-0.101452,51.512650,On or near ST ANDREW'S HILL,E01032739,City of London 001F,Investigation complete; no suspect identified
90a8e295270a5eceaf229addb034eb318a5e077a33183cd3ce7e72573712e8bd,2018-08,City of London Police,City of London Police,-0.078779,51.508971,On or near GLOUCESTER COURT,E01004293,Tower Hamlets 027B,Investigation complete; no suspect identified
5b5ef29d62f188a53781faf92794670da66db30ab762ae47e84624f0fa115ecb,2018-08,City of London Police,City of London Police,-0.097562,51.518864,On or near Parking Area,E01000001,City of London 001A,Unable to prosecute suspect
a7bf4310d0c66f420d731fe8f99f357e30118fb7ef23c08f7aa47e4c61ac40de,2018-08,City of London Police,City of London Police,-0.099907,51.512031,On or near QUEEN VICTORIA STREET,E01032739,City of London 001F,Investigation complete; no suspect identified
8a7b216ff9005658bb14b4f4dcd7b82c22aa64c31899420370a818c281aa8833,2018-08,City of London Police,City of London Police,-0.091336,51.505723,On or near ROCHESTER WALK,E01003929,Southwark 002B,Investigation complete; no suspect identified
10b06ceac1fcaa65ad527123aaca808fa95408bd146d9130d11bf1fc03240ad0,2018-08,City of London Police,City of London Police,,,No location,,,Investigation complete; no suspect identified
4a2646f8754bc43aaa3f24e47bc3eb0d8a4bb04081ab61276401c633921fa524,2018-08,City of London Police,City of London Police,-0.100632,51.515739,On or near WARWICK LANE,E01032739,City of London 001F,Investigation complete; no suspect identified
b18ac204b3fd395455d49980b1e858a9bc51a940cde0f45d3e7e9dddcee36e36,2018-08,City of London Police,City of London Police,-0.076270,51.515504,On or near GRAVEL LANE,E01000005,City of London 001E,Investigation complete; no suspect identified
5f769c1cd1a16a248d4b76f0781c767978e8ff474a7d5c1bdb2abcc31109a5d6,2018-08,City of London Police,City of London Police,-0.079613,51.517231,On or near NEW STREET,E01032739,City of London 001F,Investigation complete; no suspect identified
e9a47aa50c01f18746c83cca8cf4e6e8efe870d6bc67425313af75cd3317e191,2018-08,City of London Police,City of London Police,-0.083296,51.517058,On or near OLD BROAD STREET,E01032739,City of London 001F,Investigation complete; no suspect identified
3a126ce4cee24af8ab6f61b10676b931fad9b3582abc060a2d0a7387bc715139,2018-08,City of London Police,City of London Police,-0.088203,51.518262,On or near MOORGATE,E01032739,City of London 001F,Investigation complete; no suspect identified
ed1519ba182005eb015944f54ffe1eeaae3df6986037fbd24ca1f2646be28773,2018-08,City of London Police,City of London Police,,,No location,,,Unable to prosecute suspect
dc35520e3d2314b3e9c3e47383dc91de44f15b2e4484d32d9b50fe46ef30e99c,2018-08,City of London Police,City of London Police,-0.097645,51.515142,On or near ST MARTIN'S LE GRAND,E01032739,City of London 001F,Investigation complete; no suspect identified
650864a850ca45e43bb5398350ce60a152cc70fd6defc62f81665306fa3a2051,2018-08,City of London Police,City of London Police,-0.107672,51.517678,On or near A40,E01032740,City of London 001G,Investigation complete; no suspect identified
89251b39d4956ec41ef394fe9d7ac1457a73c1960e2b513c6e61ea5fa3f519c9,2018-08,City of London Police,City of London Police,-0.083417,51.513148,On or near WHITTINGTON AVENUE,E01032739,City of London 001F,Investigation complete; no suspect identified
e575265afb43ed1961bcc760e38eec3ea3eac26fd89300f427d9bbb2482f010d,2018-08,City of London Police,City of London Police,-0.084980,51.516078,On or near GREAT WINCHESTER STREET,E01032739,City of London 001F,Further investigation is not in the public interest
c1e531afb076c987bab328777da749700e299f3252c85d96a591504ad8393aa9,2018-08,City of London Police,City of London Police,-0.084768,51.512882,On or near CORBET COURT,E01032739,City of London 001F,Investigation complete; no suspect identified
3f886c9cdc355df13ede45ddb8e6a85bd8d7ad196fa32ae667691ae97fe40e70,2018-08,City of London Police,City of London Police,-0.096511,51.511922,On or near QUEEN VICTORIA STREET,E01032739,City of London 001F,Investigation complete; no suspect identified
37e09ecbdaeeba8a311e8bfbff4da2a13dbad03defe896ff3343960ce6e51928,2018-08,City of London Police,City of London Police,-0.108231,51.513928,On or near PLEYDELL STREET,E01032740,City of London 001G,Investigation complete; no suspect identified
2f610fadeb4599bf1d0b505ceb06947064f65e989024d9894eabe6bc31f8efec,2018-08,City of London Police,City of London Police,-0.093198,51.510834,On or near UPPER THAMES STREET,E01032739,City of London 001F,Investigation complete; no suspect identified
f1733bfec785fea17c755bba46b57b602f210b0a60a06a5c9a7399aaff0578a2,2018-08,City of London Police,City of London Police,-0.096363,51.513377,On or near NEW CHANGE,E01032739,City of London 001F,Investigation complete; no suspect identified
35c12125766cada67695308bb2f257269cd889fe3a251feeeec95e43c9936bf3,2018-08,City of London Police,City of London Police,-0.091494,51.510924,On or near COLLEGE STREET,E01032739,City of London 001F,Investigation complete; no suspect identified
455b85c72288b52166bad57c349dcd81223880c5ad65efb9df8c5fce809abed4,2018-08,City of London Police,City of London Police,-0.088456,51.514993,On or near TOKENHOUSE YARD,E01032739,City of London 001F,Investigation complete; no suspect identified
51ad03af00206abe8a190a16ee594971047a847629f8c67a8bd7f2e2f4f37537,2018-08,City of London Police,City of London Police,,,No location,,,Investigation complete; no suspect identified
ca9b3793b166145af745617694af4349df726eb9572eaddd4361f4fe84f19ca3,2018-08,City of London Police,City of London Police,,,No location,,,Investigation complete; no suspect identified
100136c775cc613e82e77522f0509cb1c47e3f5b5f2d0bdeb8c39024964f0e58,2018-08,City of London Police,City of London Police,-0.096814,51.512952,On or near ST PAUL'S CHURCH YARD,E01032739,City of London 001F,Investigation complete; no suspect identified
5b2febe9414932edd36b40ea242d219cbe82315db1db4df750b081371194a9a7,2018-08,City of London Police,City of London Police,,,No location,,,Investigation complete; no suspect identified
a4b077ae427a97560044727155c00a13a9c1a2914ed78402b2659dac09d3bae1,2018-08,City of London Police,City of London Police,-0.094628,51.514203,On or near CHEAPSIDE,E01032739,City of London 001F,Formal action is not in the public interest
42e88f7a8eb8b6337e78a7159b341b2744549b506822acdfd43fb0113d5feb55,2018-08,City of London Police,City of London Police,,,No location,,,Investigation complete; no suspect identified
c3518914ecf7c05823f3c43267057ccdef276e366703c84c0f42a433772bfa5c,2018-08,City of London Police,City of London Police,-0.096363,51.513377,On or near NEW CHANGE,E01032739,City of London 001F,Investigation complete; no suspect identified
0b9def2f214821416e19f86c1e7e1e642ae19b1966d8684043f36652be0cc7fd,2018-08,City of London Police,City of London Police,-0.088225,51.514656,On or near LOTHBURY,E01032739,City of London 001F,Investigation complete; no suspect identified
1a11c4302452712e0f42eb2acdc1f6f8231ce5418f0fd2982ea9c169eef2068f,2018-08,City of London Police,City of London Police,-0.092077,51.512147,On or near TOWER ROYAL,E01032739,City of London 001F,Investigation complete; no suspect identified
8dc6b57157dc76395020a6897d0f8d5ecff6edd06f03e1649bd32a1925a042a7,2018-08,City of London Police,City of London Police,-0.092865,51.510182,On or near Parking Area,E01032739,City of London 001F,Investigation complete; no suspect identified
167461c3b57f4cd332c2dbd9dad5b9c33c5c273241914b2349094c674a968a3f,2018-08,City of London Police,City of London Police,-0.102412,51.517297,On or near COCK LANE,E01032740,City of London 001G,Investigation complete; no suspect identified
c0dc55c7fa21972c925b6896b1dbd92e1f2b7828b0b9d2ed15e5fc4962901c46,2018-08,City of London Police,City of London Police,-0.096561,51.514513,On or near CHEAPSIDE,E01032739,City of London 001F,Investigation complete; no suspect identified
6493be15ee24923efc7d88feb1924be4c1d5a525297f4505981b9d6eb26fe505,2018-08,City of London Police,City of London Police,,,No location,,,Investigation complete; no suspect identified
f73a021fa3a7e26014d18045fbe267070b31d643028371f6908b81002af274dc,2018-08,City of London Police,City of London Police,-0.086624,51.511923,On or near CLEMENT'S LANE,E01032739,City of London 001F,Investigation complete; no suspect identified
0099e4e143742c6f3799ebea69a5f3f86a7198e50018da115b2dfe68ef63696b,2018-08,City of London Police,City of London Police,-0.089451,51.517032,On or near Bus/Coach Station,E01032739,City of London 001F,Investigation complete; no suspect identified
fc16288b71681830c20e19ed1921f893639b86676e0ec0316f081983d463d079,2018-08,City of London Police,City of London Police,-0.100884,51.516966,On or near Hospital,E01032740,City of London 001G,Investigation complete; no suspect identified
91658c9438986649336bdf229e33d55f573ce6df908700b489d561a5271ea279,2018-08,City of London Police,City of London Police,-0.081549,51.511625,On or near MINCING LANE,E01032739,City of London 001F,Investigation complete; no suspect identified
886774b0389f20fe2f12ae33f4db5ecae384a06c6acc0e8c81ff473bdc6b921c,2018-08,City of London Police,City of London Police,-0.097601,51.520699,On or near CARTHUSIAN STREET,E01000001,City of London 001A,Unable to prosecute suspect
9877fb6e8be69abbe8950566aac1e1182d7cf7c78960f9fb8584a051031db80d,2018-08,City of London Police,City of London Police,-0.080376,51.517244,On or near Supermarket,E01032739,City of London 001F,Further investigation is not in the public interest
5b64670e77b70d26cbd8f284155b254e4dad78ea6d0c8134e6d850d9e4754ec9,2018-08,City of London Police,City of London Police,-0.080376,51.517244,On or near Supermarket,E01032739,City of London 001F,Further investigation is not in the public interest
ea408a8fade7b2c118533b71aaf5ac3df5385a2404ca60cc1b75b0a2932bd784,2018-08,City of London Police,City of London Police,-0.080376,51.517244,On or near Supermarket,E01032739,City of London 001F,Further investigation is not in the public interest
b23a3b8486ac4cb8151f1ace34a64760e4b9848c04198b37418cc63766c0156d,2018-08,City of London Police,City of London Police,-0.085669,51.515100,On or near AUSTIN FRIARS,E01032739,City of London 001F,Investigation complete; no suspect identified
d781eb73da4757d39f4fc1899b344eb4a878b3ab9a9e02a2f1887ae1bd6fea1d,2018-08,City of London Police,City of London Police,-0.100202,51.513268,On or near DEAN'S COURT,E01032739,City of London 001F,Investigation complete; no suspect identified
4e14c47946f10bb79b0eaa0145c55ffe11a5fb6c2a5432e5e9c5ab102c8484de,2018-08,City of London Police,City of London Police,-0.079283,51.511021,On or near SEETHING LANE,E01032739,City of London 001F,Investigation complete; no suspect identified
86c573b4dd740acd4bd0fdb87544f13905728f51658f6142ca730e565772f545,2018-08,City of London Police,City of London Police,,,No location,,,Investigation complete; no suspect identified
5f08744e7542c523c7253d8ff5840260230392ac73e74a39b59b3e2b6045267c,2018-08,City of London Police,City of London Police,-0.110592,51.516062,On or near BREAM'S BUILDINGS,E01032740,City of London 001G,Investigation complete; no suspect identified
798ce836339b720d03b07bd7102996b1a50f216d4edc9b9919e441e0f59d4522,2018-08,City of London Police,City of London Police,,,No location,,,Investigation complete; no suspect identified
c4890c08d36c284db170d715b086c3385bb03be2190c5397ce1acc465102f2fb,2018-08,City of London Police,City of London Police,-0.081580,51.520510,On or near PINDAR STREET,E01032739,City of London 001F,Investigation complete; no suspect identified
8796797aebc8faecf149f48ddd19ad06dcb19e6bf966864141f022ca8b8d5759,2018-08,City of London Police,City of London Police,-0.081580,51.520510,On or near PINDAR STREET,E01032739,City of London 001F,Investigation complete; no suspect identified
4e5801e9e27d6d7d0bdc4e33f0d784dd67f2c203d93fda8ea62b8c107e7ea1da,2018-08,City of London Police,City of London Police,-0.092297,51.518949,On or near Park/Open Space,E01000002,City of London 001B,Investigation complete; no suspect identified
f3bfa78f38e9597094624944a1aa96715db613d9a2431cb6b8fb82d3f1c1c845,2018-08,City of London Police,City of London Police,-0.084967,51.512598,On or near BELL INN YARD,E01032739,City of London 001F,Investigation complete; no suspect identified
0443056d29ebdd68c4eca4fc039ad167621f5651851a7a3a31577d63b62f7e67,2018-08,City of London Police,City of London Police,-0.085355,51.510563,On or near PUDDING LANE,E01032739,City of London 001F,Investigation complete; no suspect identified
3e134020448ae7b481b6f8a3255ae2c8e88ea767e1c8f38dcb2e42317a2e5c1e,2018-08,City of London Police,City of London Police,-0.079011,51.509614,On or near Pedestrian Subway,E01032739,City of London 001F,Investigation complete; no suspect identified
f9cdae578a672d42ff13022f93255c4b64efb5eb9ef0415f5a9b950ae2face97,2018-08,City of London Police,City of London Police,-0.082965,51.516351,On or near WORMWOOD STREET,E01032739,City of London 001F,Investigation complete; no suspect identified
92525cf37bca68b3cceb4e6cfbd9bed2c7e961078464955dfeede9fa452b089b,2018-08,City of London Police,City of London Police,-0.082628,51.518189,On or near SUN STREET PASSAGE,E01032739,City of London 001F,Investigation complete; no suspect identified
e0155dfaaa7b084abc7676cec55bdbadebbd30ec815c8c8f5b6ed1a193c6edb7,2018-08,City of London Police,City of London Police,-0.078308,51.518091,On or near WIDEGATE STREET,E01032739,City of London 001F,Investigation complete; no suspect identified
af64b4ee1d622c0e38f3ed45c4cc5f60b1a5f421be966b83eeee5dabb25d537f,2018-08,City of London Police,City of London Police,-0.100748,51.515031,On or near WARWICK LANE,E01032739,City of London 001F,Investigation complete; no suspect identified
a883c9902719e21767f19d904c876046bcd5f24ecef452050f47f1c4b79dc861,2018-08,City of London Police,City of London Police,-0.080318,51.520678,On or near PRIMROSE STREET,E01032739,City of London 001F,Investigation complete; no suspect identified
7947f5b74b8b37991608c6ae6d4ca2216222673ce4972bcb0e1c962e285741bb,2018-08,City of London Police,City of London Police,-0.081620,51.516814,On or near ALDERMAN'S WALK,E01032739,City of London 001F,Investigation complete; no suspect identified
059c2a969fe638949d70190dfc1ca4db0a7baa7a3c43ecf9293dada4dc374bfa,2018-08,City of London Police,City of London Police,-0.092719,51.512652,On or near QUEEN VICTORIA STREET,E01032739,City of London 001F,Investigation complete; no suspect identified
2056f10185ea9ded60a5406e1cf4c5759682e82bc3e70ed4bd8cc57776370b1c,2018-08,City of London Police,City of London Police,-0.081620,51.516814,On or near ALDERMAN'S WALK,E01032739,City of London 001F,Investigation complete; no suspect identified
f3ee7ab9d2e86c65850bc80d2dfdf59bbb9878dc2d8ed958c96e6ed3259ebc60,2018-08,City of London Police,City of London Police,-0.109155,51.516668,On or near FETTER LANE,E01032740,City of London 001G,Investigation complete; no suspect identified
552faf29fb83eb1c4740c7661e7bc3f93ae5b37e77be19c708392cc87221a348,2018-08,City of London Police,City of London Police,,,No location,,,Investigation complete; no suspect identified
0321b8663b6b55de527c11744651050765aabcda25e7a66c557516fdaf7c12b4,2018-08,City of London Police,City of London Police,-0.082913,51.513463,On or near LEADENHALL STREET,E01032739,City of London 001F,Investigation complete; no suspect identified
0538b085d793f077b10e0bb4a3cd413ce6ef4c1e582f8e6172042d86c7facadc,2018-08,City of London Police,City of London Police,-0.094197,51.510734,On or near KENNETT WHARF LANE,E01032739,City of London 001F,Investigation complete; no suspect identified
1edbd14b7c84b880213b68a71225e286b65089e21c74999e13859f7620b47e8f,2018-08,City of London Police,City of London Police,-0.086166,51.510828,On or near EASTCHEAP,E01032739,City of London 001F,Investigation complete; no suspect identified
f1908fd3a695c774033ddbdba1a71410aed7a45a98ba1b701cd5ae3c92ea97e2,2018-08,City of London Police,City of London Police,-0.080782,51.514804,On or near ST MARY AXE,E01032739,City of London 001F,Investigation complete; no suspect identified
e671d21eceacc326ec5cbbda5e3ee5d9d7b8f135fec27aa55738e54963610eef,2018-08,City of London Police,City of London Police,-0.078250,51.515033,On or near HOUNDSDITCH,E01000005,City of London 001E,Investigation complete; no suspect identified
8bc85fb60bdaa67f4a617c584a18ceea5300e12ec6b9a512209e53711cced6eb,2018-08,City of London Police,City of London Police,-0.076095,51.512462,On or near VINE STREET,E01000005,City of London 001E,Investigation complete; no suspect identified
262c54c75c9273e02c7e3881ca0cf4f54b851877039644142401265a0b1559cd,2018-08,City of London Police,City of London Police,-0.096363,51.513377,On or near NEW CHANGE,E01032739,City of London 001F,Investigation complete; no suspect identified
f56284cff491d3d22f2129fd6279ec3fc48ef6a956e271c5dce21061b6269afc,2018-08,City of London Police,City of London Police,-0.094546,51.520658,On or near BEECH STREET,E01000002,City of London 001B,Investigation complete; no suspect identified
c890564d2586d4cf592a2e1a22b67115aa68ae54a305d7fbb5b1d5a028e53d16,2018-08,City of London Police,City of London Police,,,No location,,,Investigation complete; no suspect identified
c5cf1830cb7c733b4f04577cc6481f96d297b597a44a5b2e5b1b6d4e2fce8ba0,2018-08,City of London Police,City of London Police,-0.085144,51.526260,On or near SINGER STREET,E01001780,Hackney 027D,Investigation complete; no suspect identified
9336e6b65d4f68320bd6aa8b268b2498347bd41711c302e1cfad93a60d87b45f,2018-08,City of London Police,City of London Police,-0.086728,51.510477,On or near KING WILLIAM STREET,E01032739,City of London 001F,Investigation complete; no suspect identified
5371bb99620668445bc74bdd1480e86cdf981ecd4ec3300be2b7b54c9141993c,2018-08,City of London Police,City of London Police,-0.087780,51.508066,On or near BOROUGH HIGH STREET,E01032739,City of London 001F,Investigation complete; no suspect identified
8c3cc4bd939b6742578e798859c051561df12febc258aeb304c9e01bcd55ae8f,2018-08,City of London Police,City of London Police,-0.082965,51.516351,On or near WORMWOOD STREET,E01032739,City of London 001F,Investigation complete; no suspect identified
13b78674ef34f3f481b1f5ebab0d3bf5b44fe953e7259b11cae60a28aab2ef9a,2018-08,City of London Police,City of London Police,-0.110471,51.517265,On or near FURNIVAL STREET,E01032740,City of London 001G,Investigation complete; no suspect identified
27d0132cf0701935c195403e6760287fd4c0369bdf916bd37777337db03c4719,2018-08,City of London Police,City of London Police,-0.079011,51.509614,On or near Pedestrian Subway,E01032739,City of London 001F,Investigation complete; no suspect identified
799cb8b63ddf2c1e3f1c90b56df626adfc87dd013d9b6fe8f0c62347b1491e92,2018-08,City of London Police,City of London Police,-0.092719,51.512652,On or near QUEEN VICTORIA STREET,E01032739,City of London 001F,Investigation complete; no suspect identified
8b5b7ee9e5a35824f31d74d1a3605dbbb64d207ab9255048dce4fb0896ba562f,2018-08,City of London Police,City of London Police,-0.085833,51.513952,On or near FINCH LANE,E01032739,City of London 001F,Unable to prosecute suspect
8b7e71f4f36c26cfc7b8f0d846379fe508f559bbfaed7707e3f200dd0a3bd48c,2018-08,City of London Police,City of London Police,-0.092296,51.511386,On or near COLLEGE HILL,E01032739,City of London 001F,Investigation complete; no suspect identified
e236bd82a5e4a86b49390c989f74dd8d55d6a87fe70c85554be80786e7f2e231,2018-08,City of London Police,City of London Police,-0.090506,51.513524,On or near POULTRY,E01032739,City of London 001F,Investigation complete; no suspect identified
f00b5e1eb2ebb8465b3ceb215a6456e348ce85ffdc01613cf4c98b3b29a573e7,2018-08,City of London Police,City of London Police,-0.079786,51.517576,On or near Police Station,E01032739,City of London 001F,Investigation complete; no suspect identified
23334612ec4b5626155060ee2dca3a06387a1b4930133bb6e4f06f99dcf56685,2018-08,City of London Police,City of London Police,-0.108965,51.516386,On or near PLOUGH PLACE,E01032740,City of London 001G,Investigation complete; no suspect identified
a5dcfb5164518f3b43ab1b674dfa2e67e6239eb4d04754308fee6c2ee4fb0e33,2018-08,City of London Police,City of London Police,-0.084967,51.512598,On or near BELL INN YARD,E01032739,City of London 001F,Investigation complete; no suspect identified
ba7a9a120a1d72b17c8d6c92338cba9d407fa3e350f9615e48b76387cd05564d,2018-08,City of London Police,City of London Police,-0.090419,51.514917,On or near GRESHAM STREET,E01032739,City of London 001F,Investigation complete; no suspect identified
fc17d84065c7f62b63680d3aa90853a689ef263390bfb848d2a088a09f0bc9eb,2018-08,City of London Police,City of London Police,,,No location,,,Investigation complete; no suspect identified
2692d1af1b2c3318950c40f4f7afdf1bf9a3550a5b7cfa7fda03a7aea094afc0,2018-08,City of London Police,City of London Police,,,No location,,,Investigation complete; no suspect identified
237b33a5575658fb9f4d56d3eee88e55b3bff4b5db56160884d40eda9b90b976,2018-08,City of London Police,City of London Police,-0.082458,51.517431,On or near LIVERPOOL STREET,E01032739,City of London 001F,Investigation complete; no suspect identified
e229a489968e74f7b8b452746081da3c5fceb01bee932d0a63c538b664adbe21,2018-08,City of London Police,City of London Police,-0.108164,51.516571,On or near NEW FETTER LANE,E01032740,City of London 001G,Investigation complete; no suspect identified
9732ed6a15dff4ee13824aed140d60273c157aed0795d162e91bd4d1e5799998,2018-08,City of London Police,City of London Police,-0.081580,51.520510,On or near PINDAR STREET,E01032739,City of London 001F,Investigation complete; no suspect identified
31b736ac43606190ddf33a981ab8735f0949840c89b088b4f5f2f7c937772303,2018-08,City of London Police,City of London Police,-0.093493,51.513447,On or near BOW LANE,E01032739,City of London 001F,Investigation complete; no suspect identified
44ce2df096d7d5723ccb73a05f9ed3b6254eb74aa8830cdee8859fc2f3eb1e52,2018-08,City of London Police,City of London Police,-0.097645,51.515142,On or near ST MARTIN'S LE GRAND,E01032739,City of London 001F,Investigation complete; no suspect identified
ced9c1a47a626716693ad881b5aa23386cb795c606b4e39fdbb64864ab8ee731,2018-08,City of London Police,City of London Police,-0.077392,51.516233,On or near HARROW PLACE,E01000005,City of London 001E,Investigation complete; no suspect identified
026af4097f5fb58f46a6086e574b8d0f1d583a2be9678b517917d333ece40ebf,2018-08,City of London Police,City of London Police,-0.086272,51.513114,On or near BIRCHIN LANE,E01032739,City of London 001F,Investigation complete; no suspect identified
6c773e962b481a9de71211396e98b5450543db7d0f326c4ebb621b1a5b24761f,2018-08,City of London Police,City of London Police,-0.086976,51.519015,On or near SOUTH PLACE,E01002704,Islington 023D,Investigation complete; no suspect identified
95c876dd54c31390236f52db0ce4bf494defcc3fa9c90335a4d9d670e5d02cd2,2018-08,City of London Police,City of London Police,,,No location,,,Investigation complete; no suspect identified
4f9192e72ed11d2ddd60c30ef90df05ac5be779e72d80f32a9eb80bbd4d2c671,2018-08,City of London Police,City of London Police,,,No location,,,Investigation complete; no suspect identified
8c35d6bc8fe0d466a009a2ed14f7b28c497166ba6bda05da5cc48cbca57d8bbb,2018-08,City of London Police,City of London Police,-0.088203,51.518262,On or near MOORGATE,E01032739,City of London 001F,Investigation complete; no suspect identified
f17a3831942dc9db361b900032890d2d4b9d21b47c3193060a9bc02ada736741,2018-08,City of London Police,City of London Police,-0.092077,51.512147,On or near TOWER ROYAL,E01032739,City of London 001F,Investigation complete; no suspect identified
b2b53dba8f16a58809fd7ec4230c3fe14d2c4ff280da5401a6ff82cfa2db882e,2018-08,City of London Police,City of London Police,-0.074793,51.511208,On or near Pedestrian Subway,E01000005,City of London 001E,Investigation complete; no suspect identified
445f85a6020d7e5be8c4ea05c3300beca8d1ce47c4b732d26005d785fae4fde2,2018-08,City of London Police,City of London Police,-0.109647,51.514887,On or near FETTER LANE,E01032740,City of London 001G,Investigation complete; no suspect identified
aa794557ee8e0c8853f15ccc69897f5820a2132cfcf669c7c94ae3f3778febc4,2018-08,City of London Police,City of London Police,-0.091258,51.514157,On or near FREDERICK'S PLACE,E01032739,City of London 001F,Investigation complete; no suspect identified
cb03e607879d86680eebe0ee2f27fe6ef45cafd8a9e0a8c6bf655fda40a9f46b,2018-08,City of London Police,City of London Police,-0.101452,51.512650,On or near ST ANDREW'S HILL,E01032739,City of London 001F,Investigation complete; no suspect identified
7d986fa0bda53d091cdc97970617004e19294dceb12d9879979fae8ab62ad863,2018-08,City of London Police,City of London Police,-0.086278,51.509876,On or near FISH STREET HILL,E01032739,City of London 001F,Suspect charged
b8becfd3ea7c045e02816b1d63921c859f6ea3e5f7f7cc480a3baf9a011d8f2c,2018-08,City of London Police,City of London Police,-0.088766,51.519620,On or near ROPEMAKER STREET,E01002704,Islington 023D,Investigation complete; no suspect identified
1e94ec44b46687f9a78215fa6e84bda512a2346a3f1438f2f6fdba2c6ec0f49c,2018-08,City of London Police,City of London Police,-0.095381,51.521391,On or near VISCOUNT STREET,E01000003,City of London 001C,Investigation complete; no suspect identified
b9dc588d56917d684c7dfbb2e0acf88be9e809aeddfea6bb4fca8cf0e718f6b9,2018-08,City of London Police,City of London Police,-0.079613,51.517231,On or near NEW STREET,E01032739,City of London 001F,Investigation complete; no suspect identified
3a88a663119a26de05af92516cccc7ae3b9107fd42bb59aabd45fc43d72fe064,2018-08,City of London Police,City of London Police,-0.111181,51.516476,On or near CURSITOR STREET,E01032740,City of London 001G,Investigation complete; no suspect identified
bd06380721a9415f80d668eeac40e566b7a5c7073dfb8693a26355b5b1f76727,2018-08,City of London Police,City of London Police,-0.082965,51.516351,On or near WORMWOOD STREET,E01032739,City of London 001F,Investigation complete; no suspect identified
aeb3b656dd19e455aee2e9ea27f22b06ac802a978868bc68215d341737521373,2018-08,City of London Police,City of London Police,-0.075196,51.512609,On or near ST CLARE STREET,E01000005,City of London 001E,Unable to prosecute suspect
9ff81b2936603e95c27418c45b104c944f5067be7e092a1f25d58408bc54f7a5,2018-08,City of London Police,City of London Police,-0.104494,51.509848,On or near A201,E01032739,City of London 001F,Investigation complete; no suspect identified
48be26d67d215ced2ad1706cf444a239342d70f80819d3ff1ded44daf8eb64bf,2018-08,City of London Police,City of London Police,-0.104244,51.512749,On or near NEW BRIDGE STREET,E01032739,City of London 001F,Investigation complete; no suspect identified
f3f50a6077a4075578c8492c94e703d95e930ead35865f40f5e6ad533abd73f5,2018-08,City of London Police,City of London Police,-0.082965,51.516351,On or near WORMWOOD STREET,E01032739,City of London 001F,Investigation complete; no suspect identified
db994b9955d5161d5fb51d1b278e87a3ee90456f1b0a4c994fbced576ffd40c5,2018-08,City of London Police,City of London Police,-0.107926,51.516414,On or near BARTLETT COURT,E01032740,City of London 001G,Investigation complete; no suspect identified
765f20d5f295cd18461312e9f71fb16a0cc666a907db0b336e3656bd5917a6ac,2018-08,City of London Police,City of London Police,,,No location,,,Unable to prosecute suspect
88a986eec4e761e08840ef189ac5ad449b2dc8bba2272667ead573e3ea26f98c,2018-08,City of London Police,City of London Police,-0.085014,51.509775,On or near MONUMENT STREET,E01032739,City of London 001F,Investigation complete; no suspect identified
104a51736f29f095521ef4b053df95fce72af2c075098c047e950d7dd3d0f518,2018-08,City of London Police,City of London Police,,,No location,,,Investigation complete; no suspect identified
5fe5cfca7e3866c03f9db2179f5e38622fc9e8f2bc56058795db74b62f751e10,2018-08,City of London Police,City of London Police,-0.085257,51.511200,On or near TALBOT COURT,E01032739,City of London 001F,Investigation complete; no suspect identified
607097ed41432d35da913cd8e2340dd5abf957968188e4d3e5d9e9b6c985de5f,2018-08,City of London Police,City of London Police,-0.094628,51.514203,On or near CHEAPSIDE,E01032739,City of London 001F,Investigation complete; no suspect identified
cf95346f3aa51977e1f103bdf9475f44af72941b46bc4403f1e32215521f36d3,2018-08,City of London Police,City of London Police,-0.097562,51.518864,On or near Parking Area,E01000001,City of London 001A,Investigation complete; no suspect identified
50fdd4fd5a7d46948b0acdb240b06108422e6a659542710720e22f751104f2be,2018-08,City of London Police,City of London Police,-0.085310,51.518511,On or near ELDON STREET,E01032739,City of London 001F,Suspect charged
572d905fb649c8b5c80b4e616c659b99dfbd9daea7058be50da8314575729020,2018-08,City of London Police,City of London Police,-0.082458,51.517431,On or near LIVERPOOL STREET,E01032739,City of London 001F,Investigation complete; no suspect identified
fd475d00c657343e2e826c4bf9a13e658f09b5c89806edd61b523b617746a9b9,2018-08,City of London Police,City of London Police,-0.078856,51.518433,On or near ARTILLERY LANE,E01032739,City of London 001F,Unable to prosecute suspect
a4ff2922b81711dc512b1b1ac17c3d906eb0cc2c59b6692507e4f67123d25ecc,2018-08,City of London Police,City of London Police,-0.094582,51.517376,On or near Parking Area,E01000002,City of London 001B,Investigation complete; no suspect identified
17505cf1077ae8810edcd9f4d74b18ee86fa06e59b453b636866b09dc4fc3323,2018-08,City of London Police,City of London Police,-0.100748,51.515031,On or near WARWICK LANE,E01032739,City of London 001F,Investigation complete; no suspect identified
4dee37628ba92f86a511d8df0ce44c9959ac9d0a7cd0203c94649ac11907a744,2018-08,City of London Police,City of London Police,-0.078665,51.509950,On or near MUSCOVY STREET,E01032739,City of London 001F,Investigation complete; no suspect identified
93bbb70cbdac50b945f8d3cf4686604ab388f2df341571160b7929f6f6734098,2018-08,City of London Police,City of London Police,-0.101452,51.512650,On or near ST ANDREW'S HILL,E01032739,City of London 001F,Investigation complete; no suspect identified
ac1e8e79956468d4b7450cd2fd1668901f6085e8cb4dbcc37ccb6b360e6c8558,2018-08,City of London Police,City of London Police,-0.078665,51.509950,On or near MUSCOVY STREET,E01032739,City of London 001F,Investigation complete; no suspect identified
24313fd4266e042c83e240ee7c0942191e4cadb425fdc277bb81077f4612930a,2018-08,City of London Police,City of London Police,-0.076435,51.513627,On or near ALDGATE,E01000005,City of London 001E,Unable to prosecute suspect
72f45643d897c60b9ad8fe90548dd482c82a0d46fe3d063501fa9367747a7bb6,2018-08,City of London Police,City of London Police,-0.087780,51.508066,On or near BOROUGH HIGH STREET,E01032739,City of London 001F,Investigation complete; no suspect identified
1ddf2d1db81ee324588a3a570c20a2908a189d87cd2fd457e72e4583f4bbaf37,2018-08,City of London Police,City of London Police,-0.082965,51.516351,On or near WORMWOOD STREET,E01032739,City of London 001F,Suspect charged
eb0b19da3662153779e3ed36132389de69d793047a81c66379b35a18bbe4dac1,2018-08,City of London Police,City of London Police,-0.076435,51.513627,On or near ALDGATE,E01000005,City of London 001E,Unable to prosecute suspect
83c1de96cc0202eb59d347e5340c3ec55c35b8d7f4955d6d4ba7b3e32fdf165b,2018-08,City of London Police,City of London Police,-0.103280,51.514109,On or near LUDGATE HILL,E01032740,City of London 001G,Suspect charged
850e6d05fd13bdf5f78368a64fba1ff68a3c068fd85a5c75b506ccc4bd32c09f,2018-08,City of London Police,City of London Police,-0.104909,51.517912,On or near Parking Area,E01032740,City of London 001G,Suspect charged
b6d6d04ccf4b6c47f033860b826ca34d31010454fc491ab4a5f1bd1d7a7db18a,2018-08,City of London Police,City of London Police,-0.096363,51.513377,On or near NEW CHANGE,E01032739,City of London 001F,Unable to prosecute suspect
07af6195fc54d1203d16e4bfba395b5d1e1fc154e13526a5ac8ed0d71a4493d4,2018-08,City of London Police,City of London Police,-0.088203,51.518262,On or near MOORGATE,E01032739,City of London 001F,Unable to prosecute suspect
3851559e73a33be81f3cd5a44b1ab5682032c7131fd16fa3761e0c89843628f8,2018-08,City of London Police,City of London Police,,,No location,,,Suspect charged
e1c0f615457448a2f85ba9d3f2540a1d72633d6f1d6d3253cf46c1c8ce9800be,2018-08,City of London Police,City of London Police,-0.093629,51.515005,On or near MILK STREET,E01000002,City of London 001B,Further investigation is not in the public interest
378b936527d1e572d9178764115aadcfb12d25862715785507950ea6a738cc91,2018-08,City of London Police,City of London Police,-0.105900,51.516966,On or near PLUMTREE COURT,E01032740,City of London 001G,Investigation complete; no suspect identified
ed0c89ca032b93babc76fa65805be1e6049f76b92e17faa9128e91d699a5d55e,2018-08,City of London Police,City of London Police,-0.081620,51.516814,On or near ALDERMAN'S WALK,E01032739,City of London 001F,Investigation complete; no suspect identified
a9c6a46a3c75ffc3ba52ab1eae1384e5a4182472fd538aae561c8bcfd4dc2f52,2018-08,City of London Police,City of London Police,-0.077451,51.515523,On or near WHITE KENNETT STREET,E01000005,City of London 001E,Suspect charged
e900148d8fd681f882e07d85fff687cc59e650e52f9e303aa8725981c902ff6b,2018-08,City of London Police,City of London Police,-0.108965,51.516386,On or near PLOUGH PLACE,E01032740,City of London 001G,Investigation complete; no suspect identified
7a18a0af991b60d8877e62e928b7109cc08bfc9a94920b32fdb980d57323ff0b,2018-08,City of London Police,City of London Police,,,No location,,,Local resolution
62565c3a057ebacb47fc8b51c9b35561210bb79f1ee89e433d1f8f0adb47aa14,2018-08,City of London Police,City of London Police,,,No location,,,Unable to prosecute suspect
2a3a7f8169406b1fc918fc99533d7d82ce91c7adf2cad32a85daf1afe521bf1b,2018-08,City of London Police,City of London Police,-0.083386,51.509757,On or near ST DUNSTAN'S LANE,E01032739,City of London 001F,Unable to prosecute suspect
dbfa9daef1bbd91eb101f78dd7b3676347eb87c4af6573d61140d9b8ff8d1180,2018-08,City of London Police,City of London Police,-0.108231,51.513928,On or near PLEYDELL STREET,E01032740,City of London 001G,Investigation complete; no suspect identified
bd716f4257e4bc36f67eb675ed47facefbf72063b1c586748d0786c1b6d20639,2018-08,City of London Police,City of London Police,-0.101452,51.512650,On or near ST ANDREW'S HILL,E01032739,City of London 001F,Investigation complete; no suspect identified
e67c350a351843bb54769f7c12e8de25b1ac076440514ae28b1f3d9e1708e3c4,2018-08,City of London Police,City of London Police,-0.074793,51.511208,On or near Pedestrian Subway,E01000005,City of London 001E,Investigation complete; no suspect identified
8eb9eb08ca616473922dc480d060ef105171d9c11d1f69ef33a13c478a3ef7aa,2018-08,City of London Police,City of London Police,-0.077777,51.518046,On or near SANDY'S ROW,E01032739,City of London 001F,Investigation complete; no suspect identified
597a9214a542afe5bc09b0da17e09cc76409cd45af749be114c8c2ef0f33708b,2018-08,City of London Police,City of London Police,-0.090847,51.511237,On or near SCOTT'S YARD,E01032739,City of London 001F,Investigation complete; no suspect identified
c896617ba113637bda7b22b37aa38170e54e1b02a48a591613120dc1137fa2af,2018-08,City of London Police,City of London Police,-0.086272,51.513114,On or near BIRCHIN LANE,E01032739,City of London 001F,Investigation complete; no suspect identified
68c5b6372be600d5559c27d4446a20fc064a93e6d6528de2cd67fa6a5df6e712,2018-08,City of London Police,City of London Police,-0.108231,51.513928,On or near PLEYDELL STREET,E01032740,City of London 001G,Investigation complete; no suspect identified
944cae73d67cb96dc4582e9b1a8be8ef2804ea20b947cad364371d12f08e9d11,2018-08,City of London Police,City of London Police,-0.079786,51.517576,On or near Police Station,E01032739,City of London 001F,Investigation complete; no suspect identified
f6bb3cb2140bdfd84fe8672adad5379369604e7a36b9d3f118609d361f544688,2018-08,City of London Police,City of London Police,-0.081620,51.516814,On or near ALDERMAN'S WALK,E01032739,City of London 001F,Investigation complete; no suspect identified
55ad580c0de0f1265afcd77180452f226034f6026e2b026f5ae2fd8e1d1f8b3d,2018-08,City of London Police,City of London Police,-0.104621,51.512692,On or near Supermarket,E01032740,City of London 001G,Investigation complete; no suspect identified
c86cda850f1a9891856c4a5a4b4bd80200aa4a928b5bfbde93683bf174babea6,2018-08,City of London Police,City of London Police,-0.107910,51.515047,On or near GOUGH SQUARE,E01032740,City of London 001G,Investigation complete; no suspect identified
841d427fd5ca3b9ef32a8b5d102683752439a60ae0f76af9506c1a40d8e4f151,2018-08,City of London Police,City of London Police,-0.104300,51.511761,On or near Pedestrian Subway,E01032740,City of London 001G,Investigation complete; no suspect identified
62a2f0103ed5e025e89970f6673f0fe7990eb84fb4f2bfc1e464c2e4490f6a15,2018-08,City of London Police,City of London Police,-0.079786,51.517576,On or near Police Station,E01032739,City of London 001F,Formal action is not in the public interest
85bcdeadb96616bc4144fe80494388038ed58ba13f89916ca0aa88c315a497c3,2018-08,City of London Police,City of London Police,-0.081620,51.516814,On or near ALDERMAN'S WALK,E01032739,City of London 001F,Unable to prosecute suspect
5f1e6835affda2958666600c64e279c3f3f8e88a2d62f708bb2d6e4f14d33ab7,2018-08,City of London Police,City of London Police,-0.091720,51.513454,On or near Supermarket,E01032739,City of London 001F,Investigation complete; no suspect identified
9d70e8c168732aea7ff1aaa46d1b983c443fb7cb1be5905fd1656c7a2e2895ec,2018-08,City of London Police,City of London Police,,,No location,,,Investigation complete; no suspect identified
5093ed61dd1576e8b26f030a36bdf204228f6267ee94b727ec23baff128a33cf,2018-08,City of London Police,City of London Police,-0.084251,51.520059,On or near SUN STREET,E01032739,City of London 001F,Unable to prosecute suspect
bd178cd944e3e908debdd67477fa78e3355020e935e5b29c30fc5763d8833564,2018-08,City of London Police,City of London Police,-0.082628,51.518189,On or near SUN STREET PASSAGE,E01032739,City of London 001F,Investigation complete; no suspect identified
b3bac369d7c98bc8d69cd48c4c529c6d8fea30a7dceac14a242e1e74826b19ed,2018-08,City of London Police,City of London Police,-0.088042,51.511794,On or near ABCHURCH LANE,E01032739,City of London 001F,Suspect charged
c7c3c8d08b0b5ac7331368d7e80a653a60f4dd9af32efcd92cf65ff8a24d59d0,2018-08,City of London Police,City of London Police,-0.075389,51.511775,On or near MINORIES,E01000005,City of London 001E,Unable to prosecute suspect
c907608a2f8341c297a2d5f8be61c9e74ce600601c40ba983b5269b4ddf925ae,2018-08,City of London Police,City of London Police,-0.080146,51.514848,On or near BURY COURT,E01032739,City of London 001F,Investigation complete; no suspect identified
4075dec95409a531a5525f5e1ff7a0575495dc6ff787fd587e292e5c8b67eac1,2018-08,City of London Police,City of London Police,-0.077578,51.510795,On or near PEPYS STREET,E01032739,City of London 001F,Investigation complete; no suspect identified
d712b36fb949afc2c95cc8d02b6530d9d3890bbf8110a7d5a6242e6a3d8d6978,2018-08,City of London Police,City of London Police,-0.104244,51.512749,On or near NEW BRIDGE STREET,E01032739,City of London 001F,Investigation complete; no suspect identified
134178f6ed90b14bca2b7c23cd9f28827660f5bb0a7374ba1a4c70deef84df85,2018-08,City of London Police,City of London Police,,,No location,,,Investigation complete; no suspect identified
dc3de6e44daa8845214a18e5cb42f3b05956c13f7586a4e5233c7ebca45942fc,2018-08,City of London Police,City of London Police,-0.106680,51.515882,On or near Parking Area,E01032740,City of London 001G,Unable to prosecute suspect
74d2fa8a0035d5e04fa68f228c0c214b08b92a4b7dfd2205c217307164cd578b,2018-08,City of London Police,City of London Police,-0.078994,51.514137,On or near HENEAGE PLACE,E01032739,City of London 001F,Investigation complete; no suspect identified
5e6edd3d3fa603f4d219cbbee0a3aa10015e3670dffda053a80b0b2125c5d250,2018-08,City of London Police,City of London Police,-0.083645,51.512504,On or near LIME STREET PASSAGE,E01032739,City of London 001F,Investigation complete; no suspect identified
2247bc5fea3079cfc98a9719040c8c8ff3b79d4bac08df9fc3f1cd1381e41848,2018-08,City of London Police,City of London Police,-0.079444,51.512678,On or near FENCHURCH BUILDINGS,E01032739,City of London 001F,Investigation complete; no suspect identified
1a1817c7a71bdb334619f0179e93177d81a33607ed217ec4a982e843cbee7391,2018-08,City of London Police,City of London Police,,,No location,,,Investigation complete; no suspect identified
ed3c6c2858c277c5ad63b1c7e9325eb9b90b40ba60355eff1ca76383a262bee5,2018-08,City of London Police,City of London Police,-0.080782,51.514804,On or near ST MARY AXE,E01032739,City of London 001F,Suspect charged
a04154dd10d3175864dbdd4803a19f2f065f1b4c7db553400c9d42bf8e793baa,2018-08,City of London Police,City of London Police,-0.077694,51.513171,On or near ALDGATE,E01032739,City of London 001F,Offender given a drugs possession warning
a6874d746e3f49cfbb0ca28df1095b9c8474acb9ecb70bb3dadddb6b0b5d54dc,2018-08,City of London Police,City of London Police,,,No location,,,Unable to prosecute suspect
83a147bbeb90e3aa364e8a5959af9f04611a93f4f97738498622acf0156aab51,2018-08,City of London Police,City of London Police,-0.105900,51.516966,On or near PLUMTREE COURT,E01032740,City of London 001G,Investigation complete; no suspect identified
ef0560799cdcb3eee0616141dc0d27b9fbfdc0fa4d2d91f833ce54dca4c5b3a9,2018-08,City of London Police,City of London Police,-0.093493,51.513447,On or near BOW LANE,E01032739,City of London 001F,Investigation complete; no suspect identified
a58927fe4cb6993dac9ca4f14d9da976f8111c570e9e4f0b48b703589d6a5d68,2018-08,City of London Police,City of London Police,-0.089475,51.513355,On or near Pedestrian Subway,E01032739,City of London 001F,Investigation complete; no suspect identified
60ab1614f79ed65915e46455fe5d4c93e13e978738d07aa7d5f09a9e5936bc43,2018-08,City of London Police,City of London Police,-0.080376,51.517244,On or near Supermarket,E01032739,City of London 001F,Offender given penalty notice
7d8bf295e7c0af3abfbf22689b0779119eb2de8a8df3458e9305f659a960580c,2018-08,City of London Police,City of London Police,-0.084967,51.512598,On or near BELL INN YARD,E01032739,City of London 001F,Suspect charged
127fb8750affb302b42154b21b5c8522bd1b00ae08b3789e53d1a8e06445cb74,2018-08,City of London Police,City of London Police,-0.046099,51.550625,On or near Hospital,E01001729,Hackney 019A,Formal action is not in the public interest
5426fd790e865b2f0c60423aeb499df0b62126b7fdd913c5fe7789e4fc7aafb5,2018-08,City of London Police,City of London Police,-0.085014,51.509775,On or near MONUMENT STREET,E01032739,City of London 001F,Investigation complete; no suspect identified
5eca0a59f1c6028c702b76e24183b88ef7680ee03e5a197cca264c43a4006faa,2018-08,City of London Police,City of London Police,-0.073152,51.512206,On or near MANSELL STREET,E01000005,City of London 001E,Unable to prosecute suspect
9811b32f3cc3fca76c7d7f2cc57c82861778d725059f7097afe6c3d29dcffaff,2018-08,City of London Police,City of London Police,-0.094933,51.513129,On or near BREAD STREET,E01032739,City of London 001F,Investigation complete; no suspect identified
13c0b3deeb5f6e64fb3e4bcde5ffb694040c670eafff3ebd746e166d13be26bd,2018-08,City of London Police,City of London Police,-0.080244,51.511828,On or near MARK LANE,E01032739,City of London 001F,Investigation complete; no suspect identified
c1ac7f9cf7919d2b6bf73d1d264e31ae6993064222573ee37df4b73eede161bd,2018-08,City of London Police,City of London Police,-0.093916,51.511583,On or near GARLICK HILL,E01032739,City of London 001F,Investigation complete; no suspect identified
0ab4a8a8d5869df66b692b63d69248f25125b0acde0d2a00204c3a135ffb3431,2018-08,City of London Police,City of London Police,-0.084251,51.520059,On or near SUN STREET,E01032739,City of London 001F,Investigation complete; no suspect identified
475e3716fe7ad06f0c2f2e1a9acc0481d6707fd3f98b6ac43d4fb51e9c7a3080,2018-08,City of London Police,City of London Police,,,No location,,,Investigation complete; no suspect identified
7d1d3efa303d2da651297f905cd30c73db32fec8030743d3ceadcb75a92300bc,2018-08,City of London Police,City of London Police,-0.078856,51.518433,On or near ARTILLERY LANE,E01032739,City of London 001F,Investigation complete; no suspect identified
5571ef464f1c7498048bcebfffdcbd245f06a848618ac50a3891f60f31cc18d9,2018-08,City of London Police,City of London Police,-0.079786,51.517576,On or near Police Station,E01032739,City of London 001F,Investigation complete; no suspect identified
689f6ecbd34d1bd88445c4483f8e2275b98206fcf4b50711f458a1eb2e4728b8,2018-08,City of London Police,City of London Police,-0.073254,51.512856,On or near MANSELL STREET,E01000005,City of London 001E,Suspect charged
90c1580ff3eca8d8f480dcdb3e28c4838bf5f4f5206d71e5004b85fb47755a77,2018-08,City of London Police,City of London Police,-0.096814,51.512952,On or near ST PAUL'S CHURCH YARD,E01032739,City of London 001F,Investigation complete; no suspect identified
43d68f06da58a4c19bcb22943df9cc0f362b9dc04c33c494774d6b8495088e8f,2018-08,City of London Police,City of London Police,-0.081620,51.516814,On or near ALDERMAN'S WALK,E01032739,City of London 001F,Further investigation is not in the public interest
01232b39cfaf33809fd23072cb8d07a42c2350baf37eeda66ead78baee1b3e67,2018-08,City of London Police,City of London Police,-0.093558,51.516703,On or near Police Station,E01000002,City of London 001B,Investigation complete; no suspect identified
b3bfe31c584eb5ec28ec3c0d015a4e44fc443fb9eec7fa238a8c529eb616f105,2018-08,City of London Police,City of London Police,-0.081832,51.514507,On or near UNDERSHAFT,E01032739,City of London 001F,Investigation complete; no suspect identified
4c50b6285ab9857a46a739ec56c44e2bab9c9e4f724a4a3abdf1d7f96b6074df,2018-08,City of London Police,City of London Police,-0.087760,51.517149,On or near LONDON WALL,E01032739,City of London 001F,Suspect charged
e6a2ef0e1d8fc79c34cafe341d862e855f32a2c82f5289109e177d0583bd38d2,2018-08,City of London Police,City of London Police,-0.094628,51.514203,On or near CHEAPSIDE,E01032739,City of London 001F,Suspect charged
fd4243e72264248ef90a0180f7cf25a631652fe14537528f772f35b01be04dba,2018-08,City of London Police,City of London Police,-0.092321,51.513194,On or near PANCRAS LANE,E01032739,City of London 001F,Suspect charged
886988ccddd37044aa43ed635303694c9debb4840b6cda1f57c7f1f2dc0d5ee0,2018-08,City of London Police,City of London Police,-0.078856,51.518433,On or near ARTILLERY LANE,E01032739,City of London 001F,Suspect charged
850e6d05fd13bdf5f78368a64fba1ff68a3c068fd85a5c75b506ccc4bd32c09f,2018-08,City of London Police,City of London Police,-0.104909,51.517912,On or near Parking Area,E01032740,City of London 001G,Suspect charged
e47bf9266ef9d30148e38f7909ac6db527887a23c9e0bd6816feb7687100c37d,2018-08,City of London Police,City of London Police,-0.084967,51.512598,On or near BELL INN YARD,E01032739,City of London 001F,Suspect charged
b5a7a9d7b201573b9e5dfc03bc45aeb9bca7bdaafc03cfb417391672b785135a,2018-08,City of London Police,City of London Police,-0.087780,51.508066,On or near BOROUGH HIGH STREET,E01032739,City of London 001F,Investigation complete; no suspect identified
a504db8a58a9889df719e7f4a74e23336e9e29451b5608b5ec541e05a5435c78,2018-08,City of London Police,City of London Police,-0.097601,51.520699,On or near CARTHUSIAN STREET,E01000001,City of London 001A,Unable to prosecute suspect
6746c8a6dddac112961a624ea6ca360941184862ff7d7ab40b854b52262fa80b,2018-08,City of London Police,City of London Police,-0.081620,51.516814,On or near ALDERMAN'S WALK,E01032739,City of London 001F,Unable to prosecute suspect
ae07b320fb30bc5de7687cb1672217ba833fd3fdd6a2adad9eaa7c6956448501,2018-08,City of London Police,City of London Police,-0.089218,51.516057,On or near MOORGATE,E01032739,City of London 001F,Investigation complete; no suspect identified
d65a7766393966a32ca85dfddad6f9b46c9158d7effd954155639c810fd291c7,2018-08,City of London Police,City of London Police,-0.080376,51.517244,On or near Supermarket,E01032739,City of London 001F,Investigation complete; no suspect identified
0877e89423e8aebe5595e082f4de18f9740bafc3bc4758ce8561e80b7f24f252,2018-08,City of London Police,City of London Police,-0.087118,51.513199,On or near Nightclub,E01032739,City of London 001F,Investigation complete; no suspect identified
1180c10fc76baa8c440a3ae3504a4653fddb8970a2d30d3cc59f728c86ea4f8b,2018-08,City of London Police,City of London Police,-0.089451,51.517032,On or near Bus/Coach Station,E01032739,City of London 001F,Investigation complete; no suspect identified
b24c74b365224f946f49df411d668976b74860494c45e823358a04593df0e656,2018-08,City of London Police,City of London Police,-0.087118,51.513199,On or near Nightclub,E01032739,City of London 001F,Unable to prosecute suspect
0ac8b4e0061e1472751a6b6aeefb17bddb1aaf96df48f6c94a292b7f8506b477,2018-08,City of London Police,City of London Police,-0.097645,51.515142,On or near ST MARTIN'S LE GRAND,E01032739,City of London 001F,Investigation complete; no suspect identified
0aa11ce16167dc609bc2f850623c01c0d175870fc5eeb026a0c8b6667cb6843b,2018-08,City of London Police,City of London Police,-0.076853,51.511916,On or near Nightclub,E01032739,City of London 001F,Investigation complete; no suspect identified
42aaa1657d04b036cfb5d2b32ed8670677b2e7251ce514e28947c7cffbc847cd,2018-08,City of London Police,City of London Police,-0.095026,51.518499,On or near Park/Open Space,E01000002,City of London 001B,Investigation complete; no suspect identified
af87240b96feef6f17a2daa031fef0c4b37634b8e7f1d29d52ea1bf14d7b5a69,2018-08,City of London Police,City of London Police,,,No location,,,Unable to prosecute suspect
a5654672b70f20d552bc7c08ae28eeed98b554aa37ea15643c9bda03635e8d0e,2018-08,City of London Police,City of London Police,,,No location,,,Investigation complete; no suspect identified
f4972490224ec8e65e539a58254b732b4ca129a1199970521bfc59cd6a6f0d04,2018-08,City of London Police,City of London Police,-0.097645,51.515142,On or near ST MARTIN'S LE GRAND,E01032739,City of London 001F,Investigation complete; no suspect identified
f2149c58fed4b2d3593fdf50ccb662cfd221880f0683b5c19d2d829d73ffb9cc,2018-08,City of London Police,City of London Police,-0.076435,51.513627,On or near ALDGATE,E01000005,City of London 001E,Unable to prosecute suspect
d7fcef062cb4349dad7f5df6b9daadcccd9ac6f357bf2bb3c7180f88e1469f9d,2018-08,City of London Police,City of London Police,-0.087118,51.513199,On or near Nightclub,E01032739,City of London 001F,Investigation complete; no suspect identified
ce853b873c09ca6e69f481ed0b3a2a1aafdc15344a4f54a8211e8fe592794550,2018-08,City of London Police,City of London Police,,,No location,,,Suspect charged
fc3702098dfc669ad0831dfc1db22bb475539b0b1991ad1b70d0d980f1d57f4a,2018-08,City of London Police,City of London Police,-0.078484,51.517680,On or near CATHERINE WHEEL ALLEY,E01032739,City of London 001F,Unable to prosecute suspect
86bc5d075cdfeccfe9bdcd9ea88743663980b13d0bdf485a88b81479651bc4b7,2018-08,City of London Police,City of London Police,-0.076435,51.513627,On or near ALDGATE,E01000005,City of London 001E,Unable to prosecute suspect
9594a4970a278ce5e81e7ad7308b64e670b8545404bbe40a5352a2df6acdeae0,2018-08,City of London Police,City of London Police,-0.103280,51.514109,On or near LUDGATE HILL,E01032740,City of London 001G,Unable to prosecute suspect
7eb043c5b2a55e01f105c09108bdd9af28cdb41a8e733b069135d96726b9adb9,2018-08,City of London Police,City of London Police,-0.106214,51.513905,On or near SALISBURY COURT,E01032740,City of London 001G,Unable to prosecute suspect
79314984abfbb605ac77de997fa739ecb87d00167d6039efc416e6901f803786,2018-08,City of London Police,City of London Police,-0.088843,51.509532,On or near Parking Area,E01032739,City of London 001F,Investigation complete; no suspect identified
e10db42686267f7ce501c00b2efcb49be85dcb03f06e8c2e8bcd059c9c27f796,2018-08,City of London Police,City of London Police,-0.079130,51.507808,On or near Ferry Terminal,E01004293,Tower Hamlets 027B,Investigation complete; no suspect identified
45321973ec4bad061419b103191ede7c6b7ee22e0b3a0cb8f85dcebfb7656fac,2018-08,City of London Police,City of London Police,-0.077777,51.518046,On or near SANDY'S ROW,E01032739,City of London 001F,Investigation complete; no suspect identified
c06060fe412ec810a3ce05dbfb4e9bb2d0fc9e8c90f7cffedff4c9464fc4fcfe,2018-08,City of London Police,City of London Police,-0.096511,51.511922,On or near QUEEN VICTORIA STREET,E01032739,City of London 001F,Investigation complete; no suspect identified
9a572c72fffe31ee5a2cf1071cfaa2d9c6442c6a68789d8244b8a557fff4d520,2018-08,City of London Police,City of London Police,-0.094628,51.514203,On or near CHEAPSIDE,E01032739,City of London 001F,Unable to prosecute suspect
60ac25349d13ca3fc8a2075402e2296081a66976cdaa318d284dcbb04aacac75,2018-08,City of London Police,City of London Police,-0.081516,51.510014,On or near GREAT TOWER STREET,E01032739,City of London 001F,Investigation complete; no suspect identified
b8dec674c9a607b26383c7f901123a28473c0edf8a4ca9efdedb5556f2226849,2018-08,City of London Police,City of London Police,-0.092719,51.512652,On or near QUEEN VICTORIA STREET,E01032739,City of London 001F,Investigation complete; no suspect identified
2ec19d1bcd2df205196edd10504598e8c93b525c8ddc4f6f4ff72de87ebeb324,2018-08,City of London Police,City of London Police,-0.073515,51.510414,On or near Parking Area,E01000005,City of London 001E,Investigation complete; no suspect identified
869018c75b0d5981246a83ce8693d926b3e9d7100c006dcdabc93df4695966a1,2018-08,City of London Police,City of London Police,-0.109155,51.516668,On or near FETTER LANE,E01032740,City of London 001G,Investigation complete; no suspect identified
917f06908dcf10dd5d4e6e3658ab07fb6caf3410ba16ef41b107d5e52e05bd48,2018-08,City of London Police,City of London Police,-0.084251,51.520059,On or near SUN STREET,E01032739,City of London 001F,Investigation complete; no suspect identified
9ede7d608b9d64a86488c670b26c5cf9e10996dc27fe3b347ec7c8830d8d0cbf,2018-08,City of London Police,City of London Police,-0.097645,51.515142,On or near ST MARTIN'S LE GRAND,E01032739,City of London 001F,Investigation complete; no suspect identified
6631782e6956f208ff3d9096d9a2d539061858a230a3f66badd3c0a13c75ab2b,2018-08,City of London Police,City of London Police,-0.081890,51.515173,On or near ST HELEN'S PLACE,E01032739,City of London 001F,Investigation complete; no suspect identified
13cb0633279a106e1986a79d2df2155d0fcdd11808af88672d2dbab1e16d810a,2018-08,City of London Police,City of London Police,-0.083993,51.511440,On or near PHILPOT LANE,E01032739,City of London 001F,Investigation complete; no suspect identified
a1ba9a6acc6dd2af116bed829be9a461bfec105d47d961528233f2b55462d72e,2018-08,City of London Police,City of London Police,-0.105900,51.516966,On or near PLUMTREE COURT,E01032740,City of London 001G,Investigation complete; no suspect identified
f351d73874ed1255ccad335d4ec6ad85ef681039e21ae94e44e110092f543024,2018-08,City of London Police,City of London Police,-0.096561,51.514513,On or near CHEAPSIDE,E01032739,City of London 001F,Suspect charged
13b561f2b7e557887a00b40bc56613e8b855ff77d2102a3fec8773a5e29ebfbe,2018-08,City of London Police,City of London Police,-0.104887,51.516347,On or near FARRINGDON STREET,E01032740,City of London 001G,Investigation complete; no suspect identified
10f4d71fc759efb7d007ab4db895b8cd5e18637e0c95aea14beab56f331e900a,2018-08,City of London Police,City of London Police,-0.101452,51.512650,On or near ST ANDREW'S HILL,E01032739,City of London 001F,Investigation complete; no suspect identified
8c1a480dceb83ba4ced2fab13e66676ee23dfd3b958ee155d18e95a4bc87ce85,2018-08,City of London Police,City of London Police,-0.096846,51.511478,On or near LAMBETH HILL,E01032739,City of London 001F,Investigation complete; no suspect identified
5851b7bd34e5a3d63988be07d66daffadbb944888a7e9998c9350968764f0e8a,2018-08,City of London Police,City of London Police,-0.098062,51.517577,On or near MONTAGUE STREET,E01000001,City of London 001A,Investigation complete; no suspect identified
76907132d66a68a52ac1ebd4a50140ce89e44f96e8aaeb640177e258c4287894,2018-08,City of London Police,City of London Police,-0.110735,51.517836,On or near Further/Higher Educational Building,E01032740,City of London 001G,Investigation complete; no suspect identified
15b25cf5ba97b8f8a3e47ad697a67ccf320d2700eec59a89159b08d0bd2009fe,2018-08,City of London Police,City of London Police,-0.107147,51.517130,On or near ST ANDREW STREET,E01032740,City of London 001G,Investigation complete; no suspect identified
db082942b443105e4f16f18b6de34d6ae5533366a4c4c89ee70f5329c8e7890e,2018-08,City of London Police,City of London Police,-0.096363,51.513377,On or near NEW CHANGE,E01032739,City of London 001F,Investigation complete; no suspect identified
6fe7db98b6c2b422645d5a5873c4b12952087a40ce9af6c910d139705420d33e,2018-08,City of London Police,City of London Police,-0.083993,51.511440,On or near PHILPOT LANE,E01032739,City of London 001F,Investigation complete; no suspect identified
cc4bb83f0fd5cf6d152595c5a335bdca3d2f58f986ccf2650022092c886ebc1e,2018-08,City of London Police,City of London Police,-0.096363,51.513377,On or near NEW CHANGE,E01032739,City of London 001F,Investigation complete; no suspect identified
f525dde9b4a9d19fe34af1503b7d4a0c1329adb7868c39ab7233b4f51d98291f,2018-08,City of London Police,City of London Police,,,No location,,,Investigation complete; no suspect identified
368fa870156f452be75e47e3b662d2ddd88ffce613a20c6738a09499d575994d,2018-08,City of London Police,City of London Police,-0.085669,51.515100,On or near AUSTIN FRIARS,E01032739,City of London 001F,Investigation complete; no suspect identified
8fa5c96b552263970185a8170db55c1520e8f6ad176b319b263cb1817a76a27c,2018-08,City of London Police,City of London Police,-0.111497,51.518226,On or near Pedestrian Subway,E01000914,Camden 028B,Investigation complete; no suspect identified
86e45e12e84b92853e7a71ea42ac72faf0f531990e0658d2aeceedce15db675c,2018-08,City of London Police,City of London Police,-0.078308,51.518091,On or near WIDEGATE STREET,E01032739,City of London 001F,Unable to prosecute suspect
47c0550e7c02aa74609e87c292f0dcf8634d5a3baeceea1a04591443e59c39d6,2018-08,City of London Police,City of London Police,-0.093933,51.519812,On or near Conference/Exhibition Centre,E01000002,City of London 001B,Investigation complete; no suspect identified
e76d8fce1510bfc137c95b63a4546183ba98b42787efeca312d217ff68427eb4,2018-08,City of London Police,City of London Police,-0.079398,51.516508,On or near DEVONSHIRE SQUARE,E01032739,City of London 001F,Investigation complete; no suspect identified
e6a2ef0e1d8fc79c34cafe341d862e855f32a2c82f5289109e177d0583bd38d2,2018-08,City of London Police,City of London Police,-0.094628,51.514203,On or near CHEAPSIDE,E01032739,City of London 001F,Suspect charged
93f6b074781bf187ce6847c2068cda104a00a6560021353f9351006af8abeb26,2018-08,City of London Police,City of London Police,-0.090985,51.516886,On or near BASINGHALL AVENUE,E01032739,City of London 001F,Investigation complete; no suspect identified
dbd2f359a434a29ac6a7fbb7a3ca391ff19d497cfc274ae551c959470a04aa1a,2018-08,City of London Police,City of London Police,-0.111974,51.513683,On or near FLEET STREET,E01004735,Westminster 018B,Investigation complete; no suspect identified
dc51f055edbd7636306f7366e9e03235f24567ceca79f94c07953275c375a2e8,2018-08,City of London Police,City of London Police,-0.076080,51.511445,On or near AMERICA SQUARE,E01000005,City of London 001E,Investigation complete; no suspect identified
b8be21b2288e4f46f3fa15d8079d69e76e348e48734f2eb8fea46248590d21fb,2018-08,City of London Police,City of London Police,-0.097736,51.520206,On or near Conference/Exhibition Centre,E01000001,City of London 001A,Investigation complete; no suspect identified
9704f7b48bfab7478abdea77076eaac9a77cbf2d02093c71732f7330bea2b20d,2018-08,City of London Police,City of London Police,-0.079786,51.517576,On or near Police Station,E01032739,City of London 001F,Investigation complete; no suspect identified
1977b67f706642895195abb17eedd23af8e3f081a91796f859908a75b7a55639,2018-08,City of London Police,City of London Police,-0.097962,51.519635,On or near CLOTH STREET,E01032740,City of London 001G,Unable to prosecute suspect
91127a91265c110b50028168d2277ae3a57e1c4c95949e41d840ae5a45a1a97c,2018-08,City of London Police,City of London Police,-0.086278,51.509876,On or near FISH STREET HILL,E01032739,City of London 001F,Suspect charged
f33517ab72c3dd99b2d2051a8209254d396ae725202e9fdb6c2c0e109b0e5f3b,2018-08,City of London Police,City of London Police,-0.082913,51.513463,On or near LEADENHALL STREET,E01032739,City of London 001F,Offender given a caution
1a493155d84c6e34fc8de4d6984c502e9bd801a9a4507f1d3ff1d22af73048b2,2018-08,City of London Police,City of London Police,-0.093198,51.510834,On or near UPPER THAMES STREET,E01032739,City of London 001F,Investigation complete; no suspect identified
41e83e19575a62db24281f0e11bc2a2d42d41d3eb4a5b1c20dd273245301b1df,2018-08,City of London Police,City of London Police,-0.095892,51.516391,On or near NOBLE STREET,E01000001,City of London 001A,Investigation complete; no suspect identified
b1a3284cdf6f333165c3dfa78ac650040380c40923143eeb9aef317f5c84a0a4,2018-08,City of London Police,City of London Police,-0.082811,51.510054,On or near IDOL LANE,E01032739,City of London 001F,Investigation complete; no suspect identified
868f859a1b87eebdcffb961af427cde58aeffebc81c1c101724e49d7bb1921e6,2018-08,City of London Police,City of London Police,-0.081620,51.516814,On or near ALDERMAN'S WALK,E01032739,City of London 001F,Investigation complete; no suspect identified
5869f7dcfd6f688a2aee2252b1278eaa1de0cc686c2412ab0b95a24e49153961,2018-08,City of London Police,City of London Police,-0.088203,51.518262,On or near MOORGATE,E01032739,City of London 001F,Unable to prosecute suspect
6e7f66cfe5f9d82ab8dc023f4c04c35cd21aef47f455511043d70489039e6d3c,2018-08,City of London Police,City of London Police,,,No location,,,Investigation complete; no suspect identified
0b2396410a1bc02777ed414cf95336f6a506c5fc66e74365166fdb3431275082,2018-08,City of London Police,City of London Police,-0.101345,51.518709,On or near Parking Area,E01032740,City of London 001G,Investigation complete; no suspect identified
efe5abb97cf711261d7743dbd2306d171055d68e2c8fe65b181cab616113828d,2018-08,City of London Police,City of London Police,-0.088766,51.519620,On or near ROPEMAKER STREET,E01002704,Islington 023D,Investigation complete; no suspect identified
313d0a2cd00dd48dd49a83b3040027b3185537b5ce30910766410c451d7c1562,2018-08,City of London Police,City of London Police,-0.094546,51.520658,On or near BEECH STREET,E01000002,City of London 001B,Investigation complete; no suspect identified
0162e553ddb87ec5f74ad70ddc3def8c0bcc5a22da681a4dd3f35ec6aacb13f6,2018-08,City of London Police,City of London Police,-0.092625,51.513865,On or near CHEAPSIDE,E01032739,City of London 001F,Investigation complete; no suspect identified
f64a537a79d0555f3a3bc420fcde009e5a078d671f11222050263f4dbf4aaf57,2018-08,City of London Police,City of London Police,-0.081620,51.516814,On or near ALDERMAN'S WALK,E01032739,City of London 001F,Unable to prosecute suspect
a5105b466ed7244f7ac990a2d94dedc748c1029796de9d5735b6233359f4f2e1,2018-08,City of London Police,City of London Police,,,No location,,,Offender fined
db33e76c003b606de4447cd96ac18a89a830dff3de778ee370754507f4707300,2018-08,City of London Police,City of London Police,-0.084618,51.512682,On or near GRACECHURCH STREET,E01032739,City of London 001F,Offender sent to prison
1f25fc07669ec5dd75c35b4ab67c52967a58ca0791d9ba828befd74063862a12,2018-08,City of London Police,City of London Police,-0.080376,51.517244,On or near Supermarket,E01032739,City of London 001F,Offender fined
78c0ad4e8ffc1bae4d1e40f9417b77168085c9c0bbe87d6e7a22f72c3b5bb74e,2018-08,City of London Police,City of London Police,-0.104621,51.512692,On or near Supermarket,E01032740,City of London 001G,Offender fined
8b7032d3df33b312ae5b9e727fc90e90bdf52dbe2e68c708044b6d82f7594a37,2018-08,City of London Police,City of London Police,-0.085257,51.511200,On or near TALBOT COURT,E01032739,City of London 001F,Offender fined
e47bf9266ef9d30148e38f7909ac6db527887a23c9e0bd6816feb7687100c37d,2018-08,City of London Police,City of London Police,-0.084967,51.512598,On or near BELL INN YARD,E01032739,City of London 001F,Offender fined
4962f9ea2b0a4e761ceb6a24d9cc71c7ce4611cec27608c61dd3839009227ae6,2018-08,City of London Police,City of London Police,-0.073543,51.516934,On or near WENTWORTH STREET,E01004310,Tower Hamlets 015E,Offender fined
7d611a7f832f3d4c35270df77d35f88660fe19b59e0d0b76b24d40d590d6dc15,2018-08,City of London Police,City of London Police,-0.080782,51.514804,On or near ST MARY AXE,E01032739,City of London 001F,Offender sent to prison
d4a6bee2b0b903bca13881657d83cfdaa3620860be2e110e503bd9963a22b94b,2018-08,City of London Police,City of London Police,-0.088393,51.511332,On or near ABCHURCH LANE,E01032739,City of London 001F,Offender fined
520b0ada9d5e53e10a0101c881d236c8cf9fe0944a24745fa26d170ea9d5d53c,2018-08,City of London Police,City of London Police,-0.085310,51.518511,On or near ELDON STREET,E01032739,City of London 001F,Offender sent to prison
71e80783d1acf3382aa00f3e74e4c1bce217fbe3a81683d6d74994ee3ad71146,2018-08,City of London Police,City of London Police,-0.080376,51.517244,On or near Supermarket,E01032739,City of London 001F,Offender fined
082a3247e59bf84249c487058f4ecaa7477fe697e08c55bd09f5edd04faa0190,2018-08,City of London Police,City of London Police,-0.080782,51.514804,On or near ST MARY AXE,E01032739,City of London 001F,Offender sent to prison
8bcd73838d04b269f91b38423b70a045eb6fad4b145fa7641f031437fa99a568,2018-08,City of London Police,City of London Police,-0.088393,51.511332,On or near ABCHURCH LANE,E01032739,City of London 001F,Offender sent to prison
48eaef0e222f94da7fb9ea0392c667a1b2c496f79176fe866b941a9e342f8680,2018-08,City of London Police,City of London Police,-0.082965,51.516351,On or near WORMWOOD STREET,E01032739,City of London 001F,Offender given community sentence
8c3734896bec702b543fea3058d4d047256149adee4d3fcef009dff00f4de750,2018-08,City of London Police,City of London Police,-0.101452,51.512650,On or near ST ANDREW'S HILL,E01032739,City of London 001F,Offender sent to prison
b11cbaade53993c1a180915ee09b5a48899ac697c6cfd9a27941054e4a332556,2018-08,City of London Police,City of London Police,-0.079448,51.511554,On or near FENCHURCH PLACE,E01032739,City of London 001F,Offender sent to prison
948fb0298702fa2e286dc1ac9e07ccf30fddfefd48f6e3533b10ffda062a8cb4,2018-08,City of London Police,City of London Police,-0.082965,51.516351,On or near WORMWOOD STREET,E01032739,City of London 001F,Offender given community sentence
1c925d33a92ecbe15894dd541a915ebc5e0d2380ace69a9ccc89d38caa7f27fc,2018-08,City of London Police,City of London Police,-0.080782,51.514804,On or near ST MARY AXE,E01032739,City of London 001F,Offender sent to prison
7656c2b55edf65048e625a921b13d5810d990d662f7a6340b29835e66164faca,2018-08,City of London Police,City of London Police,-0.085833,51.513952,On or near FINCH LANE,E01032739,City of London 001F,Offender fined
2c8d5bf164f1ff08cafab3e39c28b23ba3ba9422f8688c6bab4f715a34cec52b,2018-08,City of London Police,City of London Police,-0.080376,51.517244,On or near Supermarket,E01032739,City of London 001F,Offender fined
b354ba15a09142a5e58f9d4e0a4bc321c7e2de70a61a8337fcc7a5d9511c60ff,2018-08,City of London Police,City of London Police,-0.088393,51.511332,On or near ABCHURCH LANE,E01032739,City of London 001F,Offender sent to prison
b17ca673fdc9bc53cca12b6352bf7473e4ba96ad865fee8692c3677c2d3c77e7,2018-08,City of London Police,City of London Police,-0.080782,51.514804,On or near ST MARY AXE,E01032739,City of London 001F,Offender sent to prison
eaba59e6f03aaa33938f5decb1515369f84109b43ce1382db79565f3049c00eb,2018-08,City of London Police,City of London Police,-0.110710,51.513914,On or near FLEET STREET,E01032740,City of London 001G,Court case unable to proceed
882f24c916069daae212845b3721016eb4062a39c0a712418a0064f34620735c,2018-08,City of London Police,City of London Police,-0.081620,51.516814,On or near ALDERMAN'S WALK,E01032739,City of London 001F,Offender fined
82182dc23e6134fc3f8a400845bc97fb024dc27a65452e9731282dd7c7f73ddd,2018-08,City of London Police,City of London Police,-0.098886,51.519254,On or near KINGHORN STREET,E01032740,City of London 001G,Court case unable to proceed
1c40eb0c128c8c57bffbae73ded278e11df78b50172a27ff7551ce327e3f2474,2018-08,City of London Police,City of London Police,-0.083972,51.510549,On or near LOVAT LANE,E01032739,City of London 001F,Offender sent to prison
dd6710bf4a8246baa83142334c8edd8ad5ab54f1064b63fc164f88c02f6312f0,2018-08,City of London Police,City of London Police,-0.105134,51.513869,On or near BRIDE LANE,E01032740,City of London 001G,Offender sent to prison
1eaae8ed0cdd755ccf8a3c91810d0f21bc4293c1a3839a77b636930297648fdb,2018-08,City of London Police,City of London Police,-0.076240,51.504245,On or near A100,E01032640,Southwark 003H,Defendant found not guilty
2f213d92b34ef7176bb7b5f14efd9eb5ba0f11ea746e34713dbde5b817261abb,2018-08,City of London Police,City of London Police,-0.083296,51.517058,On or near OLD BROAD STREET,E01032739,City of London 001F,Offender sent to prison
3a704a73251d85e4f570d6d7e7391a5f3d18482105b214eb560b56df48bdc651,2018-08,City of London Police,City of London Police,-0.094231,51.511984,On or near GREAT TRINITY LANE,E01032739,City of London 001F,Offender given conditional discharge
0d7cc13caf8c39af4ab5651ada49fa93ab48b42182e60b31c2d9444dc193f42d,2018-08,City of London Police,City of London Police,-0.089451,51.517032,On or near Bus/Coach Station,E01032739,City of London 001F,Offender deprived of property
fbb3f7470504abc0b0d089a742eb55158361c429cd88e6593f436fc5670fb6ba,2018-08,City of London Police,City of London Police,,,No location,,,Defendant found not guilty
b23a28d7fa132f4c961177001da0e69bd922e622626801220d0e7a054773020f,2018-08,City of London Police,City of London Police,-0.103280,51.514109,On or near LUDGATE HILL,E01032740,City of London 001G,Offender fined
8bcd73838d04b269f91b38423b70a045eb6fad4b145fa7641f031437fa99a568,2018-08,City of London Police,City of London Police,-0.088393,51.511332,On or near ABCHURCH LANE,E01032739,City of London 001F,Offender fined
0ae96c6172f240916a0e64955aa2a5dde089458d17588601cd4d26c1282470a7,2018-08,City of London Police,City of London Police,-0.096363,51.513377,On or near NEW CHANGE,E01032739,City of London 001F,Offender fined
ed0f1de5afcd86c54778a830a34cceefc1f0a18113db9b252d53cb41c3a5a621,2018-08,City of London Police,City of London Police,-0.088393,51.511332,On or near ABCHURCH LANE,E01032739,City of London 001F,Offender sent to prison
a3eb64d67d68327c6b36246da675b6b232b50ccef864329addcb68760a08be89,2018-08,City of London Police,City of London Police,-0.080376,51.517244,On or near Supermarket,E01032739,City of London 001F,Defendant found not guilty
0c734ef84c9534cf693e2de3dad453e424ccf2d04d4e48f13458a74063a48d71,2018-08,City of London Police,City of London Police,-0.080782,51.514804,On or near ST MARY AXE,E01032739,City of London 001F,Offender sent to prison
05bf8df81caf7d1cee4f750504e50cd9e3b7e06c46c4238ac36538a59c008fe8,2018-08,City of London Police,City of London Police,-0.081620,51.516814,On or near ALDERMAN'S WALK,E01032739,City of London 001F,Offender given conditional discharge
0a19559909ddb5dc7afa416e96f6c30f4263024d83e547290a7ecbc8e5502a56,2018-08,City of London Police,City of London Police,-0.081091,51.516014,On or near CAMOMILE STREET,E01032739,City of London 001F,Offender given community sentence
7459180a3b746bd82ff77a9134bb225d8b104ae0da8fddb6062bcb296a938d0d,2018-08,City of London Police,City of London Police,-0.074901,51.506255,On or near A100,E01004293,Tower Hamlets 027B,Court case unable to proceed
58a4dd7ecafeebe70dd610ea569e0d144cb93024fa56bf69b1f482dae18abb17,2018-08,City of London Police,City of London Police,-0.097562,51.518864,On or near Parking Area,E01000001,City of London 001A,Offender given community sentence
b6b443923b971cb7fd0981572924b4b4bdb82da0ecc5a02bae8968ca361143cd,2018-08,City of London Police,City of London Police,-0.108175,51.512830,On or near Parking Area,E01032740,City of London 001G,Defendant found not guilty
7d8bf295e7c0af3abfbf22689b0779119eb2de8a8df3458e9305f659a960580c,2018-08,City of London Police,City of London Police,-0.084967,51.512598,On or near BELL INN YARD,E01032739,City of London 001F,Offender fined
40fb42dd6a8e9da3e9ba9f9ff70b0dd9a87621f6b307f3698b97c73077548265,2018-08,City of London Police,City of London Police,-0.086175,51.510945,On or near GRACECHURCH STREET,E01032739,City of London 001F,Court case unable to proceed
62daf0d8725a6bdfaf2cd2bbbe2c7bd30c1e0a4f967a2e0a8ec5e6b111c4ed8a,2018-08,City of London Police,City of London Police,-0.088393,51.511332,On or near ABCHURCH LANE,E01032739,City of London 001F,Offender sent to prison
e22952c30d3b34753251f36879010537839dcee0f617ff89c54fffd967690047,2018-08,City of London Police,City of London Police,-0.083296,51.517058,On or near OLD BROAD STREET,E01032739,City of London 001F,Offender sent to prison
13ae16d3ab9d7202580fe0a43f4083da7a33b60ca252d3bf88e30d6680dd735c,2018-08,City of London Police,City of London Police,-0.084618,51.512682,On or near GRACECHURCH STREET,E01032739,City of London 001F,Offender sent to prison
585299acd2183959dbeab53a7c6eaad5304b5e69ff0d22a9e23c3a9604dd77a0,2018-08,City of London Police,City of London Police,-0.086051,51.513569,On or near FINCH LANE,E01032739,City of London 001F,Defendant found not guilty
ac84876be7fd07ad49ea75214595379f620febe22bd581a4563241d77d4604a1,2018-08,City of London Police,City of London Police,-0.094231,51.511984,On or near GREAT TRINITY LANE,E01032739,City of London 001F,Offender given conditional discharge
886988ccddd37044aa43ed635303694c9debb4840b6cda1f57c7f1f2dc0d5ee0,2018-08,City of London Police,City of London Police,-0.078856,51.518433,On or near ARTILLERY LANE,E01032739,City of London 001F,Defendant sent to Crown Court
4901ca1b807d465bbda4279655e788dfd7f0b104ce29eedd9f3703299922c97f,2018-08,City of London Police,City of London Police,-0.094231,51.511984,On or near GREAT TRINITY LANE,E01032739,City of London 001F,Offender given conditional discharge
ff0768cdf9a9ff93c2ba9fa086c966166a1c107b24fc47e9e5e6a6a3cf936f3f,2018-08,City of London Police,City of London Police,-0.073152,51.512206,On or near MANSELL STREET,E01000005,City of London 001E,Offender given suspended prison sentence
de570f64bcd04a9d29aff9e125633669c50eae0f13db99917d02bcff8bd6b8a8,2018-08,City of London Police,City of London Police,-0.083386,51.509757,On or near ST DUNSTAN'S LANE,E01032739,City of London 001F,Offender given conditional discharge
d2ecb5f6bf301ca474645c9bfa60b77276fd28b0f335c40e8ed84090825ae96a,2018-08,City of London Police,City of London Police,-0.096348,51.515472,On or near FOSTER LANE,E01000001,City of London 001A,Court case unable to proceed
9c58aabaf493fd705644dc0a5d3d6ba240f80d912da6f46ecdd160c7a539bb67,2018-08,City of London Police,City of London Police,-0.080376,51.517244,On or near Supermarket,E01032739,City of London 001F,Offender sent to prison
b8370eeb2a32131a27be7d5fe26024b63418167359dd7176c1b8c34316f50972,2018-08,City of London Police,City of London Police,-0.097645,51.515142,On or near ST MARTIN'S LE GRAND,E01032739,City of London 001F,Offender fined
a9c6a46a3c75ffc3ba52ab1eae1384e5a4182472fd538aae561c8bcfd4dc2f52,2018-08,City of London Police,City of London Police,-0.077451,51.515523,On or near WHITE KENNETT STREET,E01000005,City of London 001E,Offender fined
a2df18a5c7192a71c27f486e10f7592f7e5c1d28f8ce3ce8e966778eb81d10e3,2018-08,City of London Police,City of London Police,-0.088393,51.511332,On or near ABCHURCH LANE,E01032739,City of London 001F,Offender fined
db338f7eb660c00e98ae76415947dbabfc9224aa87db16287222f9d0604a1e3e,2018-08,City of London Police,City of London Police,-0.080782,51.514804,On or near ST MARY AXE,E01032739,City of London 001F,Offender sent to prison
1eef8060307d1f65f3b81fa3fa4631e68863812f046323f33348710e6873f362,2018-08,City of London Police,City of London Police,-0.108175,51.512830,On or near Parking Area,E01032740,City of London 001G,Defendant found not guilty
40fb42dd6a8e9da3e9ba9f9ff70b0dd9a87621f6b307f3698b97c73077548265,2018-08,City of London Police,City of London Police,-0.086175,51.510945,On or near GRACECHURCH STREET,E01032739,City of London 001F,Court case unable to proceed
ed0f1de5afcd86c54778a830a34cceefc1f0a18113db9b252d53cb41c3a5a621,2018-08,City of London Police,City of London Police,-0.088393,51.511332,On or near ABCHURCH LANE,E01032739,City of London 001F,Offender sent to prison
