Crime ID,Month,Reported by,Falls within,Longitude,Latitude,Location,LSOA code,LSOA name,Outcome type
19b43cbddbdd03527d85e8d945f70dfeb22243b7c0733296c844c6f4763899b4,2017-09,City of London Police,City of London Police,,,No location,,,Suspect charged
348c0d4648f05a88b4e3d6e87c6bfe39de7d772eed786cbce9201e053ca16148,2017-09,City of London Police,City of London Police,,,No location,,,Suspect charged
52f200b0dff9713895a8667866a98dfe03a14474da63fdad10ed4b6f541a0658,2017-09,City of London Police,City of London Police,,,No location,,,Investigation complete; no suspect identified
f191876f5de29ecba521f8bc15002b6ebae603b98729d0c6d07c0120bb921f02,2017-09,City of London Police,City of London Police,,,No location,,,Local resolution
f191876f5de29ecba521f8bc15002b6ebae603b98729d0c6d07c0120bb921f02,2017-09,City of London Police,City of London Police,,,No location,,,Local resolution
0b609e379983f93e5b41f8a7af3d3b2f75f7c326ca15413d792d8d5fb7bf227d,2017-09,City of London Police,City of London Police,,,No location,,,Offender given a drugs possession warning
c7bc17e90d419a7445ed769fd54dff68098bba987d515c85cc92b29b0defbb5f,2017-09,City of London Police,City of London Police,,,No location,,,Offender given a drugs possession warning
42c8b6400e887a10be9f6cff2d2cbf8ded4d83bf3d6d4977ccdc4dbee89b4210,2017-09,City of London Police,City of London Police,,,No location,,,Offender given a caution
474cbe1ca57e6687b5ff633909979f9536f7db4889461c1cb6e24198c81d84c3,2017-09,City of London Police,City of London Police,-0.086624,51.511923,On or near CLEMENT'S LANE,E01032739,City of London 001F,Unable to prosecute suspect
da578dbee2ad2c246d9ea8f7fee52a8e331343a84d3e247dcd31d461ffb96b2c,2017-09,City of London Police,City of London Police,,,No location,,,Investigation complete; no suspect identified
58a02b0526d4f27894abee2624d9ca3bc71ca0cc55f354cd675b4b2a11f6041d,2017-09,City of London Police,City of London Police,,,No location,,,Investigation complete; no suspect identified
6827318d61ee194d3ef24ea51872ac2c0103f0aaf64ef9d8b6ee685276f6b8c8,2017-09,City of London Police,City of London Police,,,No location,,,Investigation complete; no suspect identified
5515a02071d611cb3e4c97f30108d4c5b09e48561698f00ca6c2ad8f324d31c5,2017-09,City of London Police,City of London Police,,,No location,,,Investigation complete; no suspect identified
93d23f070b6be624f23e546aac4769bcd1ce274570c9f9023352f80fb024d394,2017-09,City of London Police,City of London Police,,,No location,,,Investigation complete; no suspect identified
7ffea741b91c26acde28f74b568f3049299ae6e14984bc1b5666f3ffb5f0e7f0,2017-09,City of London Police,City of London Police,,,No location,,,Investigation complete; no suspect identified
c3a2db96e00519dc74c09026e7e769c50d1dba0251869883569fa0c1ad3e5596,2017-09,City of London Police,City of London Police,,,No location,,,Formal action is not in the public interest
9079174b5732702b57b5484013ca6e0d8a4a0ecfb2c690876d666e2aba76a6c0,2017-09,City of London Police,City of London Police,,,No location,,,Investigation complete; no suspect identified
c610dff9f81e2090057889f9f624fcb80675af007aa2439134564eebddd7dc3f,2017-09,City of London Police,City of London Police,,,No location,,,Investigation complete; no suspect identified
e18587baca52e207a65e3ff4475825db919dfc2f36b358cebafe9bbb25204442,2017-09,City of London Police,City of London Police,-0.101794,51.516207,On or near NEWGATE STREET,E01032740,City of London 001G,Suspect charged
202eb5cb06abfc7cfe6cf8d7107b21174a95f593f2e553df503255e86000f63a,2017-09,City of London Police,City of London Police,-0.082571,51.514753,On or near GREAT ST HELEN'S,E01032739,City of London 001F,Offender given a caution
83a4372993fbd420365ea0a2512bca80a398ed32b26cb72f9727bcd61d4c5c8c,2017-09,City of London Police,City of London Police,-0.084566,51.517690,On or near BLOMFIELD STREET,E01032739,City of London 001F,Investigation complete; no suspect identified
5555fb9d85bae37495618c4b74dad8e73a3efad8dc7566e9372852bac32161f1,2017-09,City of London Police,City of London Police,-0.086624,51.511923,On or near CLEMENT'S LANE,E01032739,City of London 001F,Investigation complete; no suspect identified
f183ef7764619121daa209495d8cc888cb36b5af4b335efbb13fdd7e7aafde03,2017-09,City of London Police,City of London Police,-0.085310,51.518511,On or near ELDON STREET,E01032739,City of London 001F,Investigation complete; no suspect identified
bd354126267c8afcbae3bd09b97f4420ead59ba804518e178376b94c48b936af,2017-09,City of London Police,City of London Police,-0.077451,51.515523,On or near WHITE KENNETT STREET,E01000005,City of London 001E,Investigation complete; no suspect identified
0aced345f37f50d134b3eabce2f02574f6c11ad730968d5fa52efa1e9fc021a2,2017-09,City of London Police,City of London Police,-0.079786,51.517576,On or near Police Station,E01032739,City of London 001F,Investigation complete; no suspect identified
338d890e98efdef84bc97c7e19d328ee31d851f5f55173813267b0dc38fcf737,2017-09,City of London Police,City of London Police,-0.081091,51.516014,On or near CAMOMILE STREET,E01032739,City of London 001F,Investigation complete; no suspect identified
eddcecbe8b78c96b3c250eca44a14357d88c5e13fd7f63f1aa910d2574f36679,2017-09,City of London Police,City of London Police,-0.083993,51.511440,On or near PHILPOT LANE,E01032739,City of London 001F,Unable to prosecute suspect
98749f5f6884553408f63cb054d2e0e06a8070f3e6e9b716eec423fa9ea76855,2017-09,City of London Police,City of London Police,-0.077451,51.515523,On or near WHITE KENNETT STREET,E01000005,City of London 001E,Suspect charged
25be972d934bba21b3629d720b3761e1ac0897982221eebe42200eb3b981569f,2017-09,City of London Police,City of London Police,-0.076853,51.511916,On or near Nightclub,E01032739,City of London 001F,Suspect charged
c3ccffe4f43d820dacc0aa17f71043f76635a7a642a2299481bb1ba7bcf7be20,2017-09,City of London Police,City of London Police,-0.076853,51.511916,On or near Nightclub,E01032739,City of London 001F,Suspect charged
e7538985183628eee803c1406b65785f415c29b68772e50ddc1819b2264d3c3c,2017-09,City of London Police,City of London Police,-0.097645,51.515142,On or near ST MARTIN'S LE GRAND,E01032739,City of London 001F,Suspect charged
aa058de6273b641bc6edd2b441c0c57c4afe004a4f409c0256d84458989bb1f5,2017-09,City of London Police,City of London Police,-0.079786,51.517576,On or near Police Station,E01032739,City of London 001F,Suspect charged
e1cc37ba0a9d6aecfa66cccdccb2cacecdf530ac0d98b165ef1133d9129baf70,2017-09,City of London Police,City of London Police,-0.076853,51.511916,On or near Nightclub,E01032739,City of London 001F,Suspect charged
7516a231ecd2b66db1655804c9c0aff3bbe22323768a76c2116da06b5ffb1c94,2017-09,City of London Police,City of London Police,-0.076853,51.511916,On or near Nightclub,E01032739,City of London 001F,Suspect charged
da35e9c4916fe769393d89d437186eb4f34c7814848255907b8dd72947855e6e,2017-09,City of London Police,City of London Police,,,No location,,,Suspect charged
38f6b26d7fa4edf6990ed582b9fdb6a87761897d32a93d2fdd234951cd04ea64,2017-09,City of London Police,City of London Police,-0.089838,51.516067,On or near COLEMAN STREET,E01032739,City of London 001F,Suspect charged
e2626e7ff9f6271d0ce27413cb19dd1c4c6a28ec7682f0d8c195a3bb02cb88c0,2017-09,City of London Police,City of London Police,-0.080376,51.517244,On or near Supermarket,E01032739,City of London 001F,Suspect charged
d580cdc5abf443762426038ad99275bfba5cb90fdb3c56c41b4a76352a397528,2017-09,City of London Police,City of London Police,-0.081091,51.516014,On or near CAMOMILE STREET,E01032739,City of London 001F,Suspect charged
cc736f93c0111598aa2d0d31031c90ee0cf00aa44c13077f1a7898b58cd56eeb,2017-09,City of London Police,City of London Police,-0.077451,51.515523,On or near WHITE KENNETT STREET,E01000005,City of London 001E,Suspect charged
fb507bf74922f9deacbc7107ee779bcf975ce8571398ac3996c91717de1e60c7,2017-09,City of London Police,City of London Police,-0.092719,51.512652,On or near QUEEN VICTORIA STREET,E01032739,City of London 001F,Suspect charged
3654c996f10b2e15eac10ecda7a70bd98c15e4b9b2ff4c9fb2522c130c3b28c4,2017-09,City of London Police,City of London Police,-0.092719,51.512652,On or near QUEEN VICTORIA STREET,E01032739,City of London 001F,Suspect charged
7d7cd5b318679bac9ade0ec70723d789013c8a599d387f27b2900b863d4a7e09,2017-09,City of London Police,City of London Police,-0.093796,51.512391,On or near Pedestrian Subway,E01032739,City of London 001F,Suspect charged
db9b8c969c47672d63b6dd4b16b8a16afc4e12a717dd8c946c67b0cb7d5e24b2,2017-09,City of London Police,City of London Police,-0.093465,51.514463,On or near RUSSIA ROW,E01032739,City of London 001F,Suspect charged
171f559848e06a98cf1f7cff00198d7e7c90fd2171e0659120ba2afdfcaca2b0,2017-09,City of London Police,City of London Police,-0.082571,51.514753,On or near GREAT ST HELEN'S,E01032739,City of London 001F,Suspect charged
0ec662521b30c3a670fef61f456d866ffc9f78ea9c9e0fd25ca917f3509155e9,2017-09,City of London Police,City of London Police,-0.097645,51.515142,On or near ST MARTIN'S LE GRAND,E01032739,City of London 001F,Suspect charged
addac710c3fcc38304ac7bd5031ec217a11da09e027ea011f46b86c5967b40be,2017-09,City of London Police,City of London Police,-0.101055,51.513552,On or near CREED LANE,E01032739,City of London 001F,Suspect charged
d2ea09f67023fdef89e00b2121f373948fa8f8ff9c36a9f93f3c02507781f68e,2017-09,City of London Police,City of London Police,-0.080322,51.510651,On or near MARK LANE,E01032739,City of London 001F,Suspect charged
acfdf5ec81ce3f5f5aed8b3a465a08586552c69051556bb4c342ac9219d23730,2017-09,City of London Police,City of London Police,-0.096363,51.513377,On or near NEW CHANGE,E01032739,City of London 001F,Suspect charged
5eda58514f7bbdf19a57586af6b8f360e38049e3bea0e686aff8917f2588ba0c,2017-09,City of London Police,City of London Police,-0.084618,51.512682,On or near GRACECHURCH STREET,E01032739,City of London 001F,Suspect charged
66a583c3d93717e787bbb41ec4180689daf98084cf8d332ed8700e4ea5cee786,2017-09,City of London Police,City of London Police,-0.080234,51.516855,On or near DEVONSHIRE ROW,E01032739,City of London 001F,Suspect charged
8182bb29a7b07a2ff1c6ddcc685d359ddfaba4d844ec974bbd3f02b07fc33b35,2017-09,City of London Police,City of London Police,-0.097601,51.520699,On or near CARTHUSIAN STREET,E01000001,City of London 001A,Suspect charged
8f4050f91b04bb373f9bd3b31d27ca341181b1353c77445282d66cddd5c44038,2017-09,City of London Police,City of London Police,-0.079786,51.517576,On or near Police Station,E01032739,City of London 001F,Suspect charged
f3195d3268ed1dcff238e0a18c9323b5f6a7dfb1a91957a5db6f69484ed5139a,2017-09,City of London Police,City of London Police,-0.097601,51.520699,On or near CARTHUSIAN STREET,E01000001,City of London 001A,Suspect charged
0e02fbc6e18275d37ada415cc7c0d5b25467ebd6eee9331107757c6c3670cb46,2017-09,City of London Police,City of London Police,-0.075389,51.511775,On or near MINORIES,E01000005,City of London 001E,Suspect charged
6f881e05e88e1cabd180025dea476d79021fdc6550d59e9053f4c8867a82da33,2017-09,City of London Police,City of London Police,-0.102502,51.516165,On or near GREEN ARBOUR COURT,E01032740,City of London 001G,Local resolution
f191876f5de29ecba521f8bc15002b6ebae603b98729d0c6d07c0120bb921f02,2017-09,City of London Police,City of London Police,,,No location,,,Local resolution
62745b38b9d9f12d1e66c04e6b6640befa3cefa0fbb27e70c4bf935db8ca69a7,2017-09,City of London Police,City of London Police,-0.082571,51.514753,On or near GREAT ST HELEN'S,E01032739,City of London 001F,Offender given penalty notice
7cfd7057065483f4d0203cf788140c5040335ea8380d21a9becbbeeb801e7c6c,2017-09,City of London Police,City of London Police,-0.092517,51.520580,On or near WHITECROSS STREET,E01000002,City of London 001B,Offender given a caution
e899b47cce80e5d5ebf27779dd0707a3de64a1e08a845d03061cd43a36ac2556,2017-09,City of London Police,City of London Police,-0.108231,51.513928,On or near PLEYDELL STREET,E01032740,City of London 001G,Suspect charged as part of another case
cc3aaadaad9c3330aab6d65463618192d96e85f9bac40d39a6c6d88908f5d7e6,2017-09,City of London Police,City of London Police,-0.086624,51.511923,On or near CLEMENT'S LANE,E01032739,City of London 001F,Offender given a caution
099bdbed78d5d1709ca88cc434c4820dd12026215612b2685a684d597184e2e4,2017-09,City of London Police,City of London Police,-0.092040,51.515087,On or near GRESHAM STREET,E01032739,City of London 001F,Offender given a caution
91f68b46bc99e1cba50856e47bd93ae4876fb4a460b2e86646ef715d839e7ef0,2017-09,City of London Police,City of London Police,-0.077029,51.510148,On or near TRINITY SQUARE,E01032739,City of London 001F,Offender given a drugs possession warning
a0d5e592d72592f06c4fcea0f46b27d1154ea76c63de715fad693ff9b613f79a,2017-09,City of London Police,City of London Police,-0.095400,51.515753,On or near Conference/Exhibition Centre,E01000002,City of London 001B,Offender given a caution
c58220e15300f1fb4606ec0be94c94de1e9c39014026164712490faeadd0d8ee,2017-09,City of London Police,City of London Police,-0.077578,51.510795,On or near PEPYS STREET,E01032739,City of London 001F,Local resolution
da25548d7553c1ad20e65de94c02bd8af8c0631afefc6be8d011a6ed84ade4df,2017-09,City of London Police,City of London Police,-0.079786,51.517576,On or near Police Station,E01032739,City of London 001F,Offender given a caution
e3fa1e376d507f1a5a413564102a60bb88a490e916a5ea4a7f9bf461a15094f1,2017-09,City of London Police,City of London Police,-0.079786,51.517576,On or near Police Station,E01032739,City of London 001F,Offender given a caution
f7df22613361139581bd7996939b1999461564d7a6a2cb0dc46bbf6ace8133a1,2017-09,City of London Police,City of London Police,-0.079786,51.517576,On or near Police Station,E01032739,City of London 001F,Offender given a drugs possession warning
45e49c8dd77fb1fa020b37be555b78d8f28582eacbd00fdb76027d6164f1624d,2017-09,City of London Police,City of London Police,-0.080728,51.511611,On or near Supermarket,E01032739,City of London 001F,Local resolution
c4c32af6bcdd5efcd426da5910422b2253ebbaf8bbf90248d23028d59ad80828,2017-09,City of London Police,City of London Police,-0.074793,51.511208,On or near Pedestrian Subway,E01000005,City of London 001E,Investigation complete; no suspect identified
41fcd6e1f89b7e3275b3059b73aa78d7a4d3344e9f6c53458eea591b7de48ede,2017-09,City of London Police,City of London Police,-0.111132,51.512420,On or near MIDDLE TEMPLE LANE,E01032740,City of London 001G,Investigation complete; no suspect identified
c9b6d1e8137e25df972d13f660209d74317723ce57548dfaf74b7c2479984b65,2017-09,City of London Police,City of London Police,-0.073515,51.510414,On or near Parking Area,E01000005,City of London 001E,Unable to prosecute suspect
b84cd7c4b9de034c591c5dd22e5f1f4f082ed6a2d533df357caf3c2b4b22cbfa,2017-09,City of London Police,City of London Police,-0.080782,51.514804,On or near ST MARY AXE,E01032739,City of London 001F,Investigation complete; no suspect identified
1457241f12ec6fad9ec616fd198b4a69eedfd6b9efcbf79d5b0a547046d880aa,2017-09,City of London Police,City of London Police,-0.098148,51.517938,On or near ALBION WAY,E01032740,City of London 001G,Unable to prosecute suspect
9f498146d161b6c3cdfdbc4b4bd711d6c46d42db86cd8afc9e6d4ce03cd9f2bf,2017-09,City of London Police,City of London Police,-0.080665,51.509344,On or near Pedestrian Subway,E01032739,City of London 001F,Action to be taken by another organisation
818eb1fd8ebe8cace63576fd20637430d1f86d4d53accfcd67cd2ad8765e236d,2017-09,City of London Police,City of London Police,-0.079283,51.511021,On or near SEETHING LANE,E01032739,City of London 001F,Investigation complete; no suspect identified
3a80a8f43df98577eef68c76c91fcc147cbe2c9553d47941e195440a15fbb79e,2017-09,City of London Police,City of London Police,-0.081580,51.520510,On or near PINDAR STREET,E01032739,City of London 001F,Unable to prosecute suspect
075610f4f32b1d3c822b50083e1587a85269da44c2bc12ce871ef9be0f47cc13,2017-09,City of London Police,City of London Police,-0.081580,51.520510,On or near PINDAR STREET,E01032739,City of London 001F,Unable to prosecute suspect
9c6e61806db7cb9fac091ac0e867ddf0c0ff49aa1b7845bc371478cbf58c8540,2017-09,City of London Police,City of London Police,-0.111974,51.513683,On or near FLEET STREET,E01004735,Westminster 018B,Investigation complete; no suspect identified
5d0bb8146b0eb03adc7f9d05d9b3b0c7ebb676462c5d0ff7d192b3107a04be70,2017-09,City of London Police,City of London Police,-0.080782,51.514804,On or near ST MARY AXE,E01032739,City of London 001F,Investigation complete; no suspect identified
ff539fc1679ba44a5731757638a6a7c563fb42e89d2969f499780beea25fd6a0,2017-09,City of London Police,City of London Police,-0.097409,51.521145,On or near GOSWELL ROAD,E01000001,City of London 001A,Unable to prosecute suspect
a70f5aad134c0bd259ffbf1fdf65601ee250d912a957d3907724cde27730035b,2017-09,City of London Police,City of London Police,-0.076592,51.514367,On or near Pedestrian Subway,E01000005,City of London 001E,Unable to prosecute suspect
86935e8958d3e542ab3d3e92ebbcfda26784cfe4b3e30a7f0cc06daf9376372f,2017-09,City of London Police,City of London Police,-0.079786,51.517576,On or near Police Station,E01032739,City of London 001F,Investigation complete; no suspect identified
707404d186617f2588b3a210d35cbe0ac15189af3b73cb1a302864e5f97e13e8,2017-09,City of London Police,City of London Police,-0.082571,51.514753,On or near GREAT ST HELEN'S,E01032739,City of London 001F,Unable to prosecute suspect
b4650096b67d9474b0d747884b267b297542ed4586ab7553c863a7a260941a7e,2017-09,City of London Police,City of London Police,-0.092719,51.512652,On or near QUEEN VICTORIA STREET,E01032739,City of London 001F,Investigation complete; no suspect identified
74ea5bc684489d4ff910d5d4755cced4de6f0c273727d012b22388409f357c0a,2017-09,City of London Police,City of London Police,-0.077935,51.514281,On or near DUKE'S PLACE,E01032739,City of London 001F,Formal action is not in the public interest
1d092f93a031c0dc42a904be3fb9acc20247f225154467a6e33326e7792ed9fc,2017-09,City of London Police,City of London Police,-0.100884,51.516966,On or near Hospital,E01032740,City of London 001G,Investigation complete; no suspect identified
6cde343eba5853cdefc20f97f8373232c1f39293019e0ddb4de320bf86e2072f,2017-09,City of London Police,City of London Police,-0.092297,51.518949,On or near Park/Open Space,E01000002,City of London 001B,Unable to prosecute suspect
c6630f9e6ebad74a53079ac5eabe222c3de5e1b06b7fefddf18eebc1c1310138,2017-09,City of London Police,City of London Police,-0.083587,51.512171,On or near LIME STREET PASSAGE,E01032739,City of London 001F,Investigation complete; no suspect identified
de05a4f5a1bf42751b2576435ed93e298b750b0c44802b8a82d900f15aa8d9f5,2017-09,City of London Police,City of London Police,-0.088995,51.512088,On or near ST SWITHIN'S LANE,E01032739,City of London 001F,Investigation complete; no suspect identified
df285cef0d1a7622bf2e7daedeacf8c4d32824d01a1a17c74dc1bf272ac3b9b7,2017-09,City of London Police,City of London Police,-0.082965,51.516351,On or near WORMWOOD STREET,E01032739,City of London 001F,Investigation complete; no suspect identified
09a394cbd404740d1f204ff498ededd95427ec3b6c931010ea8a1b47af53ca00,2017-09,City of London Police,City of London Police,-0.097601,51.520699,On or near CARTHUSIAN STREET,E01000001,City of London 001A,Unable to prosecute suspect
5a93704009c68282b7d3a3cf56f9b75819e191111250f2c87483a58d5a84c4ab,2017-09,City of London Police,City of London Police,-0.079130,51.507808,On or near Ferry Terminal,E01004293,Tower Hamlets 027B,Investigation complete; no suspect identified
a6afaa2b7a6e481445c83dd95a74a11201a60a25ee8fbc9511800b469445f569,2017-09,City of London Police,City of London Police,-0.094720,51.514420,On or near WOOD STREET,E01032739,City of London 001F,Investigation complete; no suspect identified
348bff66edf89ec2c4313a3eadfa03466b5a399767709a8e1bd96c47131bda6f,2017-09,City of London Police,City of London Police,-0.098062,51.517577,On or near MONTAGUE STREET,E01000001,City of London 001A,Unable to prosecute suspect
2581b4d8b733eac879543ffd9ebe2434974630cd550f416c6e46415e5ac8d82b,2017-09,City of London Police,City of London Police,-0.077637,51.511453,On or near CRUTCHED FRIARS,E01032739,City of London 001F,Investigation complete; no suspect identified
a2d6debd74f6b2ce62bab4b48601201645a24c6476a4bdde1f35937b9547e6c2,2017-09,City of London Police,City of London Police,-0.076044,51.512650,On or near INDIA STREET,E01000005,City of London 001E,Investigation complete; no suspect identified
d2300a8dccff27344b71c077573edfd2a473b8a6e4da8a89ac6f79678a95422c,2017-09,City of London Police,City of London Police,-0.089465,51.510855,On or near GOPHIR LANE,E01032739,City of London 001F,Investigation complete; no suspect identified
56c5ecec3ef470aa1ac0e9da36a3dcd261f32415ba1b37b4afcb884e539858e6,2017-09,City of London Police,City of London Police,-0.100179,51.514158,On or near Shopping Area,E01032739,City of London 001F,Investigation complete; no suspect identified
37fa3fb026c915d2ba8dc17c0635a678a8e6b49d081c27f214225eb598b88201,2017-09,City of London Police,City of London Police,-0.100884,51.516966,On or near Hospital,E01032740,City of London 001G,Investigation complete; no suspect identified
a5cd8ba217f1f907cfecd4b5868e698d72c33b725a149bd6ed597057576db5b3,2017-09,City of London Police,City of London Police,-0.094231,51.511984,On or near GREAT TRINITY LANE,E01032739,City of London 001F,Investigation complete; no suspect identified
e8cd01e8686b7cda2cea0e56f790fa4de016a7af8169a8e168da801a18d9c3bd,2017-09,City of London Police,City of London Police,-0.082571,51.514753,On or near GREAT ST HELEN'S,E01032739,City of London 001F,Unable to prosecute suspect
d40eb89e18471ff529989c9f27b1de3ab401c56f4ef98ca60594203d06a7500e,2017-09,City of London Police,City of London Police,-0.092321,51.513194,On or near PANCRAS LANE,E01032739,City of London 001F,Investigation complete; no suspect identified
7dfa02585cd089b4c72b201ce386b1e73cd513632762910a230a51006998253e,2017-09,City of London Police,City of London Police,-0.079283,51.511021,On or near SEETHING LANE,E01032739,City of London 001F,Unable to prosecute suspect
61fb0f20662594b969778c93b24987369f5be0ef9186c0952d49e0bc0723e2ca,2017-09,City of London Police,City of London Police,,,No location,,,Investigation complete; no suspect identified
977c3b681f6b4d165767017833dda375553a836fb647fdf73c60ea257dab240e,2017-09,City of London Police,City of London Police,-0.092517,51.520580,On or near WHITECROSS STREET,E01000002,City of London 001B,Investigation complete; no suspect identified
901450dac0b5cb5ea950845c8d27fb7761a3a4ae2148a7955241a179c8beb7a2,2017-09,City of London Police,City of London Police,-0.107148,51.511879,On or near TALLIS STREET,E01032740,City of London 001G,Investigation complete; no suspect identified
4241345a5af3849f7dd912fc5c2f8d31f626c8487e93d4b914f143181817ede0,2017-09,City of London Police,City of London Police,,,No location,,,Investigation complete; no suspect identified
665480d3daa747f5bdfd8855524cd1398cb829ea57c007727f37cc8a6ce50514,2017-09,City of London Police,City of London Police,-0.080318,51.520678,On or near PRIMROSE STREET,E01032739,City of London 001F,Investigation complete; no suspect identified
62d4fb807a26f71aad45379b6254ecb226895f737918fc2aaf2302a1010c80bf,2017-09,City of London Police,City of London Police,-0.075146,51.513435,On or near Bus/Coach Station,E01000005,City of London 001E,Investigation complete; no suspect identified
1d630328bcc7c59d2e5932679ffdccfd5fbe719282416df9279b28cfa7bc0790,2017-09,City of London Police,City of London Police,-0.086278,51.509876,On or near FISH STREET HILL,E01032739,City of London 001F,Unable to prosecute suspect
c4bb52941adf98d1f508f513fff305f45c6ece1193c2d6a03281255b2babac46,2017-09,City of London Police,City of London Police,-0.096814,51.512952,On or near ST PAUL'S CHURCH YARD,E01032739,City of London 001F,Investigation complete; no suspect identified
f3e7615dbd4af3f66eca3fb5fca83bcc691278ff3e8ec7631c573f3aca1030cf,2017-09,City of London Police,City of London Police,,,No location,,,Investigation complete; no suspect identified
2526e2876021ad6ee43eafe4a7d278317e1431378dcdab6b94ee4ae718779161,2017-09,City of London Police,City of London Police,-0.108283,51.517526,On or near Supermarket,E01032740,City of London 001G,Investigation complete; no suspect identified
20b318e103eb77d2055bd963a2223ba6e6e6b91a81039a380f4e0adce8a81f54,2017-09,City of London Police,City of London Police,-0.078591,51.520290,On or near SPITAL YARD,E01004307,Tower Hamlets 015B,Investigation complete; no suspect identified
6054ba0cbb082587197e4325a72e4f8c8ec11a44e6dfe35ecea6eae45f9e734f,2017-09,City of London Police,City of London Police,-0.085669,51.515100,On or near AUSTIN FRIARS,E01032739,City of London 001F,Investigation complete; no suspect identified
9e4fe907d53ac295620211fd52dd038d036c1f6f08b44fab299c6a78b67b88be,2017-09,City of London Police,City of London Police,-0.084566,51.517690,On or near BLOMFIELD STREET,E01032739,City of London 001F,Investigation complete; no suspect identified
70578ec64478ffbd6d9c96b1963238fee21a42ce955bdfc736803c117e409f6b,2017-09,City of London Police,City of London Police,-0.110710,51.513914,On or near FLEET STREET,E01032740,City of London 001G,Investigation complete; no suspect identified
3de61429def15897d74ca2f3dc6282714b31331f7018a9b8e58d89c622199f4b,2017-09,City of London Police,City of London Police,-0.091151,51.514992,On or near GRESHAM STREET,E01032739,City of London 001F,Investigation complete; no suspect identified
3f2ee268b4ae90db37c9298458823b366b72dc81b9e7e59ae7c72e040f5378e6,2017-09,City of London Police,City of London Police,-0.080318,51.520678,On or near PRIMROSE STREET,E01032739,City of London 001F,Investigation complete; no suspect identified
49203110ffb55d0f93ecc6fe2a52cfc49496683a5d8d56aebe738429e6284f44,2017-09,City of London Police,City of London Police,-0.080146,51.514848,On or near BURY COURT,E01032739,City of London 001F,Investigation complete; no suspect identified
51d1a0b0c1b500a6e44017a4b8001a62d5e9b31866b65e3cab7c92810eabc807,2017-09,City of London Police,City of London Police,-0.098062,51.517577,On or near MONTAGUE STREET,E01000001,City of London 001A,Investigation complete; no suspect identified
8a6a1a68b90cc8e4d56bae143a6d1431b8a427a8ab008770426c17265b971c98,2017-09,City of London Police,City of London Police,-0.089596,51.518743,On or near NEW UNION STREET,E01000002,City of London 001B,Investigation complete; no suspect identified
386b724020bc5740521d40f7e87c842924eb4dffaa7e319d3e2e87e2944243ef,2017-09,City of London Police,City of London Police,-0.089858,51.520744,On or near CHISWELL STREET,E01002704,Islington 023D,Formal action is not in the public interest
433cb997e7bc0ed244ac95f299f6d479d2afd7ab62d7586bd60c7fdd13bd2de6,2017-09,City of London Police,City of London Police,-0.073254,51.512856,On or near MANSELL STREET,E01000005,City of London 001E,Investigation complete; no suspect identified
b8798f44a2abf1615545883a9ac0abe876d5e55e9c73ad2702f81b42617a732b,2017-09,City of London Police,City of London Police,-0.083296,51.517058,On or near OLD BROAD STREET,E01032739,City of London 001F,Investigation complete; no suspect identified
70f041c448e625fc9ce0320aba32ada55f516f95e10ed6224498e4bfed0fac4d,2017-09,City of London Police,City of London Police,-0.092517,51.520580,On or near WHITECROSS STREET,E01000002,City of London 001B,Investigation complete; no suspect identified
6f66bf265ff2da42462196804a8de94920200ebd8fb4d284541694486dca55ad,2017-09,City of London Police,City of London Police,-0.102502,51.516165,On or near GREEN ARBOUR COURT,E01032740,City of London 001G,Investigation complete; no suspect identified
2a2e1b965f789f078f8415fed06c3f1bffd9cd785fccdaadea8c278611e5df4a,2017-09,City of London Police,City of London Police,-0.095400,51.515753,On or near Conference/Exhibition Centre,E01000002,City of London 001B,Investigation complete; no suspect identified
42aa71c8fb06e1fbc72729f496e7fb30b2bba27dcc219fbb85f4374851152662,2017-09,City of London Police,City of London Police,-0.095860,51.521660,On or near FANN STREET,E01000003,City of London 001C,Investigation complete; no suspect identified
fbf3d05883425ffe4fc75a8537108c42d32d61bfcab84cf2c0619f9d8d004849,2017-09,City of London Police,City of London Police,-0.085669,51.515100,On or near AUSTIN FRIARS,E01032739,City of London 001F,Investigation complete; no suspect identified
3444eb7e2256f79dba7b2010923a62162f061173837dda71df574b0f90fe748d,2017-09,City of London Police,City of London Police,-0.089465,51.510855,On or near GOPHIR LANE,E01032739,City of London 001F,Investigation complete; no suspect identified
3770d3b9eca8180594610f248025857c93eab96b93c4124dc894881f2a286bc3,2017-09,City of London Police,City of London Police,-0.079444,51.512678,On or near FENCHURCH BUILDINGS,E01032739,City of London 001F,Investigation complete; no suspect identified
9f2f64adb1b553374e52d83d3df31ea8a5006b63195e009998ab6b01f3aa3591,2017-09,City of London Police,City of London Police,-0.082571,51.514753,On or near GREAT ST HELEN'S,E01032739,City of London 001F,Formal action is not in the public interest
7a82098a4d86b51289be5b1f686d45b22ce88b6e5b76a2223bc06cc58ec0df54,2017-09,City of London Police,City of London Police,-0.092719,51.512652,On or near QUEEN VICTORIA STREET,E01032739,City of London 001F,Unable to prosecute suspect
a8cf3cdc8d97023f7269f44814fb29ea68ff4d1b7f15b6b42415e558f7a72102,2017-09,City of London Police,City of London Police,,,No location,,,Formal action is not in the public interest
305e4f3899061becf5c0a39d7e4f012e96cbc52915f56d98e3554eae7c11ba62,2017-09,City of London Police,City of London Police,-0.094464,51.512959,On or near WATLING COURT,E01032739,City of London 001F,Investigation complete; no suspect identified
891f0642e9828ff6c69f9537b97f3de7e959bfa89f72559a564551dbe778ee43,2017-09,City of London Police,City of London Police,-0.085355,51.510563,On or near PUDDING LANE,E01032739,City of London 001F,Investigation complete; no suspect identified
ec6febd09b18f3028b9044b8020fed4ba1a3019e9a4e23a649f30b6aadeaea07,2017-09,City of London Police,City of London Police,,,No location,,,Investigation complete; no suspect identified
92156d55288609553a397f214c2b7af87b6173f0d3d2a3b1944c81230cc87909,2017-09,City of London Police,City of London Police,-0.084251,51.520059,On or near SUN STREET,E01032739,City of London 001F,Investigation complete; no suspect identified
32d65ab5a29b5d760b63b2a88b7e191cf764fbd04ee645aaacb19b223a593c88,2017-09,City of London Police,City of London Police,-0.085149,51.517196,On or near BLOMFIELD STREET,E01032739,City of London 001F,Investigation complete; no suspect identified
8717a82a4a470509615fd827a612343b72b1a1d99c62af0547950af28db72e3f,2017-09,City of London Police,City of London Police,-0.104494,51.509848,On or near A201,E01032739,City of London 001F,Suspect charged
211d9dffc99159701e9ac3a88bb3def85cf2110c69d71c6594929642c480e51f,2017-09,City of London Police,City of London Police,-0.100202,51.513268,On or near DEAN'S COURT,E01032739,City of London 001F,Suspect charged
e1cd61372b5e5849118cb010e5fe9f345c523e71a34a7b7eb2630f42646d50da,2017-09,City of London Police,City of London Police,-0.079786,51.517576,On or near Police Station,E01032739,City of London 001F,Suspect charged
71d46d3adc2e9b1534cd1ce33b4ba73940d37fd8de01cd0ece30df0ae4496498,2017-09,City of London Police,City of London Police,-0.084105,51.515281,On or near Conference/Exhibition Centre,E01032739,City of London 001F,Suspect charged
e9ed21c68b97f42674d17f6ede66bce1f25766089b846dce1d27070b707df482,2017-09,City of London Police,City of London Police,-0.101055,51.513552,On or near CREED LANE,E01032739,City of London 001F,Offender given a caution
7b2667597124ea0bdc5c408c9dc157f1d96791674ceb38e2e1908b5aa14a2663,2017-09,City of London Police,City of London Police,-0.089451,51.517032,On or near Bus/Coach Station,E01032739,City of London 001F,Offender given a caution
f7a7e690e70a49f00ea288e4698aada91e0a2027244f8dc5dae3f437c4e67a94,2017-09,City of London Police,City of London Police,-0.095377,51.520789,On or near BRIDGEWATER STREET,E01000003,City of London 001C,Investigation complete; no suspect identified
868c5a7e36c136bac484fa0f8e9b83a230695c06db400d0184fab9879b822dd2,2017-09,City of London Police,City of London Police,-0.088473,51.518374,On or near MOOR PLACE,E01032739,City of London 001F,Action to be taken by another organisation
9ea8bd5b3af808ce6a46bb2848a3f6257900e0b86d687a8ef3913a23bc96b714,2017-09,City of London Police,City of London Police,-0.082571,51.514753,On or near GREAT ST HELEN'S,E01032739,City of London 001F,Unable to prosecute suspect
f67339fbf79179678f064260b9e06c2c84ea889ff886d30e1302c34f8dda1551,2017-09,City of London Police,City of London Police,-0.107148,51.511879,On or near TALLIS STREET,E01032740,City of London 001G,Investigation complete; no suspect identified
e433efcb2c3c4edf80f8a5fee7670e847645c792b7e847f2a9b265e760fb258d,2017-09,City of London Police,City of London Police,-0.084566,51.517690,On or near BLOMFIELD STREET,E01032739,City of London 001F,Investigation complete; no suspect identified
138ddc8e445ad0384f7e6692eacd5f958177c5959e22109be252752ad3e693a3,2017-09,City of London Police,City of London Police,-0.088995,51.512088,On or near ST SWITHIN'S LANE,E01032739,City of London 001F,Investigation complete; no suspect identified
f20141ff416889db3ae40f2c816aaebfa4c0d816b1fca31675ae924fc0f3d9c6,2017-09,City of London Police,City of London Police,-0.101345,51.518709,On or near Parking Area,E01032740,City of London 001G,Investigation complete; no suspect identified
051d4cae580ba816c58c0da05382599eaf3ca215c8e54a811b57bcf4a6476f65,2017-09,City of London Police,City of London Police,-0.094758,51.512829,On or near Nightclub,E01032739,City of London 001F,Investigation complete; no suspect identified
46702e365b568b0f175f08864c9b5429caf6767ab8a3f39e923e60a9200b1b22,2017-09,City of London Police,City of London Police,-0.094468,51.521853,On or near GOLDEN LANE,E01000003,City of London 001C,Investigation complete; no suspect identified
e33ec2b3ffbbe4e1b7d337107c8034f3e0e36ba2ef17234137038d9e2a24e7c5,2017-09,City of London Police,City of London Police,-0.096511,51.511922,On or near QUEEN VICTORIA STREET,E01032739,City of London 001F,Investigation complete; no suspect identified
f38b9667098e0e512e1878abdb433296045add0f605ea2bdfbfda05b78c290d4,2017-09,City of London Police,City of London Police,-0.111132,51.512420,On or near MIDDLE TEMPLE LANE,E01032740,City of London 001G,Formal action is not in the public interest
7ba95767ff67c73d1594fd4543ed7a3d1597201ae5785ce7db2ce416b28c6627,2017-09,City of London Police,City of London Police,-0.100179,51.514158,On or near Shopping Area,E01032739,City of London 001F,Investigation complete; no suspect identified
3d6e2b2154e3fc996bf31188016ff48e8d28b3ce44fedbd8acb4b9bac580264b,2017-09,City of London Police,City of London Police,-0.075196,51.512609,On or near ST CLARE STREET,E01000005,City of London 001E,Unable to prosecute suspect
aa6789224a84b322ebe16c71313deefc5391d57ef876c681ae2e085c55cb69ea,2017-09,City of London Police,City of London Police,-0.086051,51.513569,On or near FINCH LANE,E01032739,City of London 001F,Investigation complete; no suspect identified
b074e0e6d1c6d8dde4c00b27e7ab5e8a82e107e9abd7befb4ef8e37f81dc372d,2017-09,City of London Police,City of London Police,-0.084095,51.516900,On or near NEW BROAD STREET,E01032739,City of London 001F,Investigation complete; no suspect identified
397c679b9c7ee08f5882eedf1e390e166baffb0fa2e1103c9aaa6cde3a43b186,2017-09,City of London Police,City of London Police,-0.084723,51.514986,On or near Conference/Exhibition Centre,E01032739,City of London 001F,Unable to prosecute suspect
6faa177456960fb95dec68fec498124349421754e8a4ccd32abfdd9146dcb2d3,2017-09,City of London Police,City of London Police,-0.099818,51.519017,On or near CLOTH FAIR,E01032740,City of London 001G,Investigation complete; no suspect identified
709f842755c4c14107b3eb1cbef5ff23cc2cd6d966e1fd26585e7ddbafafbf02,2017-09,City of London Police,City of London Police,-0.106214,51.513905,On or near SALISBURY COURT,E01032740,City of London 001G,Investigation complete; no suspect identified
6529daaa8ff5a8b2942413c9defcc88b7b10eefdeabf213822ce76c593f66b4c,2017-09,City of London Police,City of London Police,-0.083993,51.511440,On or near PHILPOT LANE,E01032739,City of London 001F,Unable to prosecute suspect
5dfd0ea57f894459e399ace76b468ca41eaab9318b926c2da34d21fc65f2f2c2,2017-09,City of London Police,City of London Police,-0.078994,51.514137,On or near HENEAGE PLACE,E01032739,City of London 001F,Investigation complete; no suspect identified
075a1b9228679602a9de9f667fa48e69c09ce00cd9bbe246db756d847e1b86ed,2017-09,City of London Police,City of London Police,-0.074613,51.512060,On or near HAYDON STREET,E01000005,City of London 001E,Investigation complete; no suspect identified
ba36c1033ae6e047fdeb5b998e82f710d05e05b4e2dd8b65972892a8cb350039,2017-09,City of London Police,City of London Police,-0.092719,51.512652,On or near QUEEN VICTORIA STREET,E01032739,City of London 001F,Investigation complete; no suspect identified
4ede02a113843948c586f5cd85251919264f6fcfa3de5a488bf40fad0458ffb5,2017-09,City of London Police,City of London Police,-0.088621,51.518619,On or near MOORFIELDS,E01000002,City of London 001B,Investigation complete; no suspect identified
cda33352c555888bea8457b03a606a6792ffe39d33068c4a387eb424524b39c2,2017-09,City of London Police,City of London Police,-0.096385,51.510787,On or near GARDNERS LANE,E01032739,City of London 001F,Investigation complete; no suspect identified
3cfb52d60bf960af5b6cf6e5a316d30ba3f433f0025a5d1be2ce40ae0f696948,2017-09,City of London Police,City of London Police,-0.106214,51.513905,On or near SALISBURY COURT,E01032740,City of London 001G,Unable to prosecute suspect
8a566dbccd72049a006d07e007ad8511bad7f50a40b046fe1f9357bc01fb5da9,2017-09,City of London Police,City of London Police,-0.080728,51.511611,On or near Supermarket,E01032739,City of London 001F,Investigation complete; no suspect identified
95db8961335d32523f499e8986eb2428440a1545271fac5b7b6b3a32a387f176,2017-09,City of London Police,City of London Police,-0.081091,51.516014,On or near CAMOMILE STREET,E01032739,City of London 001F,Investigation complete; no suspect identified
5801837b88cd5044a3d0e9ab641da22367cd86191374b69979dadf5daa902346,2017-09,City of London Police,City of London Police,-0.082571,51.514753,On or near GREAT ST HELEN'S,E01032739,City of London 001F,Unable to prosecute suspect
7142aa8adba3786fcef2a5398b23ecbc50195ef9bfdecbc21c8a4968c516fd0c,2017-09,City of London Police,City of London Police,-0.101794,51.516207,On or near NEWGATE STREET,E01032740,City of London 001G,Investigation complete; no suspect identified
e2e0940d9c3b19ffed648a258946a694550bf11b93dafe158edad121080c15da,2017-09,City of London Police,City of London Police,-0.096363,51.513377,On or near NEW CHANGE,E01032739,City of London 001F,Investigation complete; no suspect identified
27277165c8fbc15e30735d74a2d6a4fc9e4119034b61f1290634e453a62c78f3,2017-09,City of London Police,City of London Police,-0.079283,51.511021,On or near SEETHING LANE,E01032739,City of London 001F,Unable to prosecute suspect
f4684702756216c563f52eb7614a54ba0797246d60bcfc2628e9e1d23679c0ab,2017-09,City of London Police,City of London Police,-0.098572,51.516767,On or near KING EDWARD STREET,E01000001,City of London 001A,Investigation complete; no suspect identified
d48b7026d6313e022144453f90b3fa4dd5660f6acc8e1fdaf357ccb03a099943,2017-09,City of London Police,City of London Police,-0.104281,51.516032,On or near BEAR ALLEY,E01032740,City of London 001G,Investigation complete; no suspect identified
1b1299e0b8b7de583483bd20154213b035db58e95e122cbb3302b21fc23c9113,2017-09,City of London Police,City of London Police,-0.084618,51.512682,On or near GRACECHURCH STREET,E01032739,City of London 001F,Unable to prosecute suspect
9ff3ea5cc3a00d76276f3fac161d965301069a10de4275a4cebc214753696fb7,2017-09,City of London Police,City of London Police,-0.098148,51.517938,On or near ALBION WAY,E01032740,City of London 001G,Unable to prosecute suspect
30bf7dbd6c5cca68d4aeca4eacc651cbca1f0696ad01415f97ca661b81a1160a,2017-09,City of London Police,City of London Police,-0.086624,51.511923,On or near CLEMENT'S LANE,E01032739,City of London 001F,Investigation complete; no suspect identified
f19e32894306ac42eef17d605c396067166835945874f37f392ba085e2f94eaa,2017-09,City of London Police,City of London Police,-0.078308,51.518091,On or near WIDEGATE STREET,E01032739,City of London 001F,Unable to prosecute suspect
c476b2f69bfe5ad78596f9d6422218bf6d109e73bd6e713c1c4434bbf9abafec,2017-09,City of London Police,City of London Police,-0.092865,51.510182,On or near Parking Area,E01032739,City of London 001F,Investigation complete; no suspect identified
ac219bd0de293803575722dd58c5315fd9f2bfd706c99ed0d56bf4e0f8cf6aee,2017-09,City of London Police,City of London Police,-0.086764,51.510307,On or near FISH STREET HILL,E01032739,City of London 001F,Investigation complete; no suspect identified
6fc65d406bfd1b6ba0dc641d516c330f3cd1d03e9507e3d8917ff3ef238303b6,2017-09,City of London Police,City of London Police,-0.091732,51.521080,On or near Nightclub,E01002704,Islington 023D,Investigation complete; no suspect identified
81c49f736d07357fdd0c7631e1038b7feefa67cc5b801b4c0a8c4c7c45bd4b9c,2017-09,City of London Police,City of London Police,-0.077578,51.510795,On or near PEPYS STREET,E01032739,City of London 001F,Further investigation is not in the public interest
7ca899e7d551f4bd1ffa0ddeb9d9d634f033060e692da0c292ee6b3f2b6ace7f,2017-09,City of London Police,City of London Police,-0.096846,51.511478,On or near LAMBETH HILL,E01032739,City of London 001F,Unable to prosecute suspect
5b70f36e2507b0e3cf6a181e795ea06ca8aa850d6c434110099a1901c94ad8eb,2017-09,City of London Police,City of London Police,-0.081091,51.516014,On or near CAMOMILE STREET,E01032739,City of London 001F,Unable to prosecute suspect
f57cfadf46f12408505b3c89ecb8eeb096b9d11e8b9008fe1ab0d28ab440af9d,2017-09,City of London Police,City of London Police,-0.094231,51.511984,On or near GREAT TRINITY LANE,E01032739,City of London 001F,Unable to prosecute suspect
c4f1c0963760f4e5691058704788d0e77282ac06398e32f58c6a66220c2286bf,2017-09,City of London Police,City of London Police,-0.083242,51.512165,On or near LIME STREET,E01032739,City of London 001F,Investigation complete; no suspect identified
fdedee494d5a23395f6698a7738097f93a47d5c6b11307a96795e5297ba1ba33,2017-09,City of London Police,City of London Police,-0.080376,51.517244,On or near Supermarket,E01032739,City of London 001F,Formal action is not in the public interest
0938c1f786ace05c07b255e6f7b567a985ccb0324ad3aee77615a9c0578f6d09,2017-09,City of London Police,City of London Police,-0.094758,51.512829,On or near Nightclub,E01032739,City of London 001F,Investigation complete; no suspect identified
894c0a7e7cb54287aa25d326358edfc03c778cd9e34cb474da560ecac52e51ae,2017-09,City of London Police,City of London Police,-0.084967,51.512598,On or near BELL INN YARD,E01032739,City of London 001F,Investigation complete; no suspect identified
02c0880672b7236b006831c942faae4fa883e934cdc0a71d792addcccfa2d845,2017-09,City of London Police,City of London Police,-0.079786,51.517576,On or near Police Station,E01032739,City of London 001F,Investigation complete; no suspect identified
1aaba722ee8271ad5a938a01c27b42013425fb26cea0bf70a923581834dc46fb,2017-09,City of London Police,City of London Police,-0.082913,51.513463,On or near LEADENHALL STREET,E01032739,City of London 001F,Investigation complete; no suspect identified
7e8d5d4acd1492e00ce6d9ad5ed79e5bc0c7f7cc56e9720b641bf7be5bc66b29,2017-09,City of London Police,City of London Police,-0.081938,51.513007,On or near LIME STREET,E01032739,City of London 001F,Investigation complete; no suspect identified
a2ed3203d0a10e67a203a290c90baacc4ebe40ef733f15694c0f816629a218cc,2017-09,City of London Police,City of London Police,-0.082965,51.516351,On or near WORMWOOD STREET,E01032739,City of London 001F,Unable to prosecute suspect
fec470df8a097f736891536093401d8ee2d0a34d266ea29379f214a7cb0a3417,2017-09,City of London Police,City of London Police,-0.082571,51.514753,On or near GREAT ST HELEN'S,E01032739,City of London 001F,Investigation complete; no suspect identified
f685a6136ea7fa1b46de55ff2528a902cad6d3648f5a9a76aef6634295baeb95,2017-09,City of London Police,City of London Police,-0.108283,51.517526,On or near Supermarket,E01032740,City of London 001G,Unable to prosecute suspect
2267b4c9076aa78f79d84dbbcb7336d77e962ae045d583f5602c5d5f4429ef1a,2017-09,City of London Police,City of London Police,-0.084701,51.509320,On or near LOWER THAMES STREET,E01032739,City of London 001F,Investigation complete; no suspect identified
3b147169b67515a4c9d47f97f1ea28d4338f02a3cd8f9d66c1f0b128a1e8d4ca,2017-09,City of London Police,City of London Police,-0.100179,51.514158,On or near Shopping Area,E01032739,City of London 001F,Suspect charged
0f77a439d7a3af726dc86c16829ec4560a14cc720dc5ad3391144c61cfa67106,2017-09,City of London Police,City of London Police,-0.076044,51.512650,On or near INDIA STREET,E01000005,City of London 001E,Unable to prosecute suspect
1292da9a84a11769fd680013f3cca5e19c642086e8ccc758af46352cb9f358d0,2017-09,City of London Police,City of London Police,-0.102502,51.516165,On or near GREEN ARBOUR COURT,E01032740,City of London 001G,Investigation complete; no suspect identified
418d8908dd8225e0adabe314ba507e3b53b1477e7deef45cf73ec6fd7627f82b,2017-09,City of London Police,City of London Police,-0.100179,51.514158,On or near Shopping Area,E01032739,City of London 001F,Investigation complete; no suspect identified
058c916111e88e655d992047a17917504d184568bd0c8971454e7bbdc3fe9d19,2017-09,City of London Police,City of London Police,-0.081091,51.516014,On or near CAMOMILE STREET,E01032739,City of London 001F,Unable to prosecute suspect
b67fe50c94306743cf2f57fef8080bd8b563b5755eb4528870512a2816fee98e,2017-09,City of London Police,City of London Police,-0.078924,51.508587,On or near PETTY WALES,E01032739,City of London 001F,Investigation complete; no suspect identified
a0038fac8baa2a9aa9eddbdf017239cb51c2de3fea062275c389e89df04d649a,2017-09,City of London Police,City of London Police,-0.097562,51.518864,On or near Parking Area,E01000001,City of London 001A,Investigation complete; no suspect identified
8198659b4cd07745035962f893ec10af053fa5cc5499672ce3c2938982c62583,2017-09,City of London Police,City of London Police,-0.108231,51.513928,On or near PLEYDELL STREET,E01032740,City of London 001G,Investigation complete; no suspect identified
77c6f22643fe58b2bca07928bf632aae1e6d31e75031dfbf308bf731d3c3c9a1,2017-09,City of London Police,City of London Police,-0.076435,51.513627,On or near ALDGATE,E01000005,City of London 001E,Local resolution
4dfd76338246745a64702f9e65d21b663d197e4a725352b4cea0fe7637992b6c,2017-09,City of London Police,City of London Police,-0.097645,51.515142,On or near ST MARTIN'S LE GRAND,E01032739,City of London 001F,Investigation complete; no suspect identified
584a7bcfb084ec917332111221b5bed5b51c9a90ad543a19704fca5a444e751e,2017-09,City of London Police,City of London Police,-0.079875,51.510995,On or near HART STREET,E01032739,City of London 001F,Unable to prosecute suspect
4b0e2a17bc4a3153f1b1c210ff9d098d92694366adef05fb5fb7bf1dc0de0e1d,2017-09,City of London Police,City of London Police,-0.083993,51.511440,On or near PHILPOT LANE,E01032739,City of London 001F,Suspect charged
0d0fc433440410bd6607faeef8c0a92a58e9572a4a8387beb5cea90c8d01f296,2017-09,City of London Police,City of London Police,-0.076853,51.511916,On or near Nightclub,E01032739,City of London 001F,Unable to prosecute suspect
ba07d77aa2ac9a188fe79ebe93bc721408ca6448938d6adc6d27dbda1965b3f1,2017-09,City of London Police,City of London Police,,,No location,,,Suspect charged
9192b321371a54c8b59c9d69130cb34fd73904361f97b7d7432184080839fcef,2017-09,City of London Police,City of London Police,-0.101073,51.513453,On or near CREED LANE,E01032739,City of London 001F,Investigation complete; no suspect identified
df7251718a2b429b325e6e99aebfd30d928520c6c4f71158b2e612a44702d0d3,2017-09,City of London Police,City of London Police,-0.092296,51.511386,On or near COLLEGE HILL,E01032739,City of London 001F,Unable to prosecute suspect
876925fd0d23ab73932687d99d545b093bcaf4bb313bbd3aaad887084eeb5ed8,2017-09,City of London Police,City of London Police,-0.093257,51.513920,On or near BOW LANE,E01032739,City of London 001F,Investigation complete; no suspect identified
485936cd65806f6cc08d0987138a39210d0c593796110a31933c85db1d14dcca,2017-09,City of London Police,City of London Police,-0.082571,51.514753,On or near GREAT ST HELEN'S,E01032739,City of London 001F,Unable to prosecute suspect
38ea7f71c9f5ef431a57abe80a67d322dae05a7c8d0bc55b04ed1ca215ad7e39,2017-09,City of London Police,City of London Police,-0.096561,51.514513,On or near CHEAPSIDE,E01032739,City of London 001F,Suspect charged
6ea715e7110a367384665c148d73ea5d6a70c5b73d012b7ca5ecde99a1b92ea2,2017-09,City of London Police,City of London Police,-0.093493,51.513447,On or near BOW LANE,E01032739,City of London 001F,Investigation complete; no suspect identified
a187b6e1c2930f8b896c5d51eb9c364e31464390bec9311c64bde159b6ebf3f7,2017-09,City of London Police,City of London Police,-0.092865,51.510182,On or near Parking Area,E01032739,City of London 001F,Investigation complete; no suspect identified
d848c76c4d58525e70e9820c92e4bdfc8762b750e054ce61c737e9c93c03f624,2017-09,City of London Police,City of London Police,-0.077694,51.513171,On or near ALDGATE,E01032739,City of London 001F,Investigation complete; no suspect identified
8a59755a4ed6931a7b170010fcdf21649b9431323a8393a968534cabe5a020d3,2017-09,City of London Police,City of London Police,-0.083993,51.511440,On or near PHILPOT LANE,E01032739,City of London 001F,Investigation complete; no suspect identified
3e0850dcea6285b31b2939e4b7e1d8161aaa17a6c00750931688a65b16e195e5,2017-09,City of London Police,City of London Police,,,No location,,,Unable to prosecute suspect
660ea4db83acc89f564cf7daecc2e0b9eb017b79d3eec25253d362a60aa84345,2017-09,City of London Police,City of London Police,-0.074793,51.511208,On or near Pedestrian Subway,E01000005,City of London 001E,Investigation complete; no suspect identified
1fe82747f56310341467b480b3006b070b1cd16219df637b46eabfb71db1811c,2017-09,City of London Police,City of London Police,-0.109709,51.517909,On or near HIGH HOLBORN,E01032740,City of London 001G,Investigation complete; no suspect identified
c2e91d9f69222971cb2eb76ce5fe5a9861561a2459809ad0281adb4ced87d573,2017-09,City of London Police,City of London Police,-0.097562,51.518864,On or near Parking Area,E01000001,City of London 001A,Investigation complete; no suspect identified
56619bb51af66ac6e4ae4f08e0f3e19291a0f3463662bb9de8bc27386b6e57be,2017-09,City of London Police,City of London Police,-0.086051,51.513569,On or near FINCH LANE,E01032739,City of London 001F,Unable to prosecute suspect
d42a0999da0b5c6f6d4aad5986d9b5505ef94652ebda1d1c04418cbac1315f89,2017-09,City of London Police,City of London Police,-0.078856,51.518433,On or near ARTILLERY LANE,E01032739,City of London 001F,Investigation complete; no suspect identified
0c115370a95e1ae542b12e5009f45a44d804683a24baa2d43aad9c5659b6b925,2017-09,City of London Police,City of London Police,-0.080322,51.510651,On or near MARK LANE,E01032739,City of London 001F,Investigation complete; no suspect identified
d313cb465cd4f43d7c58777ebc21ed2bdefb33eb9819ae311336f52e7bddc9a1,2017-09,City of London Police,City of London Police,-0.098642,51.517146,On or near LITTLE BRITAIN,E01000001,City of London 001A,Investigation complete; no suspect identified
d28d09daeda88a11fe979ea5d0f6e0914517f72debfcf47625263ddec749f15a,2017-09,City of London Police,City of London Police,,,No location,,,Investigation complete; no suspect identified
fc4792d2ce95db8cc50ad1f77d90a96ef68503ccf0d8d1651ec896a1fcec9979,2017-09,City of London Police,City of London Police,-0.100884,51.516966,On or near Hospital,E01032740,City of London 001G,Unable to prosecute suspect
1a3b024812cf2674610a8c04fcad90d28c5feec1a69f2a0507c4d7622212ed37,2017-09,City of London Police,City of London Police,-0.101073,51.513453,On or near CREED LANE,E01032739,City of London 001F,Investigation complete; no suspect identified
f97b4f17cf625fdfd1b40ef2c30b3d63f8ed4c2b3e1553e618f3303d14979cd1,2017-09,City of London Police,City of London Police,-0.092865,51.510182,On or near Parking Area,E01032739,City of London 001F,Investigation complete; no suspect identified
24e8324c99ca29a48dbfcb84e0351c89833ca04b25812e9539d5c2ec2c124aa0,2017-09,City of London Police,City of London Police,,,No location,,,Unable to prosecute suspect
ac69396cc3751ffa88d58518008a2fcb340b09e8a122a488a6c8bdff133304c3,2017-09,City of London Police,City of London Police,-0.105134,51.513869,On or near BRIDE LANE,E01032740,City of London 001G,Investigation complete; no suspect identified
ac03ceb885259eec8f2f343518a881a65bf8f52381774faadbeb123f5e4b359b,2017-09,City of London Police,City of London Police,-0.095860,51.521660,On or near FANN STREET,E01000003,City of London 001C,Investigation complete; no suspect identified
29bd9f645c8d07dfe17a7c0c6dad1e61282e68f20d8335c6a899608511124e2f,2017-09,City of London Police,City of London Police,-0.089596,51.518743,On or near NEW UNION STREET,E01000002,City of London 001B,Investigation complete; no suspect identified
f7ec6ecbd900e2c2ebda62c91dcfec530c6caeb5c40949feaf107cae5de086dc,2017-09,City of London Police,City of London Police,-0.079607,51.515657,On or near ST MARY AXE,E01000005,City of London 001E,Formal action is not in the public interest
1e2f6ec6e911398925e250c33e01e7c98975176f9ee3acea5e72434ff8e5b4ae,2017-09,City of London Police,City of London Police,-0.094758,51.512829,On or near Nightclub,E01032739,City of London 001F,Investigation complete; no suspect identified
a944010c45cfb400d51107f1cedb616c93e88af88f759137ba75833f2fd5191a,2017-09,City of London Police,City of London Police,-0.086051,51.513569,On or near FINCH LANE,E01032739,City of London 001F,Investigation complete; no suspect identified
a967a93f4025dcdaa591ab7ee3c24ebb4f8a3ded83e12b113ddac37c4f9b411c,2017-09,City of London Police,City of London Police,-0.090348,51.519358,On or near MOOR LANE,E01000002,City of London 001B,Investigation complete; no suspect identified
5805ae57b8b1fd9303fea605aa5e5c310f27106d6e6cedee2dcb47d1e0e47b48,2017-09,City of London Police,City of London Police,-0.104281,51.516032,On or near BEAR ALLEY,E01032740,City of London 001G,Unable to prosecute suspect
0a7546de1ee3283c765c2af4eb83b4004902343783c01c0758d47486a61a8c0d,2017-09,City of London Police,City of London Police,-0.088843,51.509532,On or near Parking Area,E01032739,City of London 001F,Investigation complete; no suspect identified
5754fb74601accaee5e770a9c48802fdc45ba89b0ce9a5cdab0fe28f179ebc2c,2017-09,City of London Police,City of London Police,-0.076833,51.513769,On or near HOUNDSDITCH,E01000005,City of London 001E,Unable to prosecute suspect
efa4666d9ed45add9fe1527f34e24be95162b9ae975bf941e84b640b9010f9b8,2017-09,City of London Police,City of London Police,-0.092719,51.512652,On or near QUEEN VICTORIA STREET,E01032739,City of London 001F,Unable to prosecute suspect
6183a29636e6d76ed5aebea8fc12b4701b428b6b535faac5ddbd6b6a4d789f11,2017-09,City of London Police,City of London Police,-0.095377,51.520789,On or near BRIDGEWATER STREET,E01000003,City of London 001C,Investigation complete; no suspect identified
c1148027483dd71c54dde6cbba86efc71a6fdc9e131d4abe30d412b4b42888ed,2017-09,City of London Police,City of London Police,-0.082965,51.516351,On or near WORMWOOD STREET,E01032739,City of London 001F,Investigation complete; no suspect identified
1a8c357163a8daccb75747bd069fff9edeb114633eb1d585a9bffa7331335ac5,2017-09,City of London Police,City of London Police,-0.092719,51.512652,On or near QUEEN VICTORIA STREET,E01032739,City of London 001F,Unable to prosecute suspect
becb4c5693af1cc27b1319d2e4c8c666100a0d211f598eeb94f82226e88da38e,2017-09,City of London Police,City of London Police,-0.082571,51.514753,On or near GREAT ST HELEN'S,E01032739,City of London 001F,Unable to prosecute suspect
7d23ecb6a3c88bf17fa39854f0e16a438ff4bc62c75302a6e0959bf896f38182,2017-09,City of London Police,City of London Police,-0.084618,51.512682,On or near GRACECHURCH STREET,E01032739,City of London 001F,Investigation complete; no suspect identified
57b28bcff1d1b78cbabf6311aadd5145247365a848b848c5506ca2c2b9906a5d,2017-09,City of London Police,City of London Police,-0.090797,51.514482,On or near OLD JEWRY,E01032739,City of London 001F,Formal action is not in the public interest
9feca7e442624e35672d182216696f23a0dc41e0b26c02745edbf05b3c875105,2017-09,City of London Police,City of London Police,-0.112939,51.518231,On or near SOUTHAMPTON BUILDINGS,E01032740,City of London 001G,Unable to prosecute suspect
420fa2a7043a5d229181361d641fd90f9742e5839de98ce11b041bab5dc284ef,2017-09,City of London Police,City of London Police,-0.082571,51.514753,On or near GREAT ST HELEN'S,E01032739,City of London 001F,Investigation complete; no suspect identified
f87d85e989fff9426f17741d56b878ab625e4e3f5964d5d4133a4bdbc6d8238f,2017-09,City of London Police,City of London Police,-0.105134,51.513869,On or near BRIDE LANE,E01032740,City of London 001G,Investigation complete; no suspect identified
ad5581873d18e2baa6427dff087e0b40c4297a80557a6323e1e9d0346778b6a3,2017-09,City of London Police,City of London Police,-0.091720,51.513454,On or near Supermarket,E01032739,City of London 001F,Investigation complete; no suspect identified
b6fbf72f3dead84bc2872e09feb7383449a5367bf183176090c694ad06b7b771,2017-09,City of London Police,City of London Police,-0.083506,51.509993,On or near ST MARY AT HILL,E01032739,City of London 001F,Unable to prosecute suspect
29e5fe3861049633e0f015cf305204c539ebd3c0316a91a4e64249062a62f6c4,2017-09,City of London Police,City of London Police,-0.100179,51.514158,On or near Shopping Area,E01032739,City of London 001F,Investigation complete; no suspect identified
290fdfd32b6e9b9982696c3d9c9e51a79263956963760e4ad000961ccf2cfac9,2017-09,City of London Police,City of London Police,-0.084566,51.517690,On or near BLOMFIELD STREET,E01032739,City of London 001F,Investigation complete; no suspect identified
4ca038cc65897b76d4990d051e3cec19ee1208544cc9be513c663232da33bb02,2017-09,City of London Police,City of London Police,-0.077451,51.515523,On or near WHITE KENNETT STREET,E01000005,City of London 001E,Investigation complete; no suspect identified
bd3e096109b1e3e1d30f13d75bc71fe39c34d38a54bb5b77bca5d8230d77272d,2017-09,City of London Police,City of London Police,-0.084251,51.520059,On or near SUN STREET,E01032739,City of London 001F,Investigation complete; no suspect identified
07ab7b8a993b65bf85afb1a1d79fb3cd9508463315fe7b7878460adb0c104a34,2017-09,City of London Police,City of London Police,-0.087153,51.518910,On or near SOUTH PLACE MEWS,E01032739,City of London 001F,Investigation complete; no suspect identified
63431d679825d2aa4d36edf9d78f5e4b1cb322324f6714dd644e7a9599c4ab25,2017-09,City of London Police,City of London Police,-0.086166,51.510828,On or near EASTCHEAP,E01032739,City of London 001F,Unable to prosecute suspect
6d5f48886b8257ae997f534aa589a2d7b8dfaa873a901f69161e4a9a930c8098,2017-09,City of London Police,City of London Police,-0.088456,51.514993,On or near TOKENHOUSE YARD,E01032739,City of London 001F,Unable to prosecute suspect
e46ca517a184081c0a589f6ebf156edd0ed6cd2382a704091403ee8bcbc4018c,2017-09,City of London Police,City of London Police,-0.084201,51.510949,On or near PHILPOT LANE,E01032739,City of London 001F,Unable to prosecute suspect
2776da34c2e5f3fd5f2dbbf47d00b7151732f90e30d9e6880b78f4c06f538272,2017-09,City of London Police,City of London Police,-0.079875,51.510995,On or near HART STREET,E01032739,City of London 001F,Investigation complete; no suspect identified
331c80d5eb8160d69fa7b9692354421950f9461db2f18449922781f668494bb7,2017-09,City of London Police,City of London Police,-0.079786,51.517576,On or near Police Station,E01032739,City of London 001F,Unable to prosecute suspect
90b254f34cbf4df44f7186ca94f1e9d35b6ceefa46f9128f2acf936d58c23705,2017-09,City of London Police,City of London Police,-0.100884,51.516966,On or near Hospital,E01032740,City of London 001G,Investigation complete; no suspect identified
28f5188e8ff94b22e822f0cdd9f051b3036e4d360f8f8b89e7d42199e5bc0b23,2017-09,City of London Police,City of London Police,-0.092865,51.510182,On or near Parking Area,E01032739,City of London 001F,Investigation complete; no suspect identified
04148cb6b7621d54ec4dc75b7390597b67b7c414433ce9a00154207f1d5deecf,2017-09,City of London Police,City of London Police,-0.080376,51.517244,On or near Supermarket,E01032739,City of London 001F,Unable to prosecute suspect
0ffc93061701fcce940ae47fa3795f39d0b056762aaed22527b78407eb8b813a,2017-09,City of London Police,City of London Police,-0.084618,51.512682,On or near GRACECHURCH STREET,E01032739,City of London 001F,Unable to prosecute suspect
0e0f41ad2bea365758adfe14963dcc3385f319158c42d236fbebff201f31b1aa,2017-09,City of London Police,City of London Police,-0.083993,51.511440,On or near PHILPOT LANE,E01032739,City of London 001F,Suspect charged
338a2e3d117c052054f2087b34ad154c7e80572432eee5cf4eb880f96da0252a,2017-09,City of London Police,City of London Police,-0.087084,51.519530,On or near Shopping Area,E01002704,Islington 023D,Investigation complete; no suspect identified
b20d8061f5b6cc0c422a3f5738926c2e3223717628d0bbc1c38eab500792bc86,2017-09,City of London Police,City of London Police,-0.101274,51.512791,On or near ST ANDREW'S HILL,E01032739,City of London 001F,Investigation complete; no suspect identified
228d2a57928af06f070a44293bbd0727dee2901effaee8873e3288ee06be50ce,2017-09,City of London Police,City of London Police,-0.097223,51.515225,On or near ST MARTIN'S LE GRAND,E01000001,City of London 001A,Investigation complete; no suspect identified
09be6267cb26e3dcbea36ea1d1f6dcc9b91a7da4d6b166f92fb820b44faef980,2017-09,City of London Police,City of London Police,-0.108283,51.517526,On or near Supermarket,E01032740,City of London 001G,Investigation complete; no suspect identified
872408ed1ac3c78b78e3107e5d4db304884a852a2d0c9b68d78feaf33399f80d,2017-09,City of London Police,City of London Police,-0.085014,51.509775,On or near MONUMENT STREET,E01032739,City of London 001F,Investigation complete; no suspect identified
7168acf1ed1694c4b189c62d948c8d1d82df459c7835358b84e213cfa61c74e6,2017-09,City of London Police,City of London Police,-0.096900,51.510868,On or near BROKEN WHARF,E01032739,City of London 001F,Formal action is not in the public interest
1107304677847d2d27df33d97f1405fb7f95f45454aa77385373fec09391aa5f,2017-09,City of London Police,City of London Police,-0.105134,51.513869,On or near BRIDE LANE,E01032740,City of London 001G,Investigation complete; no suspect identified
bb1ac176a19cdaf2f5a9b12d1d6968bd32c84ddddd13c29ae04bc0c2e2248c16,2017-09,City of London Police,City of London Police,-0.084105,51.515281,On or near Conference/Exhibition Centre,E01032739,City of London 001F,Unable to prosecute suspect
d32b4da74c005597f5b5d52d9d2af905ba6a63039e0ababae4c87fbfc19f1ee3,2017-09,City of London Police,City of London Police,-0.089698,51.511812,On or near OXFORD COURT,E01032739,City of London 001F,Investigation complete; no suspect identified
1b5a921670da6066eab176f081c4c045ddc2379b091ec1a4b1b3aa7d46528c52,2017-09,City of London Police,City of London Police,-0.082571,51.514753,On or near GREAT ST HELEN'S,E01032739,City of London 001F,Investigation complete; no suspect identified
d6f3d1d0933f4127b1d704782450d6defaf37b2bed4ea2e0a5cbf52761e2d890,2017-09,City of London Police,City of London Police,-0.099848,51.519350,On or near LONG LANE,E01032740,City of London 001G,Investigation complete; no suspect identified
a4ca2654f6638c7cbadb098adbf35acf67a2bb9ec38b6f5c164c30859d9ee80b,2017-09,City of London Police,City of London Police,-0.079786,51.517576,On or near Police Station,E01032739,City of London 001F,Investigation complete; no suspect identified
a45e510298a8cbf8a8c9196bdcbb9db4d9ad482a82179aecce619a40c6428024,2017-09,City of London Police,City of London Police,-0.076592,51.514367,On or near Pedestrian Subway,E01000005,City of London 001E,Investigation complete; no suspect identified
1db71ca8d804678a12ab5fd9984a1d5bef5b5e5b76dacda54de2cf10c50af687,2017-09,City of London Police,City of London Police,-0.092517,51.520580,On or near WHITECROSS STREET,E01000002,City of London 001B,Investigation complete; no suspect identified
71ec9964bf8c328e74ac26e8c058131adeb2289e97519adf240450a11bb8513b,2017-09,City of London Police,City of London Police,-0.084105,51.515281,On or near Conference/Exhibition Centre,E01032739,City of London 001F,Investigation complete; no suspect identified
f72e4e077c39114e30d41acc002431802939c92417957f07fc36043a8c97b74d,2017-09,City of London Police,City of London Police,-0.081890,51.515173,On or near ST HELEN'S PLACE,E01032739,City of London 001F,Investigation complete; no suspect identified
9c27853c9f3f132c67e646cb3ef42d0fbf81b4ae08969a69a50871489566320e,2017-09,City of London Police,City of London Police,-0.094197,51.510734,On or near KENNETT WHARF LANE,E01032739,City of London 001F,Investigation complete; no suspect identified
b66af49a14dcaebeb28ae0e1b75ab2ce53453c8f19192d398582b9b8c84a3eb7,2017-09,City of London Police,City of London Police,-0.097409,51.521145,On or near GOSWELL ROAD,E01000001,City of London 001A,Local resolution
340ea78b332c48fc2f28e08e75c5063425eb162b00be663fd1eb48ae175232a3,2017-09,City of London Police,City of London Police,-0.106357,51.512549,On or near TUDOR STREET,E01032740,City of London 001G,Investigation complete; no suspect identified
fed09290a23407ad750aa954be8fcb3cd8a36fd73822cb815d627ab55ba9bff9,2017-09,City of London Police,City of London Police,-0.105134,51.513869,On or near BRIDE LANE,E01032740,City of London 001G,Investigation complete; no suspect identified
7b063fa683f37dd6145687a582962c62d49649390459a7c16d3f1aee66fe3130,2017-09,City of London Police,City of London Police,-0.090348,51.519358,On or near MOOR LANE,E01000002,City of London 001B,Unable to prosecute suspect
47879d080422f29e7958563e39385b66167cbca04f62cc96a56dc9eea27da5ed,2017-09,City of London Police,City of London Police,-0.084095,51.516900,On or near NEW BROAD STREET,E01032739,City of London 001F,Investigation complete; no suspect identified
755c6c9b8f4bbc4df1ae4a188753247ee436c50d4a983234f620ee3280fca6f9,2017-09,City of London Police,City of London Police,-0.104281,51.516032,On or near BEAR ALLEY,E01032740,City of London 001G,Investigation complete; no suspect identified
a8db217b479eb9d5471b5306d9267cc0e036cb6ccf879891a71801886582d1a6,2017-09,City of London Police,City of London Police,-0.080728,51.511611,On or near Supermarket,E01032739,City of London 001F,Unable to prosecute suspect
38ea7f71c9f5ef431a57abe80a67d322dae05a7c8d0bc55b04ed1ca215ad7e39,2017-09,City of London Police,City of London Police,-0.096561,51.514513,On or near CHEAPSIDE,E01032739,City of London 001F,Suspect charged
67f5f0a15885bd49f79357cd9b134402a9942d8b3b7f505f87b8b904e74cb299,2017-09,City of London Police,City of London Police,-0.112939,51.518231,On or near SOUTHAMPTON BUILDINGS,E01032740,City of London 001G,Investigation complete; no suspect identified
2168b6b5ace29ec5c8cb6fe3be37d6d49f1b5bef2235457859a7736e9dadde2b,2017-09,City of London Police,City of London Police,-0.087760,51.517149,On or near LONDON WALL,E01032739,City of London 001F,Investigation complete; no suspect identified
fed2f1ae36123069ccadf7ab36503ac671bc02ebd43d29165959ce31b9583bbe,2017-09,City of London Police,City of London Police,-0.109709,51.517909,On or near HIGH HOLBORN,E01032740,City of London 001G,Investigation complete; no suspect identified
75eec174e4ea3ee4df6c7769169ff206d7ec34b06124ffa88d866314926a6a81,2017-09,City of London Police,City of London Police,-0.094197,51.510734,On or near KENNETT WHARF LANE,E01032739,City of London 001F,Investigation complete; no suspect identified
7b079dc673b6a751612c8c6d3eddb5d909ba7d6d9e8cec74930bf8a5bc26d243,2017-09,City of London Police,City of London Police,-0.101963,51.519097,On or near Conference/Exhibition Centre,E01032740,City of London 001G,Unable to prosecute suspect
e36643cd099ad0cb1e79aae72a3fa91860e2d645b0ca3b095a7bf82ea379111e,2017-09,City of London Police,City of London Police,-0.092296,51.511386,On or near COLLEGE HILL,E01032739,City of London 001F,Investigation complete; no suspect identified
8b54aea7c66fb95cde8a7e2b18efa5cd0e951a5c189f0526a126136e4ede89a4,2017-09,City of London Police,City of London Police,-0.092517,51.520580,On or near WHITECROSS STREET,E01000002,City of London 001B,Investigation complete; no suspect identified
fa3fb76b5cae4149ab23e73f27f8a160becd3c27686a94f5d80f44bd003d6f32,2017-09,City of London Police,City of London Police,-0.079786,51.517576,On or near Police Station,E01032739,City of London 001F,Investigation complete; no suspect identified
af8bd927f3d9879c65e8bd94b475b9eee24c768dc6a1c2882171a42f19b7d21c,2017-09,City of London Police,City of London Police,-0.089364,51.515331,On or near KING'S ARMS YARD,E01032739,City of London 001F,Investigation complete; no suspect identified
39af730ff5aff974a0733acf366b40b39f8b165595195cf1a32fca88be527955,2017-09,City of London Police,City of London Police,-0.079786,51.517576,On or near Police Station,E01032739,City of London 001F,Suspect charged
c8b0431e8b3e444d113f5af1206767f526fed3f28963d9c5a10ac9a46a6a93a6,2017-09,City of London Police,City of London Police,-0.078994,51.514137,On or near HENEAGE PLACE,E01032739,City of London 001F,Investigation complete; no suspect identified
d870702481f2639ec0c74da0f1f5f519067915e99a64af0f61c96e5b64d7e3fe,2017-09,City of London Police,City of London Police,-0.084618,51.512682,On or near GRACECHURCH STREET,E01032739,City of London 001F,Unable to prosecute suspect
63958c93f6953c9c2b106d0261932ea21da52ab6e542d4303e7f3dc8157cd2b7,2017-09,City of London Police,City of London Police,-0.099818,51.519017,On or near CLOTH FAIR,E01032740,City of London 001G,Investigation complete; no suspect identified
21e6c6faf1a028e903347c33c17c06c38d46e01d51e5dc3f386324decf447642,2017-09,City of London Police,City of London Police,-0.112939,51.518231,On or near SOUTHAMPTON BUILDINGS,E01032740,City of London 001G,Investigation complete; no suspect identified
7d8b056852eb8030890142f9c47925abf5d6dfca574cf00b9b9b7fb920bb773b,2017-09,City of London Police,City of London Police,-0.108283,51.517526,On or near Supermarket,E01032740,City of London 001G,Investigation complete; no suspect identified
1cd59905d373e0a253102f039c3d9b9bd91cc943a78b16f1760a0705b210b7d7,2017-09,City of London Police,City of London Police,-0.076044,51.512650,On or near INDIA STREET,E01000005,City of London 001E,Investigation complete; no suspect identified
eaeb75fa204c65df8a1364bb346c70756fd535a1747e2aec410bef54e57b5b75,2017-09,City of London Police,City of London Police,-0.095377,51.520789,On or near BRIDGEWATER STREET,E01000003,City of London 001C,Investigation complete; no suspect identified
fa8abe712e9fdf711bd5eec198f6904e06814d94eddc44345ba904d4d662d7ac,2017-09,City of London Police,City of London Police,-0.080146,51.514848,On or near BURY COURT,E01032739,City of London 001F,Investigation complete; no suspect identified
86574637c77694103fb346c8980daf07a7ab5c4be5fa21c0da3deb17df121d91,2017-09,City of London Police,City of London Police,-0.093796,51.512391,On or near Pedestrian Subway,E01032739,City of London 001F,Unable to prosecute suspect
165e3acd8612f65fbdcf7383db99a9c347daef4e9d973185be058d9f11ae127b,2017-09,City of London Police,City of London Police,-0.109647,51.514887,On or near FETTER LANE,E01032740,City of London 001G,Unable to prosecute suspect
3c55bfad762e5b8aead282f480f8233e2de683f66880d569035d5066787bda02,2017-09,City of London Police,City of London Police,-0.076113,51.511014,On or near Conference/Exhibition Centre,E01000005,City of London 001E,Investigation complete; no suspect identified
17312bfd68e25c0ba068d085cbe61cc2a058f05366bf91d908a5a5c70e3d5904,2017-09,City of London Police,City of London Police,-0.079444,51.512678,On or near FENCHURCH BUILDINGS,E01032739,City of London 001F,Investigation complete; no suspect identified
d7835f66813a2c064b674edf59533a7a55780ca04bba4aeb8655b4bcf05c3ff0,2017-09,City of London Police,City of London Police,-0.095860,51.521660,On or near FANN STREET,E01000003,City of London 001C,Investigation complete; no suspect identified
b7173797fc085e47fcd478a14fb016d2b53e93fb03d68758e961862d46e2eabf,2017-09,City of London Police,City of London Police,-0.091084,51.513830,On or near OLD JEWRY,E01032739,City of London 001F,Investigation complete; no suspect identified
5412d77c180f5a47e4cad03079090b476a2558bc7011bffe4bcafe2e4dd117bf,2017-09,City of London Police,City of London Police,-0.084105,51.515281,On or near Conference/Exhibition Centre,E01032739,City of London 001F,Investigation complete; no suspect identified
a7f8a24aad45a0d2878985ee29ab0f45bfbe6c993b3896959f5bf48f0f9073ad,2017-09,City of London Police,City of London Police,-0.091732,51.521080,On or near Nightclub,E01002704,Islington 023D,Unable to prosecute suspect
4b7ef2d5be05632198410ba5c7a114a47ffbd3b86bfd55e23c65e415d663fad8,2017-09,City of London Police,City of London Police,-0.075508,51.514763,On or near Pedestrian Subway,E01000005,City of London 001E,Investigation complete; no suspect identified
74dc875fed61a07ca79aa34b656fdcce77a75ce5e650e24ba26b1b5c362da0fa,2017-09,City of London Police,City of London Police,-0.083993,51.511440,On or near PHILPOT LANE,E01032739,City of London 001F,Investigation complete; no suspect identified
7f8b5fbc96a41664277f1e9bef05cbc39b465cff10f63463eb38adf4eb74b58b,2017-09,City of London Police,City of London Police,-0.096363,51.513377,On or near NEW CHANGE,E01032739,City of London 001F,Unable to prosecute suspect
19b43cbddbdd03527d85e8d945f70dfeb22243b7c0733296c844c6f4763899b4,2017-09,City of London Police,City of London Police,,,No location,,,Offender given community sentence
4b0e2a17bc4a3153f1b1c210ff9d098d92694366adef05fb5fb7bf1dc0de0e1d,2017-09,City of London Police,City of London Police,-0.083993,51.511440,On or near PHILPOT LANE,E01032739,City of London 001F,Offender fined
6c1144e3aca031005aac7826561a011d7a8787915506eb4ac8289e22cfdff70c,2017-09,City of London Police,City of London Police,-0.083993,51.511440,On or near PHILPOT LANE,E01032739,City of London 001F,Defendant found not guilty
f361a84e4284996b8413e5f44c4d96caa04962d5a1b19a910ecb311df5c1a8ba,2017-09,City of London Police,City of London Police,-0.080782,51.514804,On or near ST MARY AXE,E01032739,City of London 001F,Offender fined
5de0f745fa4a1e554ec380760e0a32e8f4d66f92dd805b0c19dd13ef75b46907,2017-09,City of London Police,City of London Police,-0.086624,51.511923,On or near CLEMENT'S LANE,E01032739,City of London 001F,Court case unable to proceed
59ff31ff61b76b5e9e0d64e04a3316dea8cbd58e0982b517bcb596c75c9d31d8,2017-09,City of London Police,City of London Police,-0.084095,51.516900,On or near NEW BROAD STREET,E01032739,City of London 001F,Offender sent to prison
868dad6a25a46a9fe1db185ee1e72350c148230416528469823d5018eaa28b81,2017-09,City of London Police,City of London Police,-0.080665,51.509344,On or near Pedestrian Subway,E01032739,City of London 001F,Offender deprived of property
d580cdc5abf443762426038ad99275bfba5cb90fdb3c56c41b4a76352a397528,2017-09,City of London Police,City of London Police,-0.081091,51.516014,On or near CAMOMILE STREET,E01032739,City of London 001F,Offender deprived of property
acfdf5ec81ce3f5f5aed8b3a465a08586552c69051556bb4c342ac9219d23730,2017-09,City of London Police,City of London Police,-0.096363,51.513377,On or near NEW CHANGE,E01032739,City of London 001F,Offender fined
bb5d32314c0e41d3b4fb7bae0419671112318db5c3aa60efd4d24b8faee729a8,2017-09,City of London Police,City of London Police,-0.105134,51.513869,On or near BRIDE LANE,E01032740,City of London 001G,Offender given conditional discharge
4862509533d739e910ecfe571420c48a7f0cb58a45081a625d8b91c34a4fb5fa,2017-09,City of London Police,City of London Police,-0.084095,51.516900,On or near NEW BROAD STREET,E01032739,City of London 001F,Offender fined
d7e957a3ab077389dfff03a39cb007eed42df505a227ce49d758218704631868,2017-09,City of London Police,City of London Police,-0.093257,51.513920,On or near BOW LANE,E01032739,City of London 001F,Offender given community sentence
eacc3208e6f3f52a518e3a66ce97869115fb40998c2ab6a9d6a637110b6229ba,2017-09,City of London Police,City of London Police,-0.105134,51.513869,On or near BRIDE LANE,E01032740,City of London 001G,Defendant found not guilty
e55b095fa9b994a7bf7e081fb5a8b3f39818ee1eeba4957a65e730e092cc55ab,2017-09,City of London Police,City of London Police,-0.080782,51.514804,On or near ST MARY AXE,E01032739,City of London 001F,Offender fined
80169141fda52760e9a09b0aa6a20c791450793f9e41b91d81b825357c6c4f02,2017-09,City of London Police,City of London Police,-0.077300,51.512607,On or near CARLISLE AVENUE,E01032739,City of London 001F,Offender sent to prison
561de4ef4074ab28d6b22dd5070323edea68a5e6b466ab1deb5a92670ce9324c,2017-09,City of London Police,City of London Police,-0.096363,51.513377,On or near NEW CHANGE,E01032739,City of London 001F,Offender fined
b266affbe3f0417bcfc65bbb20ffd7d754819e911f2c0f48748125f7fdb96117,2017-09,City of London Police,City of London Police,-0.101794,51.516207,On or near NEWGATE STREET,E01032740,City of London 001G,Defendant found not guilty
8f4050f91b04bb373f9bd3b31d27ca341181b1353c77445282d66cddd5c44038,2017-09,City of London Police,City of London Police,-0.079786,51.517576,On or near Police Station,E01032739,City of London 001F,Offender sent to prison
5b258b290101eeadfbdf2d9830ba66a1978c7870b0c69621b82158c00b1f6f56,2017-09,City of London Police,City of London Police,-0.101794,51.516207,On or near NEWGATE STREET,E01032740,City of London 001G,Offender given suspended prison sentence
6cf9871de21d3a0c283b9bc0a1db24d46553b383faa5cc9a9141e8d42838e9ca,2017-09,City of London Police,City of London Police,-0.086764,51.510307,On or near FISH STREET HILL,E01032739,City of London 001F,Offender sent to prison
66a583c3d93717e787bbb41ec4180689daf98084cf8d332ed8700e4ea5cee786,2017-09,City of London Police,City of London Police,-0.080234,51.516855,On or near DEVONSHIRE ROW,E01032739,City of London 001F,Offender otherwise dealt with
fb068a54f6ec3ccaf7411871a7456c8a31c9a0686e496824134ea768d3c0f700,2017-09,City of London Police,City of London Police,-0.096363,51.513377,On or near NEW CHANGE,E01032739,City of London 001F,Offender fined
8717a82a4a470509615fd827a612343b72b1a1d99c62af0547950af28db72e3f,2017-09,City of London Police,City of London Police,-0.104494,51.509848,On or near A201,E01032739,City of London 001F,Offender sent to prison
ba6dd98c907a8f3b2e0c75b8794d5d2cfa7e03a145e9fbb6c505b66254b77393,2017-09,City of London Police,City of London Police,-0.075508,51.514763,On or near Pedestrian Subway,E01000005,City of London 001E,Offender given suspended prison sentence
211d9dffc99159701e9ac3a88bb3def85cf2110c69d71c6594929642c480e51f,2017-09,City of London Police,City of London Police,-0.100202,51.513268,On or near DEAN'S COURT,E01032739,City of London 001F,Offender given suspended prison sentence
5442f8b2b576d2a20be76b2694d80239c16aaa6f66c1932ee60416f61bcefc14,2017-09,City of London Police,City of London Police,-0.082965,51.516351,On or near WORMWOOD STREET,E01032739,City of London 001F,Offender sent to prison
38f6b26d7fa4edf6990ed582b9fdb6a87761897d32a93d2fdd234951cd04ea64,2017-09,City of London Police,City of London Police,-0.089838,51.516067,On or near COLEMAN STREET,E01032739,City of London 001F,Offender sent to prison
e7538985183628eee803c1406b65785f415c29b68772e50ddc1819b2264d3c3c,2017-09,City of London Police,City of London Police,-0.097645,51.515142,On or near ST MARTIN'S LE GRAND,E01032739,City of London 001F,Offender given community sentence
98749f5f6884553408f63cb054d2e0e06a8070f3e6e9b716eec423fa9ea76855,2017-09,City of London Police,City of London Police,-0.077451,51.515523,On or near WHITE KENNETT STREET,E01000005,City of London 001E,Offender fined
5c481901691e8c40f572ad9fd009f9e5ac6e46fdaada53ac6ccc5cb5227e8ff2,2017-09,City of London Police,City of London Police,-0.082628,51.518189,On or near SUN STREET PASSAGE,E01032739,City of London 001F,Defendant found not guilty
2e1202315f2e486883a52c449d0b009d0440f68a3e8f30082561263eb505ec50,2017-09,City of London Police,City of London Police,-0.090142,51.514292,On or near Conference/Exhibition Centre,E01032739,City of London 001F,Offender sent to prison
4ba5f270eb986fefdcafa1d6b095249247354551d76616527f6dc46eac8ed3d8,2017-09,City of London Police,City of London Police,-0.097645,51.515142,On or near ST MARTIN'S LE GRAND,E01032739,City of London 001F,Offender given suspended prison sentence
7003857cf697905f1c66192b5bf4422b166ade2df158edf58b116fbbb89cda44,2017-09,City of London Police,City of London Police,-0.108283,51.517526,On or near Supermarket,E01032740,City of London 001G,Defendant found not guilty
9581c2416835094771bd78f5a57b65b61c504e0b239528f4c7ce52613c4aa703,2017-09,City of London Police,City of London Police,-0.084967,51.512598,On or near BELL INN YARD,E01032739,City of London 001F,Offender sent to prison
7d7cd5b318679bac9ade0ec70723d789013c8a599d387f27b2900b863d4a7e09,2017-09,City of London Police,City of London Police,-0.093796,51.512391,On or near Pedestrian Subway,E01032739,City of London 001F,Offender fined
941b81250736c666aac5dcbaf4ef0953ba1b8419afb3eee65fd2d6cd2db3906c,2017-09,City of London Police,City of London Police,-0.088233,51.515484,On or near TOKENHOUSE YARD,E01032739,City of London 001F,Offender sent to prison
f84b74a7e82ef8cb991e2d9b1b1e7331dda96076fbec582904ea728850c064d9,2017-09,City of London Police,City of London Police,-0.076833,51.513769,On or near HOUNDSDITCH,E01000005,City of London 001E,Offender sent to prison
bf14f14334a0b2c27656a661f8fa9be2c11844143b7f4bd77e3e3230af72aef8,2017-09,City of London Police,City of London Police,-0.080376,51.517244,On or near Supermarket,E01032739,City of London 001F,Offender fined
cc736f93c0111598aa2d0d31031c90ee0cf00aa44c13077f1a7898b58cd56eeb,2017-09,City of London Police,City of London Police,-0.077451,51.515523,On or near WHITE KENNETT STREET,E01000005,City of London 001E,Defendant found not guilty
174b0e4d378a1e7c7f81a4bd12f62bc255c238523559b41802b527b1b14f2bfe,2017-09,City of London Police,City of London Police,-0.080728,51.511611,On or near Supermarket,E01032739,City of London 001F,Offender given community sentence
71d3a9c95d9ed9a9bf338eb3c36c53be68b983e7c59e0a56ce41e8595ad00174,2017-09,City of London Police,City of London Police,-0.080376,51.517244,On or near Supermarket,E01032739,City of London 001F,Offender given suspended prison sentence
38ea7f71c9f5ef431a57abe80a67d322dae05a7c8d0bc55b04ed1ca215ad7e39,2017-09,City of London Police,City of London Police,-0.096561,51.514513,On or near CHEAPSIDE,E01032739,City of London 001F,Offender given conditional discharge
db9b8c969c47672d63b6dd4b16b8a16afc4e12a717dd8c946c67b0cb7d5e24b2,2017-09,City of London Police,City of London Police,-0.093465,51.514463,On or near RUSSIA ROW,E01032739,City of London 001F,Offender fined
e1cd61372b5e5849118cb010e5fe9f345c523e71a34a7b7eb2630f42646d50da,2017-09,City of London Police,City of London Police,-0.079786,51.517576,On or near Police Station,E01032739,City of London 001F,Offender fined
20b6ab005664b22669e45c8206b7d0a9b05558196083a7734d34dc3fd2c1869e,2017-09,City of London Police,City of London Police,-0.094628,51.514203,On or near CHEAPSIDE,E01032739,City of London 001F,Court case unable to proceed
1131660c8708f43630c7b6f8ff38ccd72bacca1175ed7ef667f80147f47b90e6,2017-09,City of London Police,City of London Police,-0.104494,51.509848,On or near A201,E01032739,City of London 001F,Offender fined
9a013fa0ab95db203ebbb73d49d87b0cc92f0e1b9168eb0e674a53709d82b17a,2017-09,City of London Police,City of London Police,-0.099848,51.519350,On or near LONG LANE,E01032740,City of London 001G,Investigation complete; no suspect identified
bf14f14334a0b2c27656a661f8fa9be2c11844143b7f4bd77e3e3230af72aef8,2017-09,City of London Police,City of London Police,-0.080376,51.517244,On or near Supermarket,E01032739,City of London 001F,Local resolution
bf14f14334a0b2c27656a661f8fa9be2c11844143b7f4bd77e3e3230af72aef8,2017-09,City of London Police,City of London Police,-0.080376,51.517244,On or near Supermarket,E01032739,City of London 001F,Suspect charged
bb5d32314c0e41d3b4fb7bae0419671112318db5c3aa60efd4d24b8faee729a8,2017-09,City of London Police,City of London Police,-0.105134,51.513869,On or near BRIDE LANE,E01032740,City of London 001G,Suspect charged
70c528c9ad59ceead70885c17ff59c4b7ab190f775fd426d438ad2fe675b3efb,2017-09,City of London Police,City of London Police,-0.093398,51.512951,On or near WATLING STREET,E01032739,City of London 001F,Investigation complete; no suspect identified
48e3ea03cd1c1628c079aade72fdf69493e6eb293e4513b7df64f00ffc9da788,2017-09,City of London Police,City of London Police,-0.080573,51.516006,On or near OUTWICH STREET,E01032739,City of London 001F,Unable to prosecute suspect
5ca12131f76e4e3531577b31e458033440812849af83fa2a6e16a1e38dc2105a,2017-09,City of London Police,City of London Police,-0.105134,51.513869,On or near BRIDE LANE,E01032740,City of London 001G,Investigation complete; no suspect identified
f79f27144e42709324f64630584b7d5dafc8e386525af36238860f7b98c4f83b,2017-09,City of London Police,City of London Police,-0.088843,51.509532,On or near Parking Area,E01032739,City of London 001F,Suspect charged
1fded8ec4c71ffcb37542047edad52b6d642af716c8a04c1871a93958369a183,2017-09,City of London Police,City of London Police,-0.084201,51.510949,On or near PHILPOT LANE,E01032739,City of London 001F,Offender given a caution
4ba5f270eb986fefdcafa1d6b095249247354551d76616527f6dc46eac8ed3d8,2017-09,City of London Police,City of London Police,-0.097645,51.515142,On or near ST MARTIN'S LE GRAND,E01032739,City of London 001F,Suspect charged
2afff72a354196b88b791ae748c04eaa70574f70b5e8d9a7f9e2265e622224ad,2017-09,City of London Police,City of London Police,-0.096348,51.515472,On or near FOSTER LANE,E01000001,City of London 001A,Unable to prosecute suspect
5bfff9e9d1d320e870ec5c223c4ed42448c4ff6d3cd3074b869ccbd3c42a7ea7,2017-09,City of London Police,City of London Police,,,No location,,,Suspect charged
b3a97dcee7bdbd0baaeee1362cdab7dc6372316df0527611fc50871db112abac,2017-09,City of London Police,City of London Police,-0.098777,51.512526,On or near KNIGHTRIDER STREET,E01032739,City of London 001F,Offender given a caution
448cbd4ef52e7f9176941e733f79a83f891b9c8a0a635d6e41cf507be8acf306,2017-09,City of London Police,City of London Police,-0.074896,51.514933,On or near Pedestrian Subway,E01000005,City of London 001E,Investigation complete; no suspect identified
e2898696470c2a3c234e206d586e138c4fe82df17771dd2f7d3f892f7fc3f510,2017-09,City of London Police,City of London Police,-0.096363,51.513377,On or near NEW CHANGE,E01032739,City of London 001F,Investigation complete; no suspect identified
59ff31ff61b76b5e9e0d64e04a3316dea8cbd58e0982b517bcb596c75c9d31d8,2017-09,City of London Police,City of London Police,-0.084095,51.516900,On or near NEW BROAD STREET,E01032739,City of London 001F,Suspect charged
3ac801c74a2047790eb5a244adb09ea120ebcf66b5b9eead1d0ab2d00c2a993b,2017-09,City of London Police,City of London Police,-0.086051,51.513569,On or near FINCH LANE,E01032739,City of London 001F,Investigation complete; no suspect identified
036105f3d2f6c4b5133a4ad0754611cfaacc9773763fc6c3295610a8ce536e87,2017-09,City of London Police,City of London Police,-0.112939,51.518231,On or near SOUTHAMPTON BUILDINGS,E01032740,City of London 001G,Investigation complete; no suspect identified
bca30596fb762baec0ce4ccfa39ce33f5339bae4bed248958f75f8690fd8120b,2017-09,City of London Police,City of London Police,-0.087118,51.513199,On or near Nightclub,E01032739,City of London 001F,Investigation complete; no suspect identified
377fa97cac00fe05627341103dba87a4b173e6e4554dbea7a9c35f5135cc2bc8,2017-09,City of London Police,City of London Police,-0.108164,51.516571,On or near NEW FETTER LANE,E01032740,City of London 001G,Investigation complete; no suspect identified
560c8c97c59cc2e907f04f916c5b43640f62cc9395a5f172a12994453926e906,2017-09,City of London Police,City of London Police,-0.077029,51.510148,On or near TRINITY SQUARE,E01032739,City of London 001F,Suspect charged
274f3c8a8eeb0244dd67e4a8a9e3fea8fe0111f19f7a4079523b5bd6052bfbb3,2017-09,City of London Police,City of London Police,-0.101055,51.513552,On or near CREED LANE,E01032739,City of London 001F,Offender given penalty notice
e72f99866590e806a6a1383fce0dc7d2bea12f68f0857c264fb7c1e14d166fba,2017-09,City of London Police,City of London Police,-0.077578,51.510795,On or near PEPYS STREET,E01032739,City of London 001F,Suspect charged
e2112a90cf3a9ae00b1dc627b0639890610881295a2dd419b96c2dc3b7f098e4,2017-09,City of London Police,City of London Police,-0.077578,51.510795,On or near PEPYS STREET,E01032739,City of London 001F,Suspect charged
b123ef910442b9d6f45205b0425f0b61d1d1877acb99dc097086a82106f138cb,2017-09,City of London Police,City of London Police,-0.077451,51.515523,On or near WHITE KENNETT STREET,E01000005,City of London 001E,Investigation complete; no suspect identified
2e1202315f2e486883a52c449d0b009d0440f68a3e8f30082561263eb505ec50,2017-09,City of London Police,City of London Police,-0.090142,51.514292,On or near Conference/Exhibition Centre,E01032739,City of London 001F,Suspect charged
298efa9f9221af027f732079e4e1c0e131529a59817584292ce8e9a7a60fa152,2017-09,City of London Police,City of London Police,-0.084095,51.516900,On or near NEW BROAD STREET,E01032739,City of London 001F,Offender given a drugs possession warning
4862509533d739e910ecfe571420c48a7f0cb58a45081a625d8b91c34a4fb5fa,2017-09,City of London Police,City of London Police,-0.084095,51.516900,On or near NEW BROAD STREET,E01032739,City of London 001F,Suspect charged
e55b095fa9b994a7bf7e081fb5a8b3f39818ee1eeba4957a65e730e092cc55ab,2017-09,City of London Police,City of London Police,-0.080782,51.514804,On or near ST MARY AXE,E01032739,City of London 001F,Suspect charged
fb068a54f6ec3ccaf7411871a7456c8a31c9a0686e496824134ea768d3c0f700,2017-09,City of London Police,City of London Police,-0.096363,51.513377,On or near NEW CHANGE,E01032739,City of London 001F,Suspect charged
561de4ef4074ab28d6b22dd5070323edea68a5e6b466ab1deb5a92670ce9324c,2017-09,City of London Police,City of London Police,-0.096363,51.513377,On or near NEW CHANGE,E01032739,City of London 001F,Suspect charged
f361a84e4284996b8413e5f44c4d96caa04962d5a1b19a910ecb311df5c1a8ba,2017-09,City of London Police,City of London Police,-0.080782,51.514804,On or near ST MARY AXE,E01032739,City of London 001F,Suspect charged
941b81250736c666aac5dcbaf4ef0953ba1b8419afb3eee65fd2d6cd2db3906c,2017-09,City of London Police,City of London Police,-0.088233,51.515484,On or near TOKENHOUSE YARD,E01032739,City of London 001F,Suspect charged
812ac8520c99b3b7243db004c8c75f4d1aad43978e3adbb8b336d9247a0af216,2017-09,City of London Police,City of London Police,-0.094468,51.521853,On or near GOLDEN LANE,E01000003,City of London 001C,Investigation complete; no suspect identified
f1885fff5dee13d566fbaf0b02cd52f37fb034bf2bb0287f2c37ae004f0fda60,2017-09,City of London Police,City of London Police,-0.092719,51.512652,On or near QUEEN VICTORIA STREET,E01032739,City of London 001F,Investigation complete; no suspect identified
fe677199ebc7d110217c884ba80fc7a9460dcc3a15eec464c7265f282e82415f,2017-09,City of London Police,City of London Police,-0.088621,51.518619,On or near MOORFIELDS,E01000002,City of London 001B,Investigation complete; no suspect identified
8b0a39f10c87ee80b52d49a4b3cfe88b4d839de71d97f1376166928496c7d252,2017-09,City of London Police,City of London Police,,,No location,,,Investigation complete; no suspect identified
a4795b2f49477aad1c4e97e5aac6dd976b1bc4c6934d549e00daecf92b3675e0,2017-09,City of London Police,City of London Police,-0.085173,51.518680,On or near FINSBURY AVENUE,E01032739,City of London 001F,Investigation complete; no suspect identified
339f0a33b1da09e793e427953d3921318ef8c6a1bd20f716c186c0626b052e17,2017-09,City of London Police,City of London Police,-0.101794,51.516207,On or near NEWGATE STREET,E01032740,City of London 001G,Investigation complete; no suspect identified
86a5c4343287af18b075e13ccbee084c15c4b55244fedd603ca4d58740bedc11,2017-09,City of London Police,City of London Police,-0.097645,51.515142,On or near ST MARTIN'S LE GRAND,E01032739,City of London 001F,Suspect charged
f84b74a7e82ef8cb991e2d9b1b1e7331dda96076fbec582904ea728850c064d9,2017-09,City of London Police,City of London Police,-0.076833,51.513769,On or near HOUNDSDITCH,E01000005,City of London 001E,Suspect charged
9583eabc0c9f994d5fb6f590bbb92b0dfd6e93e5cde88e4245861a73bb7bf274,2017-09,City of London Police,City of London Police,-0.080376,51.517244,On or near Supermarket,E01032739,City of London 001F,Local resolution
99ed9dbe4bb8c51dc549bef0e51f3896bff98a04f5d5e5582d3320b5ba153444,2017-09,City of London Police,City of London Police,-0.079786,51.517576,On or near Police Station,E01032739,City of London 001F,Suspect charged
303d47ff30238f7ec907afd1d6558922b456123837a990887c5c002edf5b60f1,2017-09,City of London Police,City of London Police,-0.100884,51.516966,On or near Hospital,E01032740,City of London 001G,Investigation complete; no suspect identified
e8c539dc3ecd7cdb40cd495b34895eea65a313779cf2c7e6836f51bb1bff7cc8,2017-09,City of London Police,City of London Police,-0.079786,51.517576,On or near Police Station,E01032739,City of London 001F,Unable to prosecute suspect
df8ed12e5db903a0a968e430c18713aae2fac4d69612cca0d5cf9685c6c4a937,2017-09,City of London Police,City of London Police,-0.077578,51.510795,On or near PEPYS STREET,E01032739,City of London 001F,Local resolution
a8f6ff60095414e358b6982ec6f15dbe970e2e2c0e2bc8e2c14bfdc631a233b6,2017-09,City of London Police,City of London Police,-0.099818,51.519017,On or near CLOTH FAIR,E01032740,City of London 001G,Suspect charged
80169141fda52760e9a09b0aa6a20c791450793f9e41b91d81b825357c6c4f02,2017-09,City of London Police,City of London Police,-0.077300,51.512607,On or near CARLISLE AVENUE,E01032739,City of London 001F,Suspect charged
6911bf99055d34f4899ad703b4de3b3a88a134ceb4ee6af0c01885f383fc4b49,2017-09,City of London Police,City of London Police,-0.077300,51.512607,On or near CARLISLE AVENUE,E01032739,City of London 001F,Suspect charged
d5708963f2a4c1d89fa83533f43199201160012d83f5f1aa4002ecfae8fd1c0b,2017-09,City of London Police,City of London Police,-0.094468,51.521853,On or near GOLDEN LANE,E01000003,City of London 001C,Offender given a caution
33d4f0958b467e0a974dea05d9d4a2a72be3483511170f1fea070a2eb5112424,2017-09,City of London Police,City of London Police,-0.085257,51.511200,On or near TALBOT COURT,E01032739,City of London 001F,Investigation complete; no suspect identified
6f3eb2e31363cfd59f26d645c1675be41891af19d9f40b8fef58df9be0482aa8,2017-09,City of London Police,City of London Police,-0.086278,51.509876,On or near FISH STREET HILL,E01032739,City of London 001F,Offender given a drugs possession warning
f81d9a46e066d725ebac8bbc364af60e365e575fa771c1c3f2777a9db44eb59d,2017-09,City of London Police,City of London Police,-0.080376,51.517244,On or near Supermarket,E01032739,City of London 001F,Suspect charged
5c063997968f70835b0ca6458e4d2e0482f832447cec9733e12d1293bc20b840,2017-09,City of London Police,City of London Police,-0.084566,51.517690,On or near BLOMFIELD STREET,E01032739,City of London 001F,Offender given a drugs possession warning
588d9b863721aef4b7e03eaa38eb3066ac6b571a38149267258315451c311c81,2017-09,City of London Police,City of London Police,,,No location,,,Offender given penalty notice
42739c104d6a8eb3dca8c26172b2d1d4acc51ef6ec2c5073558a1011241e6e86,2017-09,City of London Police,City of London Police,-0.079786,51.517576,On or near Police Station,E01032739,City of London 001F,Local resolution
b807574089e094070929ad597d5f89da160682b0ab4904135229cb75fbe1cd38,2017-09,City of London Police,City of London Police,-0.079786,51.517576,On or near Police Station,E01032739,City of London 001F,Investigation complete; no suspect identified
695b5524a0078ddd987150b24661239e4af3c336b5235c0dbfa4b79777d04cf2,2017-09,City of London Police,City of London Police,,,No location,,,Investigation complete; no suspect identified
d897b4d26bbba1364d7888bd0d1fd5e66bf7fa9b260639903c07f2cc4517be5f,2017-09,City of London Police,City of London Police,-0.097645,51.515142,On or near ST MARTIN'S LE GRAND,E01032739,City of London 001F,Investigation complete; no suspect identified
490b3905ab1b1dc779401e393f7e08d0a6fe1f8f29ed2656d6a59d6a6fb13676,2017-09,City of London Police,City of London Police,-0.082066,51.516147,On or near WORMWOOD STREET,E01032739,City of London 001F,Investigation complete; no suspect identified
a5abe1cd135e1c82e10a2741d0c90200d079be0bd9c6dbfb2b52a4a7c6fb3668,2017-09,City of London Police,City of London Police,-0.079786,51.517576,On or near Police Station,E01032739,City of London 001F,Offender given a caution
0454c9e0bfb41dcb7c2892910953e43a01345bf593ae592d418335bbc6fc9d41,2017-09,City of London Police,City of London Police,,,No location,,,Offender given a drugs possession warning
803ee3c680d4dfd4725139d7055391453667523341088c3b3122e50910e81084,2017-09,City of London Police,City of London Police,-0.082571,51.514753,On or near GREAT ST HELEN'S,E01032739,City of London 001F,Suspect charged
b7f9003f5194bf92a3098646e149b07c40b663c4927fcf0371e2788641f51ff0,2017-09,City of London Police,City of London Police,-0.093493,51.513447,On or near BOW LANE,E01032739,City of London 001F,Unable to prosecute suspect
7c2fc182b793de7dc79c9f3fff7a778990f378d2cb308363ee732b63ffb571d9,2017-09,City of London Police,City of London Police,,,No location,,,Suspect charged
ed09e024d3eee9fd1093fa1fdff9150481d75bbf8d235b6fa7207bc081ce79da,2017-09,City of London Police,City of London Police,-0.081620,51.516814,On or near ALDERMAN'S WALK,E01032739,City of London 001F,Unable to prosecute suspect
9a2e441ba0e0aa34625ab3cc7ae65d3ce982b605b8d4a47180ec5772b27d4b61,2017-09,City of London Police,City of London Police,-0.079786,51.517576,On or near Police Station,E01032739,City of London 001F,Investigation complete; no suspect identified
669cc490f32679b891ace547048ee3464dbb54536b03d9cdb8e45a14c2548a10,2017-09,City of London Police,City of London Police,-0.077224,51.516122,On or near Shopping Area,E01000005,City of London 001E,Investigation complete; no suspect identified
5442f8b2b576d2a20be76b2694d80239c16aaa6f66c1932ee60416f61bcefc14,2017-09,City of London Police,City of London Police,-0.082965,51.516351,On or near WORMWOOD STREET,E01032739,City of London 001F,Suspect charged
85854a07cac94c4944182234aa46914c8faa6ece71570630695983ca192ba378,2017-09,City of London Police,City of London Police,-0.084105,51.515281,On or near Conference/Exhibition Centre,E01032739,City of London 001F,Investigation complete; no suspect identified
ed29ed99f702801789c4a55e570c7afa65c0fb146b7c11165598ec3f31acf49c,2017-09,City of London Police,City of London Police,-0.080376,51.517244,On or near Supermarket,E01032739,City of London 001F,Offender given a caution
