Type,Date,Part of a policing operation,Policing operation,Latitude,Longitude,Gender,Age range,Self-defined ethnicity,Officer-defined ethnicity,Legislation,Object of search,Outcome,Outcome linked to object of search,Removal of more than just outer clothing
Person search,2017-02-01T14:30:00+00:00,,,,,Female,18-24,Not Stated (NS),White,Police and Criminal Evidence Act 1984 (section 1),Stolen goods,Nothing found - no further action,,False
Person search,2017-02-01T15:00:00+00:00,,,,,Female,18-24,Not Stated (NS),White,Police and Criminal Evidence Act 1984 (section 1),Stolen goods,Nothing found - no further action,,False
Person search,2017-02-02T04:50:00+00:00,,,,,Male,25-34,White - Any other White ethnic background (W9),White,Police and Criminal Evidence Act 1984 (section 1),Article for use in theft,Nothing found - no further action,,False
Person and Vehicle search,2017-02-02T11:55:00+00:00,,,,,Male,over 34,White - White British (W1),White,Police and Criminal Evidence Act 1984 (section 1),Article for use in theft,Offender given penalty notice,False,False
Person and Vehicle search,2017-02-02T15:20:00+00:00,,,,,Male,25-34,Asian or Asian British - Any other Asian ethnic background (A9),Asian,Misuse of Drugs Act 1971 (section 23),Controlled drugs,Offender given drugs possession warning,True,False
Person search,2017-02-02T18:10:00+00:00,,,,,Male,25-34,Black or Black British - African (B2),Black,Police and Criminal Evidence Act 1984 (section 1),Article for use in theft,Nothing found - no further action,,False
Vehicle search,2017-02-03T17:17:00+00:00,,,,,,,,,Police and Criminal Evidence Act 1984 (section 1),Stolen goods,Nothing found - no further action,,
Person search,2017-02-06T10:51:00+00:00,,,,,Male,over 34,White - White British (W1),White,Police and Criminal Evidence Act 1984 (section 1),Stolen goods,Local resolution,True,False
Person and Vehicle search,2017-02-06T12:57:00+00:00,,,,,Male,25-34,White - White British (W1),White,Misuse of Drugs Act 1971 (section 23),Controlled drugs,Offender given drugs possession warning,True,False
Person and Vehicle search,2017-02-06T13:09:00+00:00,,,,,Male,18-24,Black or Black British - Any other Black ethnic background (B9),Black,Misuse of Drugs Act 1971 (section 23),Controlled drugs,Suspect summonsed to court,True,True
Person search,2017-02-07T14:54:00+00:00,,,,,Male,18-24,White - Any other White ethnic background (W9),White,Misuse of Drugs Act 1971 (section 23),Controlled drugs,Offender given drugs possession warning,True,False
Person search,2017-02-07T17:43:00+00:00,,,,,Male,over 34,White - Any other White ethnic background (W9),White,Police and Criminal Evidence Act 1984 (section 1),Stolen goods,Nothing found - no further action,,False
Person and Vehicle search,2017-02-08T10:53:00+00:00,,,,,Male,over 34,White - Any other White ethnic background (W9),White,Police and Criminal Evidence Act 1984 (section 1),Article for use in theft,Nothing found - no further action,,False
Person and Vehicle search,2017-02-08T10:53:00+00:00,,,,,Male,25-34,White - Any other White ethnic background (W9),White,Police and Criminal Evidence Act 1984 (section 1),Article for use in theft,Nothing found - no further action,,False
Person and Vehicle search,2017-02-08T10:53:00+00:00,,,,,Female,25-34,White - Any other White ethnic background (W9),White,Police and Criminal Evidence Act 1984 (section 1),Article for use in theft,Nothing found - no further action,,False
Person and Vehicle search,2017-02-08T10:53:00+00:00,,,,,Female,25-34,White - Any other White ethnic background (W9),White,Police and Criminal Evidence Act 1984 (section 1),Article for use in theft,Nothing found - no further action,,False
Person search,2017-02-08T14:05:00+00:00,,,,,Male,over 34,Not Stated (NS),White,Police and Criminal Evidence Act 1984 (section 1),Anything to threaten or harm anyone,Nothing found - no further action,,False
Person search,2017-02-09T09:46:00+00:00,,,,,Female,25-34,White - White British (W1),White,Misuse of Drugs Act 1971 (section 23),Controlled drugs,Suspect arrested,False,False
Person and Vehicle search,2017-02-09T14:00:00+00:00,,,,,Male,18-24,White - Any other White ethnic background (W9),White,Misuse of Drugs Act 1971 (section 23),Controlled drugs,Nothing found - no further action,,False
Person and Vehicle search,2017-02-09T15:37:00+00:00,,,,,Male,18-24,White - Any other White ethnic background (W9),White,Misuse of Drugs Act 1971 (section 23),Controlled drugs,Suspect arrested,True,False
Person search,2017-02-09T16:05:00+00:00,,,,,Male,18-24,White - Any other White ethnic background (W9),White,Police and Criminal Evidence Act 1984 (section 1),Offensive weapons,Nothing found - no further action,,False
Person and Vehicle search,2017-02-09T17:35:00+00:00,,,,,Male,25-34,Black or Black British - Caribbean (B1),Black,Misuse of Drugs Act 1971 (section 23),Controlled drugs,Suspect arrested,True,False
Person search,2017-02-10T10:22:00+00:00,,,,,Male,18-24,White - Any other White ethnic background (W9),White,Police and Criminal Evidence Act 1984 (section 1),Stolen goods,Local resolution,True,False
Person search,2017-02-10T15:00:00+00:00,,,,,Male,over 34,Not Stated (NS),Black,Police and Criminal Evidence Act 1984 (section 1),Stolen goods,Suspect arrested,True,False
Person search,2017-02-10T15:20:00+00:00,,,,,Male,over 34,White - White British (W1),White,Police and Criminal Evidence Act 1984 (section 1),Stolen goods,Nothing found - no further action,,False
Person search,2017-02-10T16:06:00+00:00,,,,,Male,10-17,White - White British (W1),White,Police and Criminal Evidence Act 1984 (section 1),Article for use in theft,Nothing found - no further action,,False
Person search,2017-02-10T16:10:00+00:00,,,,,Male,10-17,Chinese or other ethnic group - Chinese (O1),Asian,Police and Criminal Evidence Act 1984 (section 1),Article for use in theft,Nothing found - no further action,,False
Person and Vehicle search,2017-02-10T17:02:00+00:00,,,,,Male,25-34,Asian or Asian British - Bangladeshi (A3),Asian,Misuse of Drugs Act 1971 (section 23),Controlled drugs,Nothing found - no further action,,False
Person and Vehicle search,2017-02-10T20:23:00+00:00,,,,,Male,18-24,Asian or Asian British - Bangladeshi (A3),Asian,Misuse of Drugs Act 1971 (section 23),Controlled drugs,Suspect summonsed to court,True,False
Person search,2017-02-10T23:20:00+00:00,,,,,Male,25-34,White - White British (W1),White,Police and Criminal Evidence Act 1984 (section 1),Article for use in theft,Suspect arrested,True,False
Person and Vehicle search,2017-02-11T22:45:00+00:00,,,,,Male,18-24,Asian or Asian British - Bangladeshi (A3),Asian,Misuse of Drugs Act 1971 (section 23),Controlled drugs,Suspect arrested,True,False
Person search,2017-02-11T23:10:00+00:00,,,,,Male,18-24,Black or Black British - African (B2),Black,Misuse of Drugs Act 1971 (section 23),Controlled drugs,Nothing found - no further action,,False
Person and Vehicle search,2017-02-11T23:19:00+00:00,,,,,Male,18-24,Asian or Asian British - Pakistani (A2),Asian,Misuse of Drugs Act 1971 (section 23),Controlled drugs,Nothing found - no further action,,False
Person and Vehicle search,2017-02-11T23:32:00+00:00,,,,,Male,18-24,Asian or Asian British - Pakistani (A2),Asian,Misuse of Drugs Act 1971 (section 23),Controlled drugs,Nothing found - no further action,,False
Person search,2017-02-12T12:25:00+00:00,,,,,Male,25-34,White - Any other White ethnic background (W9),White,Police and Criminal Evidence Act 1984 (section 1),Article for use in theft,Nothing found - no further action,,False
Person search,2017-02-12T15:40:00+00:00,,,,,Female,18-24,Black or Black British - Any other Black ethnic background (B9),Black,Police and Criminal Evidence Act 1984 (section 1),Stolen goods,Suspect arrested,True,False
Person search,2017-02-12T15:40:00+00:00,,,,,Female,25-34,Black or Black British - Any other Black ethnic background (B9),Black,Police and Criminal Evidence Act 1984 (section 1),Stolen goods,Suspect arrested,True,False
Person search,2017-02-12T15:45:00+00:00,,,,,Female,18-24,Black or Black British - Any other Black ethnic background (B9),Black,Police and Criminal Evidence Act 1984 (section 1),Stolen goods,Suspect arrested,True,False
Person search,2017-02-12T15:47:00+00:00,,,,,Female,18-24,Black or Black British - Caribbean (B1),Black,Misuse of Drugs Act 1971 (section 23),Controlled drugs,Suspect arrested,True,False
Person search,2017-02-13T10:40:00+00:00,,,,,Female,25-34,White - Any other White ethnic background (W9),White,Police and Criminal Evidence Act 1984 (section 1),Article for use in theft,Suspect arrested,True,False
Person search,2017-02-13T11:00:00+00:00,,,,,Male,25-34,White - Any other White ethnic background (W9),White,Police and Criminal Evidence Act 1984 (section 1),Article for use in theft,Suspect arrested,True,False
Person search,2017-02-13T11:50:00+00:00,,,,,Male,over 34,White - White British (W1),White,Police and Criminal Evidence Act 1984 (section 1),Stolen goods,Suspect arrested,True,False
Person search,2017-02-13T23:50:00+00:00,,,,,Male,25-34,White - Any other White ethnic background (W9),White,Police and Criminal Evidence Act 1984 (section 1),Article for use in theft,Nothing found - no further action,,False
Person search,2017-02-14T12:37:00+00:00,,,,,Male,18-24,White - Any other White ethnic background (W9),White,Police and Criminal Evidence Act 1984 (section 1),Stolen goods,Suspect arrested,True,False
Person search,2017-02-14T14:16:00+00:00,,,,,Male,18-24,White - Any other White ethnic background (W9),White,Police and Criminal Evidence Act 1984 (section 1),Stolen goods,Local resolution,True,False
Person search,2017-02-14T14:18:00+00:00,,,,,Male,over 34,Black or Black British - Caribbean (B1),Black,Police and Criminal Evidence Act 1984 (section 1),Stolen goods,Nothing found - no further action,,False
Person and Vehicle search,2017-02-14T20:10:00+00:00,,,,,Female,25-34,White - White British (W1),White,Police and Criminal Evidence Act 1984 (section 1),Article for use in theft,Nothing found - no further action,,False
Person search,2017-02-14T20:24:00+00:00,,,,,Male,over 34,White - Any other White ethnic background (W9),White,Police and Criminal Evidence Act 1984 (section 1),Offensive weapons,Nothing found - no further action,,False
Person search,2017-02-15T11:00:00+00:00,,,,,Male,over 34,White - White British (W1),White,Police and Criminal Evidence Act 1984 (section 1),Stolen goods,Suspect arrested,False,False
Person and Vehicle search,2017-02-15T16:06:00+00:00,,,,,Male,18-24,White - White British (W1),White,Police and Criminal Evidence Act 1984 (section 1),Article for use in theft,Nothing found - no further action,,False
Person and Vehicle search,2017-02-15T16:06:00+00:00,,,,,Male,25-34,White - Any other White ethnic background (W9),White,Police and Criminal Evidence Act 1984 (section 1),Article for use in theft,Nothing found - no further action,,False
Person and Vehicle search,2017-02-15T16:30:00+00:00,,,,,Male,18-24,Asian or Asian British - Bangladeshi (A3),Asian,Police and Criminal Evidence Act 1984 (section 1),Anything to threaten or harm anyone,Suspect summonsed to court,True,False
Person and Vehicle search,2017-02-15T16:32:00+00:00,,,,,Male,18-24,Asian or Asian British - Bangladeshi (A3),Asian,Police and Criminal Evidence Act 1984 (section 1),Anything to threaten or harm anyone,Nothing found - no further action,,False
Person and Vehicle search,2017-02-15T16:38:00+00:00,,,,,Female,18-24,Mixed - Any other Mixed ethnic background (M9),Asian,Police and Criminal Evidence Act 1984 (section 1),Anything to threaten or harm anyone,Nothing found - no further action,,False
Person and Vehicle search,2017-02-15T16:38:00+00:00,,,,,Female,18-24,Not Stated (NS),Asian,Police and Criminal Evidence Act 1984 (section 1),Anything to threaten or harm anyone,Nothing found - no further action,,False
Person search,2017-02-15T19:07:00+00:00,,,,,Male,25-34,White - Any other White ethnic background (W9),White,Police and Criminal Evidence Act 1984 (section 1),Stolen goods,Local resolution,True,False
Person and Vehicle search,2017-02-15T19:15:00+00:00,,,,,Male,25-34,Black or Black British - African (B2),Black,Misuse of Drugs Act 1971 (section 23),Controlled drugs,Nothing found - no further action,,False
Person and Vehicle search,2017-02-15T20:00:00+00:00,,,,,Male,25-34,White - Any other White ethnic background (W9),White,Misuse of Drugs Act 1971 (section 23),Controlled drugs,Suspect arrested,True,False
Person search,2017-02-16T14:12:00+00:00,,,,,Male,10-17,Asian or Asian British - Pakistani (A2),Asian,Police and Criminal Evidence Act 1984 (section 1),Article for use in theft,Nothing found - no further action,,False
Person search,2017-02-16T14:12:00+00:00,,,,,Male,25-34,White - White British (W1),White,Police and Criminal Evidence Act 1984 (section 1),Article for use in theft,Nothing found - no further action,,False
Person search,2017-02-16T14:21:00+00:00,,,,,Male,10-17,White - White British (W1),White,Police and Criminal Evidence Act 1984 (section 1),Stolen goods,Nothing found - no further action,,False
Person search,2017-02-16T14:21:00+00:00,,,,,Male,10-17,White - White British (W1),White,Police and Criminal Evidence Act 1984 (section 1),Article for use in theft,Nothing found - no further action,,False
Person search,2017-02-16T14:27:00+00:00,,,,,Male,10-17,White - White British (W1),White,Police and Criminal Evidence Act 1984 (section 1),Article for use in theft,Nothing found - no further action,,False
Person search,2017-02-16T18:26:00+00:00,,,,,Male,18-24,Asian or Asian British - Bangladeshi (A3),Asian,Misuse of Drugs Act 1971 (section 23),Controlled drugs,Nothing found - no further action,,False
Person and Vehicle search,2017-02-16T18:27:00+00:00,,,,,Male,18-24,Asian or Asian British - Bangladeshi (A3),Asian,Misuse of Drugs Act 1971 (section 23),Controlled drugs,Nothing found - no further action,,False
Person and Vehicle search,2017-02-16T18:29:00+00:00,,,,,Male,18-24,Asian or Asian British - Bangladeshi (A3),Asian,Misuse of Drugs Act 1971 (section 23),Controlled drugs,Nothing found - no further action,,False
Person search,2017-02-16T20:32:00+00:00,,,,,Male,18-24,White - White British (W1),White,Police and Criminal Evidence Act 1984 (section 1),Stolen goods,Nothing found - no further action,,False
Person and Vehicle search,2017-02-17T11:44:00+00:00,,,,,Male,18-24,White - Any other White ethnic background (W9),White,Police and Criminal Evidence Act 1984 (section 1),Article for use in theft,Suspect arrested,False,False
Person search,2017-02-17T11:53:00+00:00,,,,,Male,18-24,White - White British (W1),White,Misuse of Drugs Act 1971 (section 23),Controlled drugs,Suspect summonsed to court,True,False
Person search,2017-02-17T11:54:00+00:00,,,,,Male,18-24,White - White British (W1),White,Misuse of Drugs Act 1971 (section 23),Controlled drugs,Nothing found - no further action,,False
Person and Vehicle search,2017-02-17T11:56:00+00:00,,,,,Male,18-24,White - Any other White ethnic background (W9),White,Police and Criminal Evidence Act 1984 (section 1),Stolen goods,Nothing found - no further action,,False
Person search,2017-02-17T12:06:00+00:00,,,,,Male,25-34,White - White British (W1),White,Misuse of Drugs Act 1971 (section 23),Controlled drugs,Offender given drugs possession warning,True,False
Person search,2017-02-17T13:34:00+00:00,,,,,Male,25-34,White - White British (W1),White,Police and Criminal Evidence Act 1984 (section 1),Article for use in theft,Nothing found - no further action,,False
Person search,2017-02-17T15:28:00+00:00,,,,,Male,over 34,White - Any other White ethnic background (W9),White,Misuse of Drugs Act 1971 (section 23),Controlled drugs,Suspect arrested,True,False
Person search,2017-02-17T15:30:00+00:00,,,,,Male,25-34,White - White British (W1),White,Misuse of Drugs Act 1971 (section 23),Controlled drugs,Suspect arrested,True,False
Person search,2017-02-17T15:57:00+00:00,,,,,Male,18-24,White - Any other White ethnic background (W9),White,Police and Criminal Evidence Act 1984 (section 1),Offensive weapons,Nothing found - no further action,,False
Person search,2017-02-17T15:58:00+00:00,,,,,Male,25-34,Not Stated (NS),Black,Police and Criminal Evidence Act 1984 (section 1),Offensive weapons,Nothing found - no further action,,False
Person search,2017-02-17T19:47:00+00:00,,,,,Male,10-17,White - White British (W1),White,Police and Criminal Evidence Act 1984 (section 1),Article for use in theft,Suspect arrested,False,False
Person and Vehicle search,2017-02-17T22:32:00+00:00,,,,,Male,25-34,Not Stated (NS),Black,Police and Criminal Evidence Act 1984 (section 1),Offensive weapons,Nothing found - no further action,,False
Person and Vehicle search,2017-02-17T22:35:00+00:00,,,,,Male,25-34,Black or Black British - Caribbean (B1),Black,Misuse of Drugs Act 1971 (section 23),Controlled drugs,Offender given drugs possession warning,True,False
Person search,2017-02-17T23:40:00+00:00,,,,,Male,18-24,White - White British (W1),White,Police and Criminal Evidence Act 1984 (section 1),Article for use in theft,Nothing found - no further action,,False
Person and Vehicle search,2017-02-19T03:05:00+00:00,,,,,Male,18-24,Black or Black British - Caribbean (B1),Black,Misuse of Drugs Act 1971 (section 23),Controlled drugs,Nothing found - no further action,,False
Person and Vehicle search,2017-02-19T16:40:00+00:00,,,,,Male,18-24,Black or Black British - Caribbean (B1),Black,Misuse of Drugs Act 1971 (section 23),Controlled drugs,Nothing found - no further action,,False
Person and Vehicle search,2017-02-19T16:50:00+00:00,,,,,Female,18-24,White - White British (W1),White,Misuse of Drugs Act 1971 (section 23),Controlled drugs,Nothing found - no further action,,False
Person search,2017-02-19T20:26:00+00:00,,,,,Male,25-34,White - White British (W1),White,Police and Criminal Evidence Act 1984 (section 1),Stolen goods,Nothing found - no further action,,False
Person search,2017-02-19T21:02:00+00:00,,,,,Male,25-34,Not Stated (NS),Asian,Police and Criminal Evidence Act 1984 (section 1),Stolen goods,Nothing found - no further action,,False
Person search,2017-02-20T14:10:00+00:00,,,,,Male,over 34,Black or Black British - Caribbean (B1),Black,Police and Criminal Evidence Act 1984 (section 1),Stolen goods,Suspect arrested,True,False
Person search,2017-02-20T21:37:00+00:00,,,,,Male,25-34,White - White British (W1),White,Misuse of Drugs Act 1971 (section 23),Controlled drugs,Nothing found - no further action,,False
Person search,2017-02-20T22:46:00+00:00,,,,,Male,25-34,White - White Irish (W2),White,Misuse of Drugs Act 1971 (section 23),Controlled drugs,Suspect arrested,True,False
Person and Vehicle search,2017-02-20T23:02:00+00:00,,,,,Male,18-24,Black or Black British - Any other Black ethnic background (B9),Black,Misuse of Drugs Act 1971 (section 23),Controlled drugs,Nothing found - no further action,,False
Person and Vehicle search,2017-02-20T23:03:00+00:00,,,,,Male,25-34,Black or Black British - Caribbean (B1),Black,Misuse of Drugs Act 1971 (section 23),Controlled drugs,Suspect arrested,False,False
Person and Vehicle search,2017-02-20T23:09:00+00:00,,,,,Male,18-24,Mixed - White and Black African (M2),Black,Misuse of Drugs Act 1971 (section 23),Controlled drugs,Nothing found - no further action,,False
Person and Vehicle search,2017-02-21T13:31:00+00:00,,,,,Male,25-34,White - Any other White ethnic background (W9),White,Misuse of Drugs Act 1971 (section 23),Controlled drugs,Suspect arrested,True,False
Person and Vehicle search,2017-02-21T13:44:00+00:00,,,,,Male,25-34,White - Any other White ethnic background (W9),White,Misuse of Drugs Act 1971 (section 23),Controlled drugs,Suspect arrested,True,False
Person and Vehicle search,2017-02-21T23:45:00+00:00,,,,,Male,18-24,Not Stated (NS),Black,Misuse of Drugs Act 1971 (section 23),Controlled drugs,Suspect arrested,False,False
Person search,2017-02-22T00:20:00+00:00,,,,,Male,over 34,White - White British (W1),White,Police and Criminal Evidence Act 1984 (section 1),Article for use in theft,Nothing found - no further action,,False
Person search,2017-02-22T01:30:00+00:00,,,,,Male,25-34,White - White British (W1),White,Police and Criminal Evidence Act 1984 (section 1),Article for use in theft,Nothing found - no further action,,False
Person and Vehicle search,2017-02-22T21:06:00+00:00,,,,,Male,25-34,Asian or Asian British - Bangladeshi (A3),Asian,Misuse of Drugs Act 1971 (section 23),Controlled drugs,Nothing found - no further action,,False
Person search,2017-02-24T14:57:00+00:00,,,,,Male,over 34,White - Any other White ethnic background (W9),White,Police and Criminal Evidence Act 1984 (section 1),Stolen goods,Nothing found - no further action,,False
Person search,2017-02-24T15:30:00+00:00,,,,,Female,over 34,White - Any other White ethnic background (W9),White,Police and Criminal Evidence Act 1984 (section 1),Article for use in theft,Suspect arrested,False,False
Person and Vehicle search,2017-02-24T16:35:00+00:00,,,,,Male,18-24,White - Any other White ethnic background (W9),White,Misuse of Drugs Act 1971 (section 23),Controlled drugs,Suspect arrested,True,False
Person search,2017-02-24T21:08:00+00:00,,,,,Male,25-34,White - White British (W1),White,Misuse of Drugs Act 1971 (section 23),Controlled drugs,Suspect arrested,True,False
Person search,2017-02-24T21:54:00+00:00,,,,,Male,25-34,White - White British (W1),White,Misuse of Drugs Act 1971 (section 23),Controlled drugs,Suspect arrested,False,False
Person and Vehicle search,2017-02-24T22:38:00+00:00,,,,,Male,18-24,Asian or Asian British - Any other Asian ethnic background (A9),Asian,Misuse of Drugs Act 1971 (section 23),Controlled drugs,Nothing found - no further action,,True
Person search,2017-02-24T23:07:00+00:00,,,,,Male,18-24,Not Stated (NS),Other,Misuse of Drugs Act 1971 (section 23),Controlled drugs,Nothing found - no further action,,False
Person search,2017-02-25T03:30:00+00:00,,,,,Male,18-24,Asian or Asian British - Any other Asian ethnic background (A9),Asian,Police and Criminal Evidence Act 1984 (section 1),Offensive weapons,Suspect arrested,True,False
Person search,2017-02-25T04:35:00+00:00,,,,,Male,25-34,Black or Black British - African (B2),Black,Police and Criminal Evidence Act 1984 (section 1),Offensive weapons,Suspect arrested,False,False
Person search,2017-02-25T15:10:00+00:00,,,,,Male,18-24,Chinese or other ethnic group - Chinese (O1),White,Police and Criminal Evidence Act 1984 (section 1),Offensive weapons,Suspect arrested,True,False
Person search,2017-02-25T15:20:00+00:00,,,,,Male,25-34,White - White British (W1),White,Misuse of Drugs Act 1971 (section 23),Controlled drugs,Suspect arrested,True,False
Person search,2017-02-25T22:01:00+00:00,,,,,Male,25-34,White - Any other White ethnic background (W9),White,Police and Criminal Evidence Act 1984 (section 1),Stolen goods,Suspect arrested,True,False
Person and Vehicle search,2017-02-26T00:03:00+00:00,,,,,Male,18-24,Asian or Asian British - Bangladeshi (A3),Asian,Misuse of Drugs Act 1971 (section 23),Controlled drugs,Nothing found - no further action,,False
Person and Vehicle search,2017-02-26T00:06:00+00:00,,,,,Male,18-24,Not Stated (NS),Asian,Misuse of Drugs Act 1971 (section 23),Controlled drugs,Offender given drugs possession warning,True,False
Person and Vehicle search,2017-02-26T00:55:00+00:00,,,,,Male,18-24,Asian or Asian British - Bangladeshi (A3),Asian,Misuse of Drugs Act 1971 (section 23),Controlled drugs,Suspect arrested,True,False
Person search,2017-02-26T08:31:00+00:00,,,,,Male,18-24,White - Any other White ethnic background (W9),White,Police and Criminal Evidence Act 1984 (section 1),Stolen goods,Suspect arrested,True,False
Person and Vehicle search,2017-02-26T23:32:00+00:00,,,,,Male,25-34,Asian or Asian British - Bangladeshi (A3),Asian,Misuse of Drugs Act 1971 (section 23),Controlled drugs,Nothing found - no further action,,False
Person and Vehicle search,2017-02-27T13:46:00+00:00,,,,,Male,25-34,Asian or Asian British - Bangladeshi (A3),Asian,Misuse of Drugs Act 1971 (section 23),Controlled drugs,Offender given penalty notice,False,False
Person and Vehicle search,2017-02-27T13:50:00+00:00,,,,,Male,18-24,Asian or Asian British - Bangladeshi (A3),Asian,Misuse of Drugs Act 1971 (section 23),Controlled drugs,Nothing found - no further action,,False
Person and Vehicle search,2017-02-27T21:38:00+00:00,,,,,Male,25-34,Asian or Asian British - Bangladeshi (A3),Asian,Misuse of Drugs Act 1971 (section 23),Controlled drugs,Nothing found - no further action,,False
Person and Vehicle search,2017-02-27T21:47:00+00:00,,,,,Male,25-34,Asian or Asian British - Bangladeshi (A3),Asian,Misuse of Drugs Act 1971 (section 23),Controlled drugs,Nothing found - no further action,,False
Person and Vehicle search,2017-02-27T21:47:00+00:00,,,,,Male,18-24,Asian or Asian British - Bangladeshi (A3),Asian,Misuse of Drugs Act 1971 (section 23),Controlled drugs,Nothing found - no further action,,False
