Crime ID,Month,Reported by,Falls within,Longitude,Latitude,Location,LSOA code,LSOA name,Outcome type
157faaaa18b8871baa8497692f0be926a49f635a28aa9ebf3b18d373ca5f56e5,2017-04,City of London Police,City of London Police,,,No location,,,Investigation complete; no suspect identified
81f2215bfe4a64ecc46b58760fda6d61be75cd74af337bde1e0aeed69bbdec4d,2017-04,City of London Police,City of London Police,,,No location,,,Offender given a drugs possession warning
2670d010d36030a052da9dd752dc9fad2dbf332c517b02b28cbbfe3a18b45cc4,2017-04,City of London Police,City of London Police,,,No location,,,Investigation complete; no suspect identified
d6f501cbe2a838935f715a47e7fc67db3a336ad8d553ab39b162b93e05496053,2017-04,City of London Police,City of London Police,,,No location,,,Investigation complete; no suspect identified
64bd184f6637609539e5f87e25416c4cd11de2c57e61382603cbb3d109ebd501,2017-04,City of London Police,City of London Police,-0.085310,51.518511,On or near ELDON STREET,E01032739,City of London 001F,Investigation complete; no suspect identified
9e60157de9a3e03c5e99d23b760994d416de4f974e20ff5665491f5c794915b6,2017-04,City of London Police,City of London Police,-0.100884,51.516966,On or near Hospital,E01032740,City of London 001G,Investigation complete; no suspect identified
59aaa738f355479c4ebf6c025154c6610aae21129343922a6f7ea69b9b3a3e04,2017-04,City of London Police,City of London Police,-0.096814,51.512952,On or near ST PAUL'S CHURCH YARD,E01032739,City of London 001F,Investigation complete; no suspect identified
c63e0f419b839030dd09ee7cb78bc838feac0f6d1991d958c73742d592d8fe24,2017-04,City of London Police,City of London Police,,,No location,,,Investigation complete; no suspect identified
ce59a4be307cb2e41fb0b132425961b218f3845b1f5a4bdd38ea67dac88720a7,2017-04,City of London Police,City of London Police,-0.084701,51.509320,On or near LOWER THAMES STREET,E01032739,City of London 001F,Investigation complete; no suspect identified
f7c0872236fc0711e0dadd8fd546859688c71b52b5ed47cfb1074bfeda0520a0,2017-04,City of London Police,City of London Police,,,No location,,,Investigation complete; no suspect identified
91520caa6ee0ab827d93481309e22a2e298e01fcec62036d2d93c926c49175ae,2017-04,City of London Police,City of London Police,-0.082571,51.514753,On or near GREAT ST HELEN'S,E01032739,City of London 001F,Investigation complete; no suspect identified
7c2adeafc6956085892c6f16f083947bfb7fd7ca3b587a7a2f6e37e3ea2f9800,2017-04,City of London Police,City of London Police,,,No location,,,Investigation complete; no suspect identified
6a37c9fcc35f335b4e2674317a1e006232dfd518a990e8fe3f42c5193c4b3d9f,2017-04,City of London Police,City of London Police,-0.093398,51.512951,On or near WATLING STREET,E01032739,City of London 001F,Investigation complete; no suspect identified
b6cdca876bb06cf47b2276c1f969a0038456106f8fa553da6adfa5b789ab967d,2017-04,City of London Police,City of London Police,-0.098500,51.519526,On or near MIDDLE STREET,E01032740,City of London 001G,Investigation complete; no suspect identified
3f8863c3dbbfc2c2c08941ae757debe4680c6eb50d4f0460ddb7f229a77ecabe,2017-04,City of London Police,City of London Police,-0.083296,51.517058,On or near OLD BROAD STREET,E01032739,City of London 001F,Investigation complete; no suspect identified
3b3b3c81244b86ae233b87bb48bc15c2dbcaeefeb02cc008f73aefaded75a546,2017-04,City of London Police,City of London Police,-0.073065,51.511180,On or near GOODMAN'S YARD,E01000005,City of London 001E,Investigation complete; no suspect identified
93bf52cf286734b4a7dced1119de6dabee091ace838a31e1bed9aa4b7d543656,2017-04,City of London Police,City of London Police,-0.085173,51.518680,On or near FINSBURY AVENUE,E01032739,City of London 001F,Investigation complete; no suspect identified
98f6e8d2ea6ba500d490e88e8d46448f344e12b597755ff59f3e8002313836a6,2017-04,City of London Police,City of London Police,-0.083086,51.511407,On or near ROOD LANE,E01032739,City of London 001F,Formal action is not in the public interest
8aea0daa5b1cfa9bb52a32e8cab59d250e072505298f39944f1570aeaacf16d6,2017-04,City of London Police,City of London Police,-0.079613,51.517231,On or near NEW STREET,E01032739,City of London 001F,Investigation complete; no suspect identified
fdd707c9c1683030039d5216bef7665282c16f33609ab418db663e3f996d072a,2017-04,City of London Police,City of London Police,-0.105134,51.513869,On or near BRIDE LANE,E01032740,City of London 001G,Investigation complete; no suspect identified
cdde48e86ea2dc293f4bcf5958c7b477be73a43f581d5b088780d8e08c72f43d,2017-04,City of London Police,City of London Police,-0.090419,51.514917,On or near GRESHAM STREET,E01032739,City of London 001F,Investigation complete; no suspect identified
35105053a75930695b5316ed3dff4689f921f88d87c75ca7120443edcb0ea8f0,2017-04,City of London Police,City of London Police,-0.078856,51.518433,On or near ARTILLERY LANE,E01032739,City of London 001F,Investigation complete; no suspect identified
8a65a49208baf0a6d6090b5b98362729bbbca099977df297426038cec15f4c7c,2017-04,City of London Police,City of London Police,-0.075722,51.511053,On or near CRESCENT,E01000005,City of London 001E,Investigation complete; no suspect identified
f091ff31343280ffe71478518c3b8e272ee560f732aed3b2a71bb6b5ab9f58a9,2017-04,City of London Police,City of London Police,-0.096561,51.514513,On or near CHEAPSIDE,E01032739,City of London 001F,Formal action is not in the public interest
3f1dea56bcd5f55f94dbdb811203f42d1ea4fb169e4e51a24765f25a5e83bcf4,2017-04,City of London Police,City of London Police,-0.090142,51.514292,On or near Conference/Exhibition Centre,E01032739,City of London 001F,Investigation complete; no suspect identified
f9dbdb14396d82f600857d19a18f8235d722fc23f140fb089948bc5b73371554,2017-04,City of London Police,City of London Police,-0.088621,51.518619,On or near MOORFIELDS,E01000002,City of London 001B,Investigation complete; no suspect identified
db039c5e7d5f9a725d0969408c9c01a8f34855dc4761122342a1ad031504ff8e,2017-04,City of London Police,City of London Police,,,No location,,,Investigation complete; no suspect identified
8c61b3eb1500bf1280c64909918c4e7d33a137b9897f7c14cc81b7637a413cab,2017-04,City of London Police,City of London Police,-0.087760,51.517149,On or near LONDON WALL,E01032739,City of London 001F,Unable to prosecute suspect
f243625d55ee1be566a67f6344c48d9d3ecf908f5abd9ca8197d022655042c71,2017-04,City of London Police,City of London Police,-0.080376,51.517244,On or near Supermarket,E01032739,City of London 001F,Unable to prosecute suspect
fa5825c53c25ed0b99c1b50a472da4e3003e3936544aa5d3379d01c27145a1bc,2017-04,City of London Police,City of London Police,-0.089698,51.511812,On or near OXFORD COURT,E01032739,City of London 001F,Investigation complete; no suspect identified
35165e662b1cd23080f18565667b3dba231c6ac0b820c7641aa9e7d4cdf4ca6f,2017-04,City of London Police,City of London Police,-0.089040,51.512745,On or near MANSION HOUSE PLACE,E01032739,City of London 001F,Unable to prosecute suspect
8bc794417fbf7c9411cb6cd69b9ea80f93d756cc9f2e46499a29cb8956d18541,2017-04,City of London Police,City of London Police,-0.107147,51.517130,On or near ST ANDREW STREET,E01032740,City of London 001G,Investigation complete; no suspect identified
fe5e48b88cc0bad822e04ca06cfd5526264758540e2a5cb8e02ff31ca4ec3a37,2017-04,City of London Police,City of London Police,-0.080728,51.511611,On or near Supermarket,E01032739,City of London 001F,Investigation complete; no suspect identified
834bba320753f8ec7670612c4568f380b0687e70fd878c562519338957e0436e,2017-04,City of London Police,City of London Police,-0.088473,51.518374,On or near MOOR PLACE,E01032739,City of London 001F,Investigation complete; no suspect identified
fa4ceb0ef7e496d96bb8e62df70b8eefd7d7cbebd8f5282213fedb48a7eec160,2017-04,City of London Police,City of London Police,-0.090203,51.511118,On or near SCOTT'S YARD,E01032739,City of London 001F,Investigation complete; no suspect identified
889cded6483601ca718410d56466f77243cf48590ab1af1d7775c15a4494225c,2017-04,City of London Police,City of London Police,-0.087118,51.513199,On or near Nightclub,E01032739,City of London 001F,Investigation complete; no suspect identified
08a54c3ae1b66ebb73993e32710028bdd1aea85586931e0da86ccb4d4e778344,2017-04,City of London Police,City of London Police,-0.082571,51.514753,On or near GREAT ST HELEN'S,E01032739,City of London 001F,Investigation complete; no suspect identified
4c63c9e65023f1712c21e8d3276f5f6273219cd9d175e11193b257790f670c0a,2017-04,City of London Police,City of London Police,-0.084566,51.517690,On or near BLOMFIELD STREET,E01032739,City of London 001F,Investigation complete; no suspect identified
e04939ec79e02c9c54d75b9d57367f383269a9ba853f9cc1ed089f6bfd446ec3,2017-04,City of London Police,City of London Police,-0.088995,51.512088,On or near ST SWITHIN'S LANE,E01032739,City of London 001F,Investigation complete; no suspect identified
41c810b26235127abeb2d6ded927b66e0f5204a11d3177e4fb5b5316f7795d3f,2017-04,City of London Police,City of London Police,-0.092297,51.518949,On or near Park/Open Space,E01000002,City of London 001B,Investigation complete; no suspect identified
c8afe1b6110c4cc7be0bcf8a1fa2c426615f76d563b98aa2802e6669288d15d9,2017-04,City of London Police,City of London Police,-0.084967,51.512598,On or near BELL INN YARD,E01032739,City of London 001F,Investigation complete; no suspect identified
bdf71f5f3253519923e5352477b052fc37881f10bf8647e394bb2109b9afb96b,2017-04,City of London Police,City of London Police,-0.109155,51.516668,On or near FETTER LANE,E01032740,City of London 001G,Investigation complete; no suspect identified
a195d2f319f3772f7e5f6aea3c368fb9fad8aee9cd09ac291d090ae1946aa6b2,2017-04,City of London Police,City of London Police,-0.110592,51.516062,On or near BREAM'S BUILDINGS,E01032740,City of London 001G,Investigation complete; no suspect identified
da5e2c148a58b68007375c7513e7c8f6c126e6406c9c6cf674fa4da435455d06,2017-04,City of London Police,City of London Police,-0.082748,51.512597,On or near LEADENHALL PLACE,E01032739,City of London 001F,Investigation complete; no suspect identified
19892fa4dbc209269036263d7f1695a35a9bc88f6d0c1f65e3863658b55c04cc,2017-04,City of London Police,City of London Police,-0.108283,51.517526,On or near Supermarket,E01032740,City of London 001G,Investigation complete; no suspect identified
08d99c7c8010de58a4585baa02aa11bd7658de42210edd6c72d1ff6becc87674,2017-04,City of London Police,City of London Police,-0.094959,51.522868,On or near GOLDEN LANE,E01002706,Islington 023E,Investigation complete; no suspect identified
cf355778caeacf85d7437c5ec76d515bd15eae3021bc011fb5e56e263335e757,2017-04,City of London Police,City of London Police,-0.082571,51.514753,On or near GREAT ST HELEN'S,E01032739,City of London 001F,Investigation complete; no suspect identified
a472f4172d8e106f1b8654db285cfd90a8a1b6243082840567276c713fd225ae,2017-04,City of London Police,City of London Police,-0.108418,51.513581,On or near LOMBARD LANE,E01032740,City of London 001G,Investigation complete; no suspect identified
f969973327f7fc107b79047df43fce11e90b037892f61d2eb9d1c008ce6f0124,2017-04,City of London Police,City of London Police,-0.097223,51.515225,On or near ST MARTIN'S LE GRAND,E01000001,City of London 001A,Unable to prosecute suspect
be0c4c18578550560ff428b84b52c69a5a821ba80188cd8aa071d4e35742d06b,2017-04,City of London Police,City of London Police,-0.073152,51.512206,On or near MANSELL STREET,E01000005,City of London 001E,Investigation complete; no suspect identified
8d6b3e5034280b2314f80641f9fa55832fe2d95f0fb3612b95f08ea05553db94,2017-04,City of London Police,City of London Police,-0.102502,51.516165,On or near GREEN ARBOUR COURT,E01032740,City of London 001G,Investigation complete; no suspect identified
a42639106794d712ea08c7949dc6e27d5eb518b3b7a61364cde9495514c0122e,2017-04,City of London Police,City of London Police,-0.080665,51.509344,On or near Pedestrian Subway,E01032739,City of London 001F,Investigation complete; no suspect identified
b4dc3f824baf8822b1f60854a8c1caf0269b19505bfb968fd48b479b20f48f4e,2017-04,City of London Police,City of London Police,-0.089596,51.518743,On or near NEW UNION STREET,E01000002,City of London 001B,Investigation complete; no suspect identified
62eb45a15167a37692affda1485b6b497d284e63316d8713143b1c988e694ecd,2017-04,City of London Police,City of London Police,-0.079283,51.511021,On or near SEETHING LANE,E01032739,City of London 001F,Investigation complete; no suspect identified
df5360cc2f131e899c10093df6c4a6855d11247cc9fe70d022f26a59fb92cb5e,2017-04,City of London Police,City of London Police,-0.082571,51.514753,On or near GREAT ST HELEN'S,E01032739,City of London 001F,Unable to prosecute suspect
972c2904dc2cb72802aa43f2d01f62a2890e0fdec67009f806af5ac7a0231086,2017-04,City of London Police,City of London Police,-0.097645,51.515142,On or near ST MARTIN'S LE GRAND,E01032739,City of London 001F,Investigation complete; no suspect identified
4b00cf37a807e4ec9da8c750cdb6d1486582225c385fe9049ac738ac0a9c0de6,2017-04,City of London Police,City of London Police,,,No location,,,Investigation complete; no suspect identified
fd193080ff8c37ac8c8cf37f6004dc401992580aad2fc873beffc6e832952af8,2017-04,City of London Police,City of London Police,-0.078779,51.508971,On or near GLOUCESTER COURT,E01004293,Tower Hamlets 027B,Investigation complete; no suspect identified
966e8a1f38f41c396bea5b1a73ef046f669904a5b5dc648ae2766406294e0814,2017-04,City of London Police,City of London Police,-0.080318,51.520678,On or near PRIMROSE STREET,E01032739,City of London 001F,Investigation complete; no suspect identified
5150066305b5f55739960d5e7961b51b3cc58d0b95ae34153dc59901f2051433,2017-04,City of London Police,City of London Police,-0.092093,51.516922,On or near BASINGHALL STREET,E01000002,City of London 001B,Investigation complete; no suspect identified
8ce80db9555384c7fd66b6de52349d2bd0bcce2605462821d49a4d80f1fae549,2017-04,City of London Police,City of London Police,-0.081890,51.515173,On or near ST HELEN'S PLACE,E01032739,City of London 001F,Investigation complete; no suspect identified
a27db20fbab806ff49e5496e83053ee8777dde96bacad17e9f495a5d94df5eb0,2017-04,City of London Police,City of London Police,-0.076437,51.519050,On or near BRUSHFIELD STREET,E01004307,Tower Hamlets 015B,Investigation complete; no suspect identified
143b55988cc420c43533b2b2989f33eed3a4f90279036942bb017a884c3337dc,2017-04,City of London Police,City of London Police,-0.082571,51.514753,On or near GREAT ST HELEN'S,E01032739,City of London 001F,Unable to prosecute suspect
a8d031423c4bed1a5280117d5dc1121cd919d921b24f1267fe3a4ca351b4df00,2017-04,City of London Police,City of London Police,-0.088995,51.512088,On or near ST SWITHIN'S LANE,E01032739,City of London 001F,Investigation complete; no suspect identified
0082fb2d137d74a0e712d151f3a228c5c57c335c72f5ad27eca5a6f15853b805,2017-04,City of London Police,City of London Police,-0.088843,51.509532,On or near Parking Area,E01032739,City of London 001F,Investigation complete; no suspect identified
a013a03241c77a7a583475e581b2eb8a9625c15f00d99189190636092446e822,2017-04,City of London Police,City of London Police,,,No location,,,Investigation complete; no suspect identified
6331ca91ecb3a99222385ddb91b8b24d0a6369871d33437b194a9ad6dead5f96,2017-04,City of London Police,City of London Police,-0.094959,51.522868,On or near GOLDEN LANE,E01002706,Islington 023E,Investigation complete; no suspect identified
8039778945ff3ff1afe0fa51fca537eb73d5aa51dc9386a2d5a6ef9d43450193,2017-04,City of London Police,City of London Police,-0.108164,51.516571,On or near NEW FETTER LANE,E01032740,City of London 001G,Investigation complete; no suspect identified
c749e8ec20d53b6d5a7f2e6acf944eb21ab2bbdce3162da46c9c49dac78c644e,2017-04,City of London Police,City of London Police,-0.084095,51.516900,On or near NEW BROAD STREET,E01032739,City of London 001F,Investigation complete; no suspect identified
fde8f6441e90eb39ca99815036c992ee8aa065b213a79a040a56e1d87dff8a84,2017-04,City of London Police,City of London Police,-0.085669,51.515100,On or near AUSTIN FRIARS,E01032739,City of London 001F,Investigation complete; no suspect identified
0763df5f11f04fb36e94ce27db22c8bd4563ad4de3d66147031f31410cc54cab,2017-04,City of London Police,City of London Police,-0.079875,51.510995,On or near HART STREET,E01032739,City of London 001F,Investigation complete; no suspect identified
194740b109988112e85c2cb29f7c594177455411629f12a1547c78dc816a098f,2017-04,City of London Police,City of London Police,-0.075196,51.512609,On or near ST CLARE STREET,E01000005,City of London 001E,Investigation complete; no suspect identified
05909b3bb82cbf8b69e0c180f9a0a2c655f279fbd3160fe8eca3a8d463336903,2017-04,City of London Police,City of London Police,-0.079444,51.512678,On or near FENCHURCH BUILDINGS,E01032739,City of London 001F,Investigation complete; no suspect identified
a83fca3f6d69cd2a1280e867231dc623546a707667d1cdeb25bbb572700f3781,2017-04,City of London Police,City of London Police,-0.089465,51.510855,On or near GOPHIR LANE,E01032739,City of London 001F,Investigation complete; no suspect identified
57de19ab3d9b7fb4913aafe6ca6a5aaeee35763e11caa58199cb7e7fdd739e74,2017-04,City of London Police,City of London Police,,,No location,,,Investigation complete; no suspect identified
654eea1aedd5433e078d8233d19677a12ea8394f66b249f6e5389bc46a79209a,2017-04,City of London Police,City of London Police,-0.076044,51.512650,On or near INDIA STREET,E01000005,City of London 001E,Investigation complete; no suspect identified
3958b355ed4187e4f8c66bb412bbbb9566bb9e5fdbea872845e84305a8ed23da,2017-04,City of London Police,City of London Police,-0.025145,51.517217,On or near BURGESS STREET,E01004272,Tower Hamlets 014D,Investigation complete; no suspect identified
d4d60fe87a2ee5f35d2d1a8850c112e4b979679341e514880d043d4de19819a8,2017-04,City of London Police,City of London Police,-0.096363,51.513377,On or near NEW CHANGE,E01032739,City of London 001F,Investigation complete; no suspect identified
de0736654996d047ab3ccf28d21a0f4e78bb9c3e20326106e666e1d0732e265c,2017-04,City of London Police,City of London Police,-0.091732,51.521080,On or near Nightclub,E01002704,Islington 023D,Investigation complete; no suspect identified
673de8e7bb510752088fe56cfb14d98def79c6323e838f8b3f64fde9ad05ad11,2017-04,City of London Police,City of London Police,-0.076592,51.514367,On or near Pedestrian Subway,E01000005,City of London 001E,Investigation complete; no suspect identified
521e9817b59d8fe1d5dda775bcce9331e823da51541fd82d245e56de0d5376fa,2017-04,City of London Police,City of London Police,-0.085149,51.517196,On or near BLOMFIELD STREET,E01032739,City of London 001F,Investigation complete; no suspect identified
14141ab30d6290eca041629ecbfacdd1345bd44cf5cfc9a29a054dac932c64f7,2017-04,City of London Police,City of London Police,-0.095377,51.520789,On or near BRIDGEWATER STREET,E01000003,City of London 001C,Investigation complete; no suspect identified
1cd186c7737bc66e93694b0b9418f61cf60eb7cb0a6b68e776cf2859b987296c,2017-04,City of London Police,City of London Police,-0.092719,51.512652,On or near QUEEN VICTORIA STREET,E01032739,City of London 001F,Investigation complete; no suspect identified
dbde1db60a10e265e0fc1755602a7cba1ba3402c3d48990c1e8a3ee58b0a733d,2017-04,City of London Police,City of London Police,-0.104252,51.516733,On or near Supermarket,E01032740,City of London 001G,Investigation complete; no suspect identified
bac429dec175f2c5430ef66155be28c08faf06be97bd644c598bd9c3a4eb8c97,2017-04,City of London Police,City of London Police,-0.094628,51.514203,On or near CHEAPSIDE,E01032739,City of London 001F,Investigation complete; no suspect identified
54fe8f259b4364c167c16a1482f569b51df22fb1b62eb0e11b3556bc36b2467b,2017-04,City of London Police,City of London Police,-0.085310,51.518511,On or near ELDON STREET,E01032739,City of London 001F,Investigation complete; no suspect identified
900250baf2b4ccfbcdaacdba58e3680f11ca3f1c89ba4c17bc2b2f479b606ae9,2017-04,City of London Police,City of London Police,-0.076459,51.513061,On or near Further/Higher Educational Building,E01000005,City of London 001E,Investigation complete; no suspect identified
4762db565f691a88c7248ab552d33605ddb691647226a067e51fc9ba7123882b,2017-04,City of London Police,City of London Police,-0.108283,51.517526,On or near Supermarket,E01032740,City of London 001G,Investigation complete; no suspect identified
1ce56ccdbbe84d836059c0980997a2630c227ae01046f8a64be89f4abba853a1,2017-04,City of London Police,City of London Police,-0.098148,51.517938,On or near ALBION WAY,E01032740,City of London 001G,Investigation complete; no suspect identified
d7db4842f21ce992f0a15c0d922f3b78fc21f00931f20573872992f081628b20,2017-04,City of London Police,City of London Police,-0.077245,51.518362,On or near ARTILLERY LANE,E01004307,Tower Hamlets 015B,Investigation complete; no suspect identified
183ebf83e39fc38ac18fd0f7d840c0bd6e90f527c0d398775e5316ed2a38d871,2017-04,City of London Police,City of London Police,-0.083296,51.517058,On or near OLD BROAD STREET,E01032739,City of London 001F,Investigation complete; no suspect identified
d0a36c53cba53e1f2c2046ba74b79ad358c55d1132aa491b5eb7a3a0424c6abb,2017-04,City of London Police,City of London Police,-0.099436,51.519901,On or near HAYNE STREET,E01032740,City of London 001G,Unable to prosecute suspect
6f1dfdb3a76919c07701b40885bc51d88e1db9bea53cb2118a9e15eeb1014925,2017-04,City of London Police,City of London Police,-0.099436,51.519901,On or near HAYNE STREET,E01032740,City of London 001G,Unable to prosecute suspect
527500e826a26bdf78f7ed76b84a875361f2467a73f9e6e1f237d23fdaf32d78,2017-04,City of London Police,City of London Police,-0.081620,51.516814,On or near ALDERMAN'S WALK,E01032739,City of London 001F,Investigation complete; no suspect identified
8dbb32824b42b1307187d6a4c54be1eeaaba0d42b16765227ca5e5df660fa10e,2017-04,City of London Police,City of London Police,-0.096363,51.513377,On or near NEW CHANGE,E01032739,City of London 001F,Investigation complete; no suspect identified
952c46130e2f5745928e96a632a43b61797243d0a676c7b107b55d54224a1fa8,2017-04,City of London Police,City of London Police,-0.085257,51.511200,On or near TALBOT COURT,E01032739,City of London 001F,Investigation complete; no suspect identified
0e1eb5f2eb389e09c49c8127ebb065da55f88a84e845dbecb0159cada865e6b9,2017-04,City of London Police,City of London Police,-0.094628,51.514203,On or near CHEAPSIDE,E01032739,City of London 001F,Investigation complete; no suspect identified
f6564a8c5322645335df1c13dd61049321779b26d24fe646575495b0c82dd200,2017-04,City of London Police,City of London Police,-0.085257,51.511200,On or near TALBOT COURT,E01032739,City of London 001F,Investigation complete; no suspect identified
480008e82f60718aa9889bf390ee97c740fd8d298ae3a83d03ec34d4228b5afc,2017-04,City of London Police,City of London Police,-0.073065,51.511180,On or near GOODMAN'S YARD,E01000005,City of London 001E,Investigation complete; no suspect identified
ca9b79d7b2362cd2c4466a68235e086877c56094029d7fbeb48041c31d547a48,2017-04,City of London Police,City of London Police,-0.085355,51.510563,On or near PUDDING LANE,E01032739,City of London 001F,Investigation complete; no suspect identified
3a58ac4dab4fe7d94952c43cd7669a2ece3510044bfed6be33c8ead3f72ee75f,2017-04,City of London Police,City of London Police,-0.088843,51.509532,On or near Parking Area,E01032739,City of London 001F,Investigation complete; no suspect identified
1180d35aa8d5c4593d3acf18698637402eaa4d07167e1c90878c7f7bbd9faf61,2017-04,City of London Police,City of London Police,-0.096363,51.513377,On or near NEW CHANGE,E01032739,City of London 001F,Investigation complete; no suspect identified
6a2607791234d3fec87fb6f267f648f71cc6450344ea06f754544b707b8c28e9,2017-04,City of London Police,City of London Police,-0.083417,51.513148,On or near WHITTINGTON AVENUE,E01032739,City of London 001F,Investigation complete; no suspect identified
e7c115a809408ba103d8641158e3996a2d1df0dff3802528139e34be0fa37606,2017-04,City of London Police,City of London Police,-0.097601,51.520699,On or near CARTHUSIAN STREET,E01000001,City of London 001A,Unable to prosecute suspect
e1d11677b215312be434bccadff0ed9730d51b264a67f8f83fd563897f6495b1,2017-04,City of London Police,City of London Police,-0.096363,51.513377,On or near NEW CHANGE,E01032739,City of London 001F,Investigation complete; no suspect identified
227a2c2b37f98f4014aaeb1390d6b5d7e9bc34430a7bfb9e1076e00df3cd7642,2017-04,City of London Police,City of London Police,-0.096363,51.513377,On or near NEW CHANGE,E01032739,City of London 001F,Investigation complete; no suspect identified
341cca2d286e275a525876d4b32eefa9a2d46e8a4a7a55d28565e8d1bf5cccad,2017-04,City of London Police,City of London Police,-0.088552,51.510282,On or near LAURENCE POUNTNEY LANE,E01032739,City of London 001F,Investigation complete; no suspect identified
ae08ac29585e7abea95244241bb4be035d7e6a54b69c8f5ccf1bedd046cacf44,2017-04,City of London Police,City of London Police,-0.097929,51.521810,On or near GLASSHOUSE YARD,E01033490,Islington 022H,Investigation complete; no suspect identified
1b6fbd0abbd6e1b43d5591e46c32f04be2a8ebde470d90575093d3540b5f1156,2017-04,City of London Police,City of London Police,-0.075508,51.514763,On or near Pedestrian Subway,E01000005,City of London 001E,Investigation complete; no suspect identified
c10903f400aa5f6fe7956a6888a9741390230d3ddf9b8b3b4472e572864be37d,2017-04,City of London Police,City of London Police,-0.086624,51.511923,On or near CLEMENT'S LANE,E01032739,City of London 001F,Investigation complete; no suspect identified
f0e58dca6c887200a4d64261f844ac22033fb67dc284a8d1071326dd1f73b1f3,2017-04,City of London Police,City of London Police,-0.098886,51.519254,On or near KINGHORN STREET,E01032740,City of London 001G,Investigation complete; no suspect identified
51d1b84a23ce2e34999036e29aaa570193ac6a6a5ee56fc6707814d42aeb31bd,2017-04,City of London Police,City of London Police,-0.108283,51.517526,On or near Supermarket,E01032740,City of London 001G,Investigation complete; no suspect identified
06d5eebd8c2a26fbafb4d6f9a75558cc91a1768f05a76a72ff7cef32c2ac64c1,2017-04,City of London Police,City of London Police,-0.088995,51.512088,On or near ST SWITHIN'S LANE,E01032739,City of London 001F,Investigation complete; no suspect identified
c10c31745b08937eb3efa323a764c7df98d4f90ec2f19abf966cc17cac899d4c,2017-04,City of London Police,City of London Police,-0.088621,51.518619,On or near MOORFIELDS,E01000002,City of London 001B,Investigation complete; no suspect identified
77a86adc152acc62f0037d7785459426f16812694484c6008471eb94a8bed9c8,2017-04,City of London Police,City of London Police,-0.105134,51.513869,On or near BRIDE LANE,E01032740,City of London 001G,Investigation complete; no suspect identified
9f0f5eda28c69ec2cc53aa6a9fdfd7b3b71fc18b3eb363707cc4b2942426ab36,2017-04,City of London Police,City of London Police,-0.097645,51.515142,On or near ST MARTIN'S LE GRAND,E01032739,City of London 001F,Investigation complete; no suspect identified
6c060f640912a04fc6ac8e776b3ecb3f75ef5bf20579067af2a61b6aa7e768ca,2017-04,City of London Police,City of London Police,-0.082571,51.514753,On or near GREAT ST HELEN'S,E01032739,City of London 001F,Investigation complete; no suspect identified
e0c5b8c0c8af441987c4d469d7d6249365604abc8065f32a7bfe7f5c4ac01435,2017-04,City of London Police,City of London Police,-0.100884,51.516966,On or near Hospital,E01032740,City of London 001G,Unable to prosecute suspect
003bfeed717cc377c663aa766849132ba164422f8b22ced8b77740fc8a7536b3,2017-04,City of London Police,City of London Police,-0.080728,51.511611,On or near Supermarket,E01032739,City of London 001F,Investigation complete; no suspect identified
ee733e5684159ba9a3833d029503060066116a95538fc3e89c02e34c45e7ee78,2017-04,City of London Police,City of London Police,-0.091440,51.519807,On or near SILK STREET,E01000002,City of London 001B,Investigation complete; no suspect identified
d365bdfd39474cecdf7ae074fffdee0a437c04f56a4ff526464c2e8430a4895a,2017-04,City of London Police,City of London Police,-0.081580,51.520510,On or near PINDAR STREET,E01032739,City of London 001F,Investigation complete; no suspect identified
172a85da9bf440948621aceb3e279b2906448892396714bf54e00172ef37eddb,2017-04,City of London Police,City of London Police,-0.105134,51.513869,On or near BRIDE LANE,E01032740,City of London 001G,Investigation complete; no suspect identified
7f55e0e6bb04e27f4540d4eae63692c78e190bf71bc7a5aaf3e886cd23450d9c,2017-04,City of London Police,City of London Police,-0.091732,51.521080,On or near Nightclub,E01002704,Islington 023D,Investigation complete; no suspect identified
1bece45a336e22885429beddd06632e95267e4438cb0fbd8cca0ba42de79b112,2017-04,City of London Police,City of London Police,-0.094197,51.510734,On or near KENNETT WHARF LANE,E01032739,City of London 001F,Investigation complete; no suspect identified
ed614354e07d6ead20c4ae5c0afdf0c2d7e6eb881b6f7b88de5df95cad33ffd3,2017-04,City of London Police,City of London Police,-0.085355,51.510563,On or near PUDDING LANE,E01032739,City of London 001F,Investigation complete; no suspect identified
1f8f1b25006e43c3f30850f04fa690ddec72c6bb7e551bea6d2f5e0604b55fdd,2017-04,City of London Police,City of London Police,-0.092865,51.510182,On or near Parking Area,E01032739,City of London 001F,Investigation complete; no suspect identified
60a64bfc0a8228600ebc17d423285b77a337a82af76962f35df317b1908693fa,2017-04,City of London Police,City of London Police,-0.084980,51.516078,On or near GREAT WINCHESTER STREET,E01032739,City of London 001F,Investigation complete; no suspect identified
f94646a81d8cd0b211269e034f4b243a95e40b42c6cfde46b5c244bda2e2cc6e,2017-04,City of London Police,City of London Police,-0.106453,51.518207,On or near CHARTERHOUSE STREET,E01000916,Camden 027B,Investigation complete; no suspect identified
e8d4195511e00b7f264386ef94aebfacb83a69ae1574b41e80b644271407ac96,2017-04,City of London Police,City of London Police,-0.085086,51.515621,On or near AUSTIN FRIARS SQUARE,E01032739,City of London 001F,Investigation complete; no suspect identified
03ba69153a407a4485b568fdc9682e476606abb709358057ca3238b91d18883b,2017-04,City of London Police,City of London Police,-0.109155,51.516668,On or near FETTER LANE,E01032740,City of London 001G,Investigation complete; no suspect identified
b32fbd9ef38a8cdabe6d531e41177f846278a5714bdf4105dfec5160451896f4,2017-04,City of London Police,City of London Police,-0.077649,51.512181,On or near NORTHUMBERLAND ALLEY,E01032739,City of London 001F,Investigation complete; no suspect identified
fce9a50f40366978c5faa8ebeef9069baece13f7e10286b73477d799b36a623e,2017-04,City of London Police,City of London Police,-0.093257,51.513920,On or near BOW LANE,E01032739,City of London 001F,Investigation complete; no suspect identified
83457d4e1a8e251cefee4385d3e2d6b8d489f1274169e50d7e41d5258817224e,2017-04,City of London Police,City of London Police,-0.079786,51.517576,On or near Police Station,E01032739,City of London 001F,Investigation complete; no suspect identified
3100fb472b48917d55bcb0fa39ca914636b4d37f53d872313307668ecfa3ceaa,2017-04,City of London Police,City of London Police,-0.074901,51.506255,On or near A100,E01004293,Tower Hamlets 027B,Investigation complete; no suspect identified
dc15fb995eefacf4eddd798f733fa87b3832e6f6fbce12a932b64d83d3ceecaa,2017-04,City of London Police,City of London Police,,,No location,,,Investigation complete; no suspect identified
7c9ed214471c4b504dc88ddbab8ab3cb864a5965c5f7bb498eacd863d88ea88f,2017-04,City of London Police,City of London Police,-0.084095,51.516900,On or near NEW BROAD STREET,E01032739,City of London 001F,Investigation complete; no suspect identified
15b3be079578fd9809a5748fdc67f2d03004188dc508e50bb512b28c1613461b,2017-04,City of London Police,City of London Police,-0.100179,51.514158,On or near Shopping Area,E01032739,City of London 001F,Investigation complete; no suspect identified
cf125146d2086d5520b01e19f6442ad2097ad2e8661f71eb1403e48666e99afe,2017-04,City of London Police,City of London Police,-0.097645,51.515142,On or near ST MARTIN'S LE GRAND,E01032739,City of London 001F,Investigation complete; no suspect identified
068e65713f64ba6637e57533491e0d0e1cd6c132da4b32f110900bb7f228ddd9,2017-04,City of London Police,City of London Police,-0.087760,51.517149,On or near LONDON WALL,E01032739,City of London 001F,Investigation complete; no suspect identified
f999fe3e35ef8e46362d9fc7bf131eace6b82480abe23fa13f07fa4c8da46b7e,2017-04,City of London Police,City of London Police,-0.084701,51.509320,On or near LOWER THAMES STREET,E01032739,City of London 001F,Investigation complete; no suspect identified
25c3585abf44f56b7cd063bd0c7ea426150b94da0415e18c3c3b01508a7cd1ca,2017-04,City of London Police,City of London Police,-0.088621,51.518619,On or near MOORFIELDS,E01000002,City of London 001B,Investigation complete; no suspect identified
0a5d8f62951bc4e150aa7cdbd0c9bed9902669a6ebca085b06c6e7c886e80bb2,2017-04,City of London Police,City of London Police,,,No location,,,Investigation complete; no suspect identified
af3ebe52c2c66e16fdcd0cf0eaac77c5eb55b44dc9244c3d69b2609b0671ca0b,2017-04,City of London Police,City of London Police,-0.082965,51.516351,On or near WORMWOOD STREET,E01032739,City of London 001F,Investigation complete; no suspect identified
6d57f57a7e6c64e239545f2d17b52413dd7b7218baddd64b8f3922621223ed3a,2017-04,City of London Police,City of London Police,-0.093257,51.513920,On or near BOW LANE,E01032739,City of London 001F,Unable to prosecute suspect
483a025dd06bfb48e1e8381fdf1d27ce1336daa027e4d5e0d5959c46730f0b4f,2017-04,City of London Police,City of London Police,-0.076044,51.512650,On or near INDIA STREET,E01000005,City of London 001E,Investigation complete; no suspect identified
4fbe1ae1b8f477d9a067967c52f70619a031e13ead309190557c7206b40e5da6,2017-04,City of London Police,City of London Police,-0.086624,51.511923,On or near CLEMENT'S LANE,E01032739,City of London 001F,Investigation complete; no suspect identified
8973b258f315b9e59cac6a2ccbe9e21af263ebbaaabfce63409a843f5c431ef4,2017-04,City of London Police,City of London Police,-0.082571,51.514753,On or near GREAT ST HELEN'S,E01032739,City of London 001F,Investigation complete; no suspect identified
7ebd91e2bf919274be2be0b2c0e9a67e8c10193b4b947f0d84c76e4a5fdf2b57,2017-04,City of London Police,City of London Police,-0.084618,51.512682,On or near GRACECHURCH STREET,E01032739,City of London 001F,Investigation complete; no suspect identified
d1a0a6f09e5442fe70fb807abafa879f2ea62df89879096ef4ce31651da41d1c,2017-04,City of London Police,City of London Police,-0.083972,51.510549,On or near LOVAT LANE,E01032739,City of London 001F,Investigation complete; no suspect identified
2be4934c7f6bb8ffe790510f3004f72a89677ef29a9e48a53e879564d4575c20,2017-04,City of London Police,City of London Police,-0.108018,51.511749,On or near TEMPLE AVENUE,E01032740,City of London 001G,Investigation complete; no suspect identified
c715c813b0f518f88de50fbac59579be26a42a8ee2db317a0a2f2f19ae794644,2017-04,City of London Police,City of London Police,-0.083086,51.511407,On or near ROOD LANE,E01032739,City of London 001F,Investigation complete; no suspect identified
27544981b4cf3b938c4dc40b226759a1caf013d05dec7df93673a822e7609e46,2017-04,City of London Police,City of London Police,-0.080728,51.511611,On or near Supermarket,E01032739,City of London 001F,Investigation complete; no suspect identified
275d6ebe9f971c2d49b98f52549ed902b617ab25410ffa7c153c727112c71532,2017-04,City of London Police,City of London Police,-0.097562,51.518864,On or near Parking Area,E01000001,City of London 001A,Investigation complete; no suspect identified
17679f5c4bfb64c74f611e9c801699775d571bee88c2fa6944c16e12e7deae08,2017-04,City of London Police,City of London Police,-0.092719,51.512652,On or near QUEEN VICTORIA STREET,E01032739,City of London 001F,Investigation complete; no suspect identified
f4afff8eb6f793ae38091e9261e3ddddd0e8661cd70b206c11b925d3e6aaf1fa,2017-04,City of London Police,City of London Police,-0.080952,51.514528,On or near ST MARY AXE,E01032739,City of London 001F,Investigation complete; no suspect identified
e32f25c284edc953ccc95188db7966a60e2a765591efc4a0e7c17bad63ac4356,2017-04,City of London Police,City of London Police,-0.101345,51.518709,On or near Parking Area,E01032740,City of London 001G,Investigation complete; no suspect identified
8e1ab80a6ffcf81a0ea6668b60f1770382a71e40c9c3121ea46dde1d28aabc43,2017-04,City of London Police,City of London Police,-0.108283,51.517526,On or near Supermarket,E01032740,City of London 001G,Investigation complete; no suspect identified
e0433864bdf63c796abf8b3aad6f5845ecdb3b5398b794705e8341bc53adb0ae,2017-04,City of London Police,City of London Police,-0.094758,51.512829,On or near Nightclub,E01032739,City of London 001F,Investigation complete; no suspect identified
5a2b2171ba42d7f452927b2dfa62b4547573f9c2d437d251306aafe16fea8768,2017-04,City of London Police,City of London Police,-0.096511,51.511922,On or near QUEEN VICTORIA STREET,E01032739,City of London 001F,Investigation complete; no suspect identified
cb66db9422bbdf6958a71dc0580a754c5af9478190ea626e10dc2cd6b967adff,2017-04,City of London Police,City of London Police,-0.080376,51.517244,On or near Supermarket,E01032739,City of London 001F,Unable to prosecute suspect
c6867ee5926b1cc5f82dc2c23066c8b1036835a4dd00eea960fcb20056969dbc,2017-04,City of London Police,City of London Police,-0.092093,51.516922,On or near BASINGHALL STREET,E01000002,City of London 001B,Investigation complete; no suspect identified
0ad0489e788c0074140085c0a5b30439b7447be88ee99e498e3c1395872232d8,2017-04,City of London Police,City of London Police,-0.108164,51.516571,On or near NEW FETTER LANE,E01032740,City of London 001G,Investigation complete; no suspect identified
f3f0d057dc147288f8227563e0be280f3e8443c390d129bf28b53350000f921a,2017-04,City of London Police,City of London Police,-0.098777,51.512526,On or near KNIGHTRIDER STREET,E01032739,City of London 001F,Investigation complete; no suspect identified
f0e703ed8c94fad8c8eb971969d8b7eebca4912dc085c01e65f0365c7e0b9c2a,2017-04,City of London Police,City of London Police,-0.102930,51.518375,On or near WEST SMITHFIELD,E01032740,City of London 001G,Investigation complete; no suspect identified
04d277470f55e34b4175be6cc00e8c80b599cb50155b3dcd4075b62d193c7914,2017-04,City of London Police,City of London Police,-0.080728,51.511611,On or near Supermarket,E01032739,City of London 001F,Investigation complete; no suspect identified
1b8a9788dfb8f7126401484b29cd13dd660d6ef110abe3bee62f6366a28ddc2b,2017-04,City of London Police,City of London Police,-0.080728,51.511611,On or near Supermarket,E01032739,City of London 001F,Investigation complete; no suspect identified
1dc2e2ada778a8fd6542239d5ca723c269896d2fa7586c338d7086a41c0fc3ad,2017-04,City of London Police,City of London Police,-0.090710,51.513132,On or near QUEEN VICTORIA STREET,E01032739,City of London 001F,Investigation complete; no suspect identified
8cc376cd9951d0bd6ebe975c5006fea9cec7c12239d4cb4c0325489b0958a321,2017-04,City of London Police,City of London Police,-0.085257,51.511200,On or near TALBOT COURT,E01032739,City of London 001F,Investigation complete; no suspect identified
6ffd8a4d443dd4390ad292f2c409846cdf83da77ac8db9e27dbafc47c3a5dea4,2017-04,City of London Police,City of London Police,-0.097562,51.518864,On or near Parking Area,E01000001,City of London 001A,Investigation complete; no suspect identified
59eb746b23f8f94494b992d96fc88be98b579b2717ad83618679185d24e2b52e,2017-04,City of London Police,City of London Police,-0.097562,51.518864,On or near Parking Area,E01000001,City of London 001A,Investigation complete; no suspect identified
86fc4acdb5fd6de0153eecb0afd877b22e4127aae3ec7f06bcf523835a507221,2017-04,City of London Police,City of London Police,-0.083086,51.511407,On or near ROOD LANE,E01032739,City of London 001F,Investigation complete; no suspect identified
ae73d94b4404ebb32246f2a5944977aa7e12f0326379fa1d2bbe1b8d8f93817e,2017-04,City of London Police,City of London Police,-0.078127,51.512135,On or near LLOYD'S AVENUE,E01032739,City of London 001F,Investigation complete; no suspect identified
1b8fe783ddadf253e36d795690722e9f4f4baac21f4183497f904866f22dcc42,2017-04,City of London Police,City of London Police,-0.109155,51.516668,On or near FETTER LANE,E01032740,City of London 001G,Investigation complete; no suspect identified
25cbbe3807ec198ea8c9d614298b84533ffb2ea4d4f4f4b43c95e321fb019d06,2017-04,City of London Police,City of London Police,-0.081938,51.513007,On or near LIME STREET,E01032739,City of London 001F,Investigation complete; no suspect identified
9ce1547afb728bee48845b808c9e8bd20d9ecca37e10e971d023f4dc998e2ead,2017-04,City of London Police,City of London Police,-0.100179,51.514158,On or near Shopping Area,E01032739,City of London 001F,Investigation complete; no suspect identified
ba42e752de02d8aa5ba861f8dc03a19e8c041c6e1349b97bb5c9ab9f4fea8cfb,2017-04,City of London Police,City of London Police,-0.088203,51.518262,On or near MOORGATE,E01032739,City of London 001F,Investigation complete; no suspect identified
f80c192984b3eb8ca443b93500c9110886fcc5b3de81b9c1c6e1fbf0a6ef414f,2017-04,City of London Police,City of London Police,-0.086166,51.510828,On or near EASTCHEAP,E01032739,City of London 001F,Investigation complete; no suspect identified
cdbf74db55fe2d497724ac7ca3ef0c82fc1b2e253e5918ce3b67a20039fbacad,2017-04,City of London Police,City of London Police,-0.109155,51.516668,On or near FETTER LANE,E01032740,City of London 001G,Investigation complete; no suspect identified
a6a80bafd514724b554610543737fdb52870ed6d907bec4ee3bbf1b58f981c0e,2017-04,City of London Police,City of London Police,-0.110735,51.517836,On or near Further/Higher Educational Building,E01032740,City of London 001G,Investigation complete; no suspect identified
db9c210db1a41a06a9eb5e60f274199a192281ba3aae9e7c900f6ca9995665f0,2017-04,City of London Police,City of London Police,-0.084723,51.514986,On or near Conference/Exhibition Centre,E01032739,City of London 001F,Investigation complete; no suspect identified
495b66c5c72f9cb973d046c6068185e1c887b429d72769c10a938554e0d46dc2,2017-04,City of London Police,City of London Police,-0.106922,51.514204,On or near FLEET STREET,E01032740,City of London 001G,Investigation complete; no suspect identified
4039a955aadff62a26308d36e0485ebb9bc76386bb95a91f6538b746131bd1ba,2017-04,City of London Police,City of London Police,-0.073515,51.510414,On or near Parking Area,E01000005,City of London 001E,Investigation complete; no suspect identified
68fe46d0c6a0d9de2d717de7331e42343f8a237bc5ac85e0852fab8c06bf6416,2017-04,City of London Police,City of London Police,-0.073515,51.510414,On or near Parking Area,E01000005,City of London 001E,Investigation complete; no suspect identified
f4029172a87e52723d7a9e4a75c7416d624ff75d0a9fe02ca558b2a60f914550,2017-04,City of London Police,City of London Police,-0.083086,51.511407,On or near ROOD LANE,E01032739,City of London 001F,Investigation complete; no suspect identified
317415f97971c44632710ed4f093c728d57cd70b75c428b2aa09e7a9cc915605,2017-04,City of London Police,City of London Police,-0.083086,51.511407,On or near ROOD LANE,E01032739,City of London 001F,Investigation complete; no suspect identified
71356106d426b71fe4dd18c82563015d63947eacbd4371af17ac84c706ec5e00,2017-04,City of London Police,City of London Police,-0.085355,51.510563,On or near PUDDING LANE,E01032739,City of London 001F,Investigation complete; no suspect identified
8c32d4d35b7ae061a8e3a56e94720b482f2a3d382fa3c17aa264d4003d68c976,2017-04,City of London Police,City of London Police,-0.111974,51.513683,On or near FLEET STREET,E01004735,Westminster 018B,Unable to prosecute suspect
981831026b39a4d2611ec62f9a7d6cac35280b95b553169971197f485b9e8c46,2017-04,City of London Police,City of London Police,-0.086278,51.509876,On or near FISH STREET HILL,E01032739,City of London 001F,Investigation complete; no suspect identified
740f3180e4c9a78cd9a80c874c289a458d7198a2f84671a7102013faafedc61d,2017-04,City of London Police,City of London Police,-0.083755,51.514358,On or near THREADNEEDLE STREET,E01032739,City of London 001F,Unable to prosecute suspect
7052e52484be89af4134beb6ed37d444115859c540da0dabf2c1207c52de3a59,2017-04,City of London Police,City of London Police,-0.093969,51.519300,On or near Park/Open Space,E01000002,City of London 001B,Investigation complete; no suspect identified
89e49326b44e4cb092acdb9ab7958046cbbbc56f645ab1ad4a0a7ca04ec4fb7b,2017-04,City of London Police,City of London Police,-0.084566,51.517690,On or near BLOMFIELD STREET,E01032739,City of London 001F,Investigation complete; no suspect identified
c386ff97422901af666112ebb61889ad62f3324aa8e48c373b9bfde4e4380893,2017-04,City of London Police,City of London Police,-0.101794,51.516207,On or near NEWGATE STREET,E01032740,City of London 001G,Investigation complete; no suspect identified
d013183b68d63758f2751ba9c7e9498e102cf912d00976616cbc589315bdcd4d,2017-04,City of London Police,City of London Police,-0.096385,51.510787,On or near GARDNERS LANE,E01032739,City of London 001F,Investigation complete; no suspect identified
ca2a9a0c72b979b8440f03a56df7856524a9019a9dab9e2790f03d50b6192fd1,2017-04,City of London Police,City of London Police,-0.084095,51.516900,On or near NEW BROAD STREET,E01032739,City of London 001F,Investigation complete; no suspect identified
45f0aa47e628986d028c634247d51f80d9f06ab8e6c2c73d8e697d3cdacc9759,2017-04,City of London Police,City of London Police,-0.083086,51.511407,On or near ROOD LANE,E01032739,City of London 001F,Investigation complete; no suspect identified
2d82de6fd4e05aa6ffd7860210ef8f5b4801f4630e639a8d4399929b5690aa49,2017-04,City of London Police,City of London Police,-0.096511,51.511922,On or near QUEEN VICTORIA STREET,E01032739,City of London 001F,Investigation complete; no suspect identified
96e948348b984affdb5a20cdcfbfc2669d3ca0631dcd233b9d89decc4e1a1a53,2017-04,City of London Police,City of London Police,-0.089451,51.517032,On or near Bus/Coach Station,E01032739,City of London 001F,Investigation complete; no suspect identified
268e9b9c2ca1529376e3d4da9aabb3dfb8ceae61ee073b573a0bd493d604788f,2017-04,City of London Police,City of London Police,-0.097562,51.518864,On or near Parking Area,E01000001,City of London 001A,Investigation complete; no suspect identified
dd70f72665db693390eecf3d83eba179b0b74b85610b753e11181f9d384f1b16,2017-04,City of London Police,City of London Police,-0.082811,51.510054,On or near IDOL LANE,E01032739,City of London 001F,Investigation complete; no suspect identified
2edef4ff6eb83f251c21973ee4670742a0e02cf223d6c1f734128cc15eed97d5,2017-04,City of London Police,City of London Police,-0.088767,51.520303,On or near FINSBURY STREET,E01002704,Islington 023D,Investigation complete; no suspect identified
277282979e9d3d8d962a88fc39898dfc660de07931e254503c19a8c550931ae1,2017-04,City of London Police,City of London Police,-0.096363,51.513377,On or near NEW CHANGE,E01032739,City of London 001F,Investigation complete; no suspect identified
32113e0de5ac977216371a0e7c4d1c54b8415903f18619db7d6d7f4755764622,2017-04,City of London Police,City of London Police,-0.085257,51.511200,On or near TALBOT COURT,E01032739,City of London 001F,Investigation complete; no suspect identified
3ef9cdb7f9e6ac487d9905d4a52dcb637b1986ff07db01c47ddafd672c7ecdf3,2017-04,City of London Police,City of London Police,-0.085257,51.511200,On or near TALBOT COURT,E01032739,City of London 001F,Investigation complete; no suspect identified
a6ef44b563388af5828a50c88a54df9a47d3ed74d0453bd08356f330e01766a7,2017-04,City of London Police,City of London Police,-0.083086,51.511407,On or near ROOD LANE,E01032739,City of London 001F,Investigation complete; no suspect identified
05d64fee629e15a82cf7eac625f83b022ac7935131eb64cf7874982085399c62,2017-04,City of London Police,City of London Police,-0.087118,51.513199,On or near Nightclub,E01032739,City of London 001F,Investigation complete; no suspect identified
fa0cd9f9997ac389cc1be007aaee21686c4bcf84e98d931ce3093f3f1f32dfdd,2017-04,City of London Police,City of London Police,-0.084095,51.516900,On or near NEW BROAD STREET,E01032739,City of London 001F,Investigation complete; no suspect identified
479d3748847b41725fd6ccd3177f79ab34e417a28fbf9a7a3a119569fe3303f4,2017-04,City of London Police,City of London Police,-0.078393,51.515728,On or near CLOTHIER STREET,E01000005,City of London 001E,Investigation complete; no suspect identified
8766ed5eaffb55543a72424aa0b37e24c40a9f5291ce095a38b8158b12feca1b,2017-04,City of London Police,City of London Police,-0.089698,51.511812,On or near OXFORD COURT,E01032739,City of London 001F,Investigation complete; no suspect identified
df300d42af7307e9029fc391e7695b3517393d38b8014b8e186dadf36d245edc,2017-04,City of London Police,City of London Police,-0.083618,51.517288,On or near BROAD STREET AVENUE,E01032739,City of London 001F,Investigation complete; no suspect identified
8c8c1f46f513b1991a4dc3bbaf250930360c05e7cf346e9fe33d75fd8376b29b,2017-04,City of London Police,City of London Police,-0.091732,51.521080,On or near Nightclub,E01002704,Islington 023D,Investigation complete; no suspect identified
7638c59b5d048323a86a30eb23f2130c1ecb845079e054ec826ba62ed3008360,2017-04,City of London Police,City of London Police,-0.084105,51.515281,On or near Conference/Exhibition Centre,E01032739,City of London 001F,Investigation complete; no suspect identified
2d152b4d6a7c0ebad95ffbfcf6cdb3a105d5c2fab22f683ad5c6e7bee9fce57b,2017-04,City of London Police,City of London Police,-0.079130,51.507808,On or near Ferry Terminal,E01004293,Tower Hamlets 027B,Investigation complete; no suspect identified
5cd40e7edae20dd12d2af75d40ae7421d70f4e190e2c2f5f96020bdb84db6bf8,2017-04,City of London Police,City of London Police,-0.091720,51.513454,On or near Supermarket,E01032739,City of London 001F,Investigation complete; no suspect identified
38fe6dd5970b371714989f5525fc001cd58825eff1f6f32fd0d810bccce814fc,2017-04,City of London Police,City of London Police,-0.091720,51.513454,On or near Supermarket,E01032739,City of London 001F,Investigation complete; no suspect identified
804464cd0cd92d20ed98adb4a7cf238db7cbadb803ec2c769babf63b277e8856,2017-04,City of London Police,City of London Police,-0.090203,51.511118,On or near SCOTT'S YARD,E01032739,City of London 001F,Investigation complete; no suspect identified
bfcac180e97c4e8faf56f7cbea241c0f647fa8790bfcb774b2c093cd6417a8c9,2017-04,City of London Police,City of London Police,-0.079162,51.514940,On or near BEVIS MARKS,E01032739,City of London 001F,Investigation complete; no suspect identified
8b533c28b77c5247e0e97e1974d50e24f5a378e93fb7343aae9b37b8384d4e69,2017-04,City of London Police,City of London Police,-0.077777,51.518046,On or near SANDY'S ROW,E01032739,City of London 001F,Investigation complete; no suspect identified
5b8a3de1ad95bf08c6e2384a4409f0a44e52f8bb5c264736ae3ca5205ba9ec38,2017-04,City of London Police,City of London Police,-0.080782,51.514804,On or near ST MARY AXE,E01032739,City of London 001F,Investigation complete; no suspect identified
acab557cb6139066d4d54b4affa1471478aa7648470d51849b897b43d519172b,2017-04,City of London Police,City of London Police,-0.089596,51.518743,On or near NEW UNION STREET,E01000002,City of London 001B,Investigation complete; no suspect identified
ff890a6390682ca546b37cdce642b2a5fc08ffef3edb518ac2d2735f3a4bd980,2017-04,City of London Police,City of London Police,-0.083086,51.511407,On or near ROOD LANE,E01032739,City of London 001F,Investigation complete; no suspect identified
dccfdb415f2665cdc10fa39a173ded2276d36143f8ebae49ae7a824c1b4b6af0,2017-04,City of London Police,City of London Police,-0.083086,51.511407,On or near ROOD LANE,E01032739,City of London 001F,Investigation complete; no suspect identified
1d6d01ae56d614a59b2c4b7e79599ab480cf3d10af3f071fb348bcf9869f7a13,2017-04,City of London Police,City of London Police,-0.088995,51.512088,On or near ST SWITHIN'S LANE,E01032739,City of London 001F,Investigation complete; no suspect identified
1887adb9ac4a77b18fa1d637da9cbf746ca1719426efe57d5c39c95c025446f0,2017-04,City of London Police,City of London Police,-0.088203,51.518262,On or near MOORGATE,E01032739,City of London 001F,Investigation complete; no suspect identified
eb6c05cd1c1922701c5acbca583e72722a28f74a8f52d2b03cba49d6e10dfc83,2017-04,City of London Police,City of London Police,,,No location,,,Investigation complete; no suspect identified
3a05e3eb423934b00e08565e76834406e83bc1711e829da9a692ea588fd4b656,2017-04,City of London Police,City of London Police,-0.092865,51.510182,On or near Parking Area,E01032739,City of London 001F,Investigation complete; no suspect identified
8acb6dc029d89afa3a7a891c91b393254dcc82c9405b0113fc9df972a8cd02f7,2017-04,City of London Police,City of London Police,-0.096363,51.513377,On or near NEW CHANGE,E01032739,City of London 001F,Investigation complete; no suspect identified
562a7066ffd81697b8740a1bff643e2a31a9f521cf9b75616be8f573d3c10521,2017-04,City of London Police,City of London Police,-0.096363,51.513377,On or near NEW CHANGE,E01032739,City of London 001F,Investigation complete; no suspect identified
4e386a2f7b35ebd46955247df18a80c8ef802be9389f9c5c41fc3502b44052b6,2017-04,City of London Police,City of London Police,-0.080376,51.517244,On or near Supermarket,E01032739,City of London 001F,Unable to prosecute suspect
6f0cef47c9b78f39922897047cc11e15a881c8bde5db4777bce5f60c22cfa71e,2017-04,City of London Police,City of London Police,-0.084566,51.517690,On or near BLOMFIELD STREET,E01032739,City of London 001F,Investigation complete; no suspect identified
843a83decf045f2fad26d369a53eb0354b1089d52a22ca7fc384eae2cb4d6b42,2017-04,City of London Police,City of London Police,-0.087153,51.518910,On or near SOUTH PLACE MEWS,E01032739,City of London 001F,Investigation complete; no suspect identified
3a97950ec23c5535bdc6771f61a051f19eae4f9dea7b6796a5ecc74eb2011242,2017-04,City of London Police,City of London Police,-0.077300,51.512607,On or near CARLISLE AVENUE,E01032739,City of London 001F,Investigation complete; no suspect identified
ad23d4aa9d64f294e6d3053a6fef2e3aaddf8bed303fbb5773e76543a97c0fb1,2017-04,City of London Police,City of London Police,-0.077578,51.510795,On or near PEPYS STREET,E01032739,City of London 001F,Unable to prosecute suspect
b320c093527f32570ad6ab360ca2990cab5c580a0a0f73ecc3df4469fb04f718,2017-04,City of London Police,City of London Police,-0.094464,51.512959,On or near WATLING COURT,E01032739,City of London 001F,Investigation complete; no suspect identified
815cd2f05b5da23553537f70545f31ebbe01f044aa057d07e578485fae9f0a9c,2017-04,City of London Police,City of London Police,-0.078924,51.508587,On or near PETTY WALES,E01032739,City of London 001F,Investigation complete; no suspect identified
192d7dfc51db4e36a2b1ce82f17700a9d9177b8731625a5a05944cf9d07c0e3b,2017-04,City of London Police,City of London Police,-0.104281,51.516032,On or near BEAR ALLEY,E01032740,City of London 001G,Investigation complete; no suspect identified
914c5b02a9d3fdef46fdec774eb21b8cf2ceeb327b05287d19aa8a67f0be6179,2017-04,City of London Police,City of London Police,-0.082811,51.510054,On or near IDOL LANE,E01032739,City of London 001F,Investigation complete; no suspect identified
1d3790071e99c33428bf3f3d574636763d815803c2a8076ce70de7dd45479918,2017-04,City of London Police,City of London Police,-0.089364,51.515331,On or near KING'S ARMS YARD,E01032739,City of London 001F,Investigation complete; no suspect identified
9f64876b2e83381e1a17109579670ef5acecb2d8a923ae2a07214256987b227d,2017-04,City of London Police,City of London Police,-0.074330,51.513647,On or near LITTLE SOMERSET STREET,E01000005,City of London 001E,Unable to prosecute suspect
af93b48a54332d62e3c459bc58bee0ea6fd8478afb118504fb4de03235386079,2017-04,City of London Police,City of London Police,-0.082571,51.514753,On or near GREAT ST HELEN'S,E01032739,City of London 001F,Investigation complete; no suspect identified
f7cc37263148406bad5dd90d78d12d08f40ebeca4b52f07163ff0ffaf5559157,2017-04,City of London Police,City of London Police,-0.104494,51.509848,On or near A201,E01032739,City of London 001F,Offender given a drugs possession warning
8ed0317d1728c4ef080adb61b08e977ecebb4a2a8eb5e4b3bd90a031fd18fa78,2017-04,City of London Police,City of London Police,-0.077029,51.510148,On or near TRINITY SQUARE,E01004293,Tower Hamlets 027B,Offender given a caution
974cb6972e365d9a04fd2cdfe97a8af42acceb9be05dce81512fc92ab8f728c0,2017-04,City of London Police,City of London Police,-0.100202,51.513268,On or near DEAN'S COURT,E01032739,City of London 001F,Offender given a caution
7a1aa18d83022d958cfa83b1b280ddddcc528874086546186b5888400fe6e2c4,2017-04,City of London Police,City of London Police,-0.080376,51.517244,On or near Supermarket,E01032739,City of London 001F,Offender given a caution
57ec55ce6f135ebf34133d40d04d156346b5c114b82e250aa73c8d2213b4dbd1,2017-04,City of London Police,City of London Police,-0.084199,51.513394,On or near CORNHILL,E01032739,City of London 001F,Local resolution
cc65e6cba2e4fa41cfffb33727f62543b493fb3f3360fdc213c653de4ccfc2ff,2017-04,City of London Police,City of London Police,-0.084967,51.512598,On or near BELL INN YARD,E01032739,City of London 001F,Offender given a caution
b9cf6a4d9c0163e339690c8389c67e4cab8327668995833fffd2fe808fa3c539,2017-04,City of London Police,City of London Police,-0.102502,51.516165,On or near GREEN ARBOUR COURT,E01032740,City of London 001G,Offender given a caution
2155ccccd65add3b515acd54fccae2f578decec0829c6d1cf1c591c793a030a7,2017-04,City of London Police,City of London Police,-0.085355,51.510563,On or near PUDDING LANE,E01032739,City of London 001F,Offender given a caution
112585f73f3402b9b60af3d4b56ea7b3601df9142073b944071b441670ec487a,2017-04,City of London Police,City of London Police,-0.079786,51.517576,On or near Police Station,E01032739,City of London 001F,Local resolution
066c8adcdd3defc9e2d269d75ac06b3f40324ee00b4becfed9a7da91582fd0e6,2017-04,City of London Police,City of London Police,-0.096561,51.514513,On or near CHEAPSIDE,E01032739,City of London 001F,Offender given a caution
d2ca335de99213d940c2439d68880a1606248780f9bdeeb455cdfb74c80d1b03,2017-04,City of London Police,City of London Police,-0.073065,51.511180,On or near GOODMAN'S YARD,E01000005,City of London 001E,Local resolution
5f269d01e1febb9cbf9185273fc096f3951b16ca5c8e6b57aaae0ff40fd71c75,2017-04,City of London Police,City of London Police,-0.083993,51.511440,On or near PHILPOT LANE,E01032739,City of London 001F,Offender given a caution
da9dbbf26126468abb0a33c8a22bb45b8a67850d00b278886edd494c5f8e713a,2017-04,City of London Police,City of London Police,-0.089040,51.512745,On or near MANSION HOUSE PLACE,E01032739,City of London 001F,Offender given a caution
d18eabc1db49f3543f00734bca637e1a5339e75d7da48733c136f28d5f9538d0,2017-04,City of London Police,City of London Police,-0.108018,51.511749,On or near TEMPLE AVENUE,E01032740,City of London 001G,Offender given a drugs possession warning
f03f360942fff3e2c72a7e1543f7fbfdb123f96b0b166059e44b6d406fd6cdd2,2017-04,City of London Police,City of London Police,-0.086624,51.511923,On or near CLEMENT'S LANE,E01032739,City of London 001F,Local resolution
74cefaeb897ff5f847c6ef6ba9bbde9695f0b331629af2998efc9095546daea9,2017-04,City of London Police,City of London Police,,,No location,,,Offender given a drugs possession warning
101e88667dd9f28a449aff5de531ec93949d49371d65df7c8556aca42084f4d2,2017-04,City of London Police,City of London Police,-0.080376,51.517244,On or near Supermarket,E01032739,City of London 001F,Offender given a caution
c80bead20a6c24815d5647827c98c1b8e02b5ce45970e3553ff587f3edeb43f2,2017-04,City of London Police,City of London Police,-0.092865,51.510182,On or near Parking Area,E01032739,City of London 001F,Offender given a caution
e40dba1aeec5c0dae85eed7fce2f5f4a15403ecc7f1335c5f2819ed907b6f48d,2017-04,City of London Police,City of London Police,-0.109155,51.516668,On or near FETTER LANE,E01032740,City of London 001G,Local resolution
8fd92c6e841ab33d330f3e027975b47b1bd4b9fca564a05fa3277241181781e2,2017-04,City of London Police,City of London Police,-0.094750,51.511624,On or near LITTLE TRINITY LANE,E01032739,City of London 001F,Local resolution
e1d39a83ad8701b41323a878637e81d9548d40b7aa96092a6224704b7c6d2b8b,2017-04,City of London Police,City of London Police,-0.086624,51.511923,On or near CLEMENT'S LANE,E01032739,City of London 001F,Local resolution
6a2848c6e2059d7b01dd9477375398f0d6bfbd9c6606e30f310da7a849c10bab,2017-04,City of London Police,City of London Police,-0.094720,51.514420,On or near WOOD STREET,E01032739,City of London 001F,Local resolution
22a711e582c8efe0171b3c216447474639688a34b6d6339e70623e5d559de059,2017-04,City of London Police,City of London Police,-0.080376,51.517244,On or near Supermarket,E01032739,City of London 001F,Local resolution
526dc7e503e3914b1d0005ad2292ca0c96f6637321c6d4617866d5c3e5968e84,2017-04,City of London Police,City of London Police,-0.080376,51.517244,On or near Supermarket,E01032739,City of London 001F,Local resolution
f081a451c856604afc596163536c29fda06b193d766f31f169a47fe26a46c856,2017-04,City of London Police,City of London Police,-0.078856,51.518433,On or near ARTILLERY LANE,E01032739,City of London 001F,Offender given a caution
58804a69f4c742593c9ff4cc4664dfbca105999ab50a2b7770638bf3178f4911,2017-04,City of London Police,City of London Police,-0.097562,51.518864,On or near Parking Area,E01000001,City of London 001A,Local resolution
8100342ab5212969c6e0dcc309c0e05c72e22e1daa26612935ac8d7046061f37,2017-04,City of London Police,City of London Police,-0.081580,51.520510,On or near PINDAR STREET,E01032739,City of London 001F,Offender given a caution
2a4eb5227fa8afcf36ee6b44309fe794eefd8953a289bf797e0db2325159b303,2017-04,City of London Police,City of London Police,-0.085173,51.518680,On or near FINSBURY AVENUE,E01032739,City of London 001F,Offender given a drugs possession warning
3828eb3729964828949ef09932f1f4a8ed2033f72f48fbe6a57ac1801eea7415,2017-04,City of London Police,City of London Police,-0.078127,51.512135,On or near LLOYD'S AVENUE,E01032739,City of London 001F,Offender given a drugs possession warning
c1ae4ba0742cb7a98112a7a8d988eb4bad7148bdb18e3074489b3618e7ef669b,2017-04,City of London Police,City of London Police,-0.091720,51.513454,On or near Supermarket,E01032739,City of London 001F,Local resolution
f4032b581d8166b7f4329ea2d1294f272a4f1addcc292bcec31b40a6c81393db,2017-04,City of London Police,City of London Police,-0.086624,51.511923,On or near CLEMENT'S LANE,E01032739,City of London 001F,Offender given penalty notice
0ce0f066a104376914228ef7b592e7d572da6862abb68fefd2cb3ba4b8ba169b,2017-04,City of London Police,City of London Police,-0.077224,51.516122,On or near Shopping Area,E01000005,City of London 001E,Offender given a caution
8c25b31a22085619538fe51e6673de027654db9500f18bacfb600f163ab10e22,2017-04,City of London Police,City of London Police,,,No location,,,Suspect charged
ccd3205c0b26dfaa481ab479f132cf11a92580a37d6d43879cd3c96b700e3ead,2017-04,City of London Police,City of London Police,-0.098148,51.517938,On or near ALBION WAY,E01032740,City of London 001G,Suspect charged
4f18e01a7a6d40677c28cd01ac659b9167a06e62c71b14081779f5cea545b42e,2017-04,City of London Police,City of London Police,-0.084566,51.517690,On or near BLOMFIELD STREET,E01032739,City of London 001F,Suspect charged
217d6e76acc4a9c91d48d6ddb21cdbdd05f5edd0f080ca545174640f6c16c8c0,2017-04,City of London Police,City of London Police,-0.076853,51.511916,On or near Nightclub,E01032739,City of London 001F,Suspect charged
f7b3960d6f649c332bcdda7d76ea7ac4d4a76fa5863237c4daca7f86483fb46f,2017-04,City of London Police,City of London Police,-0.079786,51.517576,On or near Police Station,E01032739,City of London 001F,Suspect charged
93c94faa4c923f9bfa90ed684a3ecfac00f58ceb110822ee4e85b809cbf56645,2017-04,City of London Police,City of London Police,-0.076459,51.513061,On or near Further/Higher Educational Building,E01000005,City of London 001E,Suspect charged
03895dab54c3140ae8f9879281f0b7e5252d4636c24517f946f526bc24fc5bfe,2017-04,City of London Police,City of London Police,-0.087670,51.516877,On or near COPTHALL AVENUE,E01032739,City of London 001F,Suspect charged
38fb9e43efff237920fc9f2c40233d4e1a1ec02dbca61ca8dea4e84bdeb008f9,2017-04,City of London Police,City of London Police,,,No location,,,Suspect charged
c825e1164646e97a1bbeb256c414fc9083afee483258d2136186213975232002,2017-04,City of London Police,City of London Police,-0.085355,51.510563,On or near PUDDING LANE,E01032739,City of London 001F,Suspect charged
8c7e35a8a50ffad09cd797692d8c3cbd4be9d3571ebe035bdf1b609e333190bb,2017-04,City of London Police,City of London Police,-0.081091,51.516014,On or near CAMOMILE STREET,E01032739,City of London 001F,Suspect charged
88e9567f7752a5ba7853f641699ea5d240bdcd8e2791397184be0b690a3a0392,2017-04,City of London Police,City of London Police,-0.086624,51.511923,On or near CLEMENT'S LANE,E01032739,City of London 001F,Suspect charged
37c2a15433e1df4a5971b5ae13c54d51fb322e71eee0746a502be14651c9149c,2017-04,City of London Police,City of London Police,-0.078718,51.521038,On or near NORTON FOLGATE,E01004307,Tower Hamlets 015B,Suspect charged
614cc08de8500b45571dd94b7406078f3530951a9d778a1a1e41e1643a083e8b,2017-04,City of London Police,City of London Police,-0.085310,51.518511,On or near ELDON STREET,E01032739,City of London 001F,Suspect charged
6249676b18d7abb0904f05e9cf8ec0594f41336dd8e0f8951db93a79ae4bbb66,2017-04,City of London Police,City of London Police,-0.103280,51.514109,On or near LUDGATE HILL,E01032740,City of London 001G,Suspect charged
525cff60721f77d4e9701a258710c0c9fe2ccdf97165258649e972d32502694f,2017-04,City of London Police,City of London Police,-0.103280,51.514109,On or near LUDGATE HILL,E01032740,City of London 001G,Suspect charged
525cff60721f77d4e9701a258710c0c9fe2ccdf97165258649e972d32502694f,2017-04,City of London Police,City of London Police,-0.103280,51.514109,On or near LUDGATE HILL,E01032740,City of London 001G,Suspect charged
3558805a6b7cb5420fd0ad72fed55ed80b973f047c72cff5c558bcf3aad5245f,2017-04,City of London Police,City of London Police,,,No location,,,Suspect charged
8c23b0abe0c492ef2f4528b8ce8ff14ae0f7e47874c86f7049f9fe8e5c72741f,2017-04,City of London Police,City of London Police,-0.084105,51.515281,On or near Conference/Exhibition Centre,E01032739,City of London 001F,Suspect charged
b0792f2c3eaeb373301bfbff59469be10810dac546316a3b1870408e9450bc6e,2017-04,City of London Police,City of London Police,-0.096561,51.514513,On or near CHEAPSIDE,E01032739,City of London 001F,Suspect charged
081534810fe1f100b06a3084723a786717a45e21c3d55944beedc5eaf4ba9924,2017-04,City of London Police,City of London Police,-0.085310,51.518511,On or near ELDON STREET,E01032739,City of London 001F,Suspect charged
081534810fe1f100b06a3084723a786717a45e21c3d55944beedc5eaf4ba9924,2017-04,City of London Police,City of London Police,-0.085310,51.518511,On or near ELDON STREET,E01032739,City of London 001F,Suspect charged
b1143214b280e5390f4cb055aefbd0010faebb86fbadedc4fcdfe4adc3cad98e,2017-04,City of London Police,City of London Police,-0.078994,51.514137,On or near HENEAGE PLACE,E01032739,City of London 001F,Suspect charged
79325122cff0b4eaff997c03ade3e71f52f53bf8650688985439681a018bffe8,2017-04,City of London Police,City of London Police,-0.093465,51.514463,On or near RUSSIA ROW,E01032739,City of London 001F,Suspect charged
5d3c0cdf169558e57dfec513dc6d280d146bdd1fb7afc647c585bf33de4f0658,2017-04,City of London Police,City of London Police,-0.097645,51.515142,On or near ST MARTIN'S LE GRAND,E01032739,City of London 001F,Suspect charged
6249676b18d7abb0904f05e9cf8ec0594f41336dd8e0f8951db93a79ae4bbb66,2017-04,City of London Police,City of London Police,-0.103280,51.514109,On or near LUDGATE HILL,E01032740,City of London 001G,Suspect charged
90c4dcc66a2d694247360b8e73d237c32737fe4854338ff0d739e74df545c9fb,2017-04,City of London Police,City of London Police,-0.086624,51.511923,On or near CLEMENT'S LANE,E01032739,City of London 001F,Suspect charged
8db399dd4fd6c413bb3b3bdcb34fc99340c69d0bf8952ee230283ab54d56e5ae,2017-04,City of London Police,City of London Police,-0.086624,51.511923,On or near CLEMENT'S LANE,E01032739,City of London 001F,Suspect charged
0dc98a479cbf6ae6608a128628e41d80e9707b8914886264aef3c6b2223a63ae,2017-04,City of London Police,City of London Police,-0.094464,51.512959,On or near WATLING COURT,E01032739,City of London 001F,Suspect charged
9570a76779976223b31de024a058fc6744648cc9e5d3759a03e02bb182c0e353,2017-04,City of London Police,City of London Police,-0.085355,51.510563,On or near PUDDING LANE,E01032739,City of London 001F,Suspect charged
6cb45dd0c6f0266ddf84e2b365baf92c2956796c43239e3ef4ebeef4188ecd19,2017-04,City of London Police,City of London Police,-0.077451,51.515523,On or near WHITE KENNETT STREET,E01000005,City of London 001E,Suspect charged
adc738e07f6d3dd934720eb8a5cc37440c03c782365c10c387c39055979f067a,2017-04,City of London Police,City of London Police,-0.080376,51.517244,On or near Supermarket,E01032739,City of London 001F,Suspect charged
ce91389b082e322782b2017dd5a81eb4c9a6b784e878c7a9fd4d490449903e7c,2017-04,City of London Police,City of London Police,-0.080376,51.517244,On or near Supermarket,E01032739,City of London 001F,Suspect charged
fdd3c20273cc54e74c327f6f4fd96c74972e4e4551b71c1699aa5fa7fa433b3e,2017-04,City of London Police,City of London Police,-0.093257,51.513920,On or near BOW LANE,E01032739,City of London 001F,Suspect charged
ab09fbb8ebbc6cafce315345352d912ecd6c8a3e14a62114b7ae18fe309a4889,2017-04,City of London Police,City of London Police,-0.086166,51.510828,On or near EASTCHEAP,E01032739,City of London 001F,Suspect charged
231fb167713fd1426810f656b91556c3424585634b1ccb3703d4d19fa3d87cac,2017-04,City of London Police,City of London Police,-0.085355,51.510563,On or near PUDDING LANE,E01032739,City of London 001F,Suspect charged
4b4eded2513ec4a28bd649098ae570be59937f547dc47542dd9a9d090adda6cc,2017-04,City of London Police,City of London Police,-0.085355,51.510563,On or near PUDDING LANE,E01032739,City of London 001F,Suspect charged
111c40fc3d801af91d1a49accab2eb938fae322a3d729e817a79ebdbb44b60de,2017-04,City of London Police,City of London Police,-0.079398,51.516508,On or near DEVONSHIRE SQUARE,E01032739,City of London 001F,Suspect charged
78e808a60618210e825498e89b59d2a888ddbca526cee06fad7c1bce996052a2,2017-04,City of London Police,City of London Police,-0.079786,51.517576,On or near Police Station,E01032739,City of London 001F,Suspect charged
1c4d3ee9fcc054e0455d63360b8a26a5210ab457fd244e487b99673e80083efd,2017-04,City of London Police,City of London Police,-0.082571,51.514753,On or near GREAT ST HELEN'S,E01032739,City of London 001F,Suspect charged
31086fe01e9b087734db6bf6c84e3b8e5c07fde927ce2a4c70f490686df873ad,2017-04,City of London Police,City of London Police,-0.085149,51.517196,On or near BLOMFIELD STREET,E01032739,City of London 001F,Suspect charged
9f402de41a77957ddd43b9ccf6f4f85b48928bc1c6e30086ecb21e1e558bb0f1,2017-04,City of London Police,City of London Police,-0.082571,51.514753,On or near GREAT ST HELEN'S,E01032739,City of London 001F,Suspect charged
a7845475f91495362cb7b01e28dd7b5aede5c86a5a5288c7d83ebc9bd4b1fe5d,2017-04,City of London Police,City of London Police,-0.090348,51.519358,On or near MOOR LANE,E01000002,City of London 001B,Unable to prosecute suspect
fd3b1affdead865f399bf91e6b37a11230ed0351cc27a9b539df8d69517b1f29,2017-04,City of London Police,City of London Police,-0.074793,51.511208,On or near Pedestrian Subway,E01000005,City of London 001E,Offender given a caution
9edd07f223c1a515dc592bc9bf27b6d881f7736a7a76a5bff8cbaee6b3909912,2017-04,City of London Police,City of London Police,-0.080318,51.520678,On or near PRIMROSE STREET,E01032739,City of London 001F,Investigation complete; no suspect identified
7bac4a87a3b6b5e55e5aa99b6b69b43469b8a45be6f728a01004957301ac8177,2017-04,City of London Police,City of London Police,-0.112519,51.517568,On or near SOUTHAMPTON BUILDINGS,E01032740,City of London 001G,Suspect charged
7a6b8727d4a0512372a4a1a02bdebb8d8437b53b750152d2bff66a33bfbd56f1,2017-04,City of London Police,City of London Police,-0.111181,51.516476,On or near CURSITOR STREET,E01032740,City of London 001G,Formal action is not in the public interest
e8dc4e5031017fe312170ea2a703910c23f8d34c7ab31bdfb80c6f9d91ad1dd8,2017-04,City of London Police,City of London Police,-0.075722,51.511053,On or near CRESCENT,E01000005,City of London 001E,Investigation complete; no suspect identified
4d408693d2d8b850812c8768eb6193a99b5cab11f29a04c445b9ce64b2925287,2017-04,City of London Police,City of London Police,-0.084566,51.517690,On or near BLOMFIELD STREET,E01032739,City of London 001F,Suspect charged
4d70f39c70469a8f394e2bd93a93f72a84484445d6a2b1e72bdfe63648d192c1,2017-04,City of London Police,City of London Police,,,No location,,,Suspect charged
f081a451c856604afc596163536c29fda06b193d766f31f169a47fe26a46c856,2017-04,City of London Police,City of London Police,-0.078856,51.518433,On or near ARTILLERY LANE,E01032739,City of London 001F,Offender given a caution
00adf795461b9ab8a8e807b2e7795f0f126c0f8845c0dbdb1a786126fd76a90a,2017-04,City of London Police,City of London Police,,,No location,,,Suspect charged
efe1f028f5ae0b417b28f1e06d5c8117ddbe3f17532c61d404ed7f2a73e6a704,2017-04,City of London Police,City of London Police,-0.090203,51.511118,On or near SCOTT'S YARD,E01032739,City of London 001F,Investigation complete; no suspect identified
bb667928264072713afa49b7b79139a0bd9a9d8f8021dc94b1024f4f6cdcc801,2017-04,City of London Police,City of London Police,-0.078127,51.512135,On or near LLOYD'S AVENUE,E01032739,City of London 001F,Offender given a drugs possession warning
28fc8c44c9b04ada46754f75fb38e89b70f12f3ab3c19b25d91068ff8a751064,2017-04,City of London Police,City of London Police,-0.104494,51.509848,On or near A201,E01032739,City of London 001F,Suspect charged
95bf061fcd87839d48be6b26d3d8dac71edaf64c08fe9ae5c7b84ea06e9a3d55,2017-04,City of London Police,City of London Police,-0.104494,51.509848,On or near A201,E01032739,City of London 001F,Suspect charged
bae16f6c392c7a9e422b1933359de8f084b23e7e9c397dcebf20a6feb9511d76,2017-04,City of London Police,City of London Police,-0.077029,51.510148,On or near TRINITY SQUARE,E01004293,Tower Hamlets 027B,Local resolution
4b3294c0ca98ccc9291879a2f60a132504714b1fbe93f14501d66aa64e20f224,2017-04,City of London Police,City of London Police,-0.088621,51.518619,On or near MOORFIELDS,E01000002,City of London 001B,Investigation complete; no suspect identified
c8560f6ed5e8aee03b3c87b1610479769c86420810d512aa9d287f8683ce5887,2017-04,City of London Police,City of London Police,-0.097562,51.518864,On or near Parking Area,E01000001,City of London 001A,Investigation complete; no suspect identified
de2c1d24fa22c9080735aa0fcd5b60c28fbc7f77f108a1be3e1b72f61f1710db,2017-04,City of London Police,City of London Police,-0.107147,51.517130,On or near ST ANDREW STREET,E01032740,City of London 001G,Investigation complete; no suspect identified
7555653d86bdb0bc2ccdfb809d066c53bb60f4083e88464ab38bb94e96a906e7,2017-04,City of London Police,City of London Police,-0.083645,51.512504,On or near LIME STREET PASSAGE,E01032739,City of London 001F,Investigation complete; no suspect identified
c1c3a7fb43569a69e31151d1edb8d563d60539d3e1e39eef3f774a1f6af2fa06,2017-04,City of London Police,City of London Police,-0.080376,51.517244,On or near Supermarket,E01032739,City of London 001F,Suspect charged
73e20c9e7fe7fa0ec533b270cd2df43b52d4c6b08c5a904b1244738e47a9dd8a,2017-04,City of London Police,City of London Police,-0.078856,51.518433,On or near ARTILLERY LANE,E01032739,City of London 001F,Investigation complete; no suspect identified
dbdc28db7934c3b5d10c2a000b702c13bd368ca541660081bc8de68292afeb6f,2017-04,City of London Police,City of London Police,-0.080376,51.517244,On or near Supermarket,E01032739,City of London 001F,Suspect charged
94eaa4e63f30c1272621ecd31cbb9fc82123f4afec65a73b18f75526e1c65df9,2017-04,City of London Police,City of London Police,-0.100179,51.514158,On or near Shopping Area,E01032739,City of London 001F,Investigation complete; no suspect identified
1e13344e6c1d1458950e9ed6c0beeda513f09e155613249a618c670c71dfc3e1,2017-04,City of London Police,City of London Police,,,No location,,,Investigation complete; no suspect identified
2e3e3c0751a8bba73604d972a5268e445afd2f8ff0b1a40aec2db1682e24a3b2,2017-04,City of London Police,City of London Police,-0.083755,51.514358,On or near THREADNEEDLE STREET,E01032739,City of London 001F,Investigation complete; no suspect identified
d09b957c1c47775a214ab265cdd796dd78c7047648755e7157f007c8d9823c33,2017-04,City of London Police,City of London Police,-0.080318,51.520678,On or near PRIMROSE STREET,E01032739,City of London 001F,Investigation complete; no suspect identified
8be33ae5c52194247f38da7930b97a2519add3b1971e915c1830b99d5eccdc95,2017-04,City of London Police,City of London Police,-0.077935,51.514281,On or near DUKE'S PLACE,E01032739,City of London 001F,Investigation complete; no suspect identified
e3b6e79b594cf3c4e03985cb7f157d74c467c404b7845a5f77556fbd37424713,2017-04,City of London Police,City of London Police,-0.087118,51.513199,On or near Nightclub,E01032739,City of London 001F,Investigation complete; no suspect identified
4ce952642ff6f61304f8fd8a9e5570f880daa007cdf8a98ae4831d086552f66b,2017-04,City of London Police,City of London Police,-0.104300,51.511761,On or near Pedestrian Subway,E01032740,City of London 001G,Investigation complete; no suspect identified
ae586994e02069486683b41fa9b56a3885df3a6b9506f2365a36b35d9e1fdc74,2017-04,City of London Police,City of London Police,-0.096643,51.512545,On or near DISTAFF LANE,E01032739,City of London 001F,Unable to prosecute suspect
5c6e755c217f76d7cbabd54a6a140f10296b925679defda60c95dcd3e830f222,2017-04,City of London Police,City of London Police,-0.092865,51.510182,On or near Parking Area,E01032739,City of London 001F,Offender given a caution
b1ab0b8a8559610d2d7e8a76b8b088d6f11ad53bcbd5681ffb0a8a4d2fd150d3,2017-04,City of London Police,City of London Police,-0.075146,51.513435,On or near Bus/Coach Station,E01000005,City of London 001E,Offender given a caution
3db95b1b93be6f3e81bee6e3e57911102c0286c3241990b81cb6cab6631f16f0,2017-04,City of London Police,City of London Police,-0.086278,51.509876,On or near FISH STREET HILL,E01032739,City of London 001F,Suspect charged
e1b52b9cb8dc54cd7911bbf30fe6c02f783a2c847e97fa762ab60f9236a4b581,2017-04,City of London Police,City of London Police,-0.085355,51.510563,On or near PUDDING LANE,E01032739,City of London 001F,Suspect charged
8c25b31a22085619538fe51e6673de027654db9500f18bacfb600f163ab10e22,2017-04,City of London Police,City of London Police,,,No location,,,Offender given conditional discharge
f6d78ad2eb97b7570f7bfa6249a781e5b2b2d84d5d44d359e74fbb58abb00cdd,2017-04,City of London Police,City of London Police,,,No location,,,Offender sent to prison
38fb9e43efff237920fc9f2c40233d4e1a1ec02dbca61ca8dea4e84bdeb008f9,2017-04,City of London Police,City of London Police,,,No location,,,Offender sent to prison
231fb167713fd1426810f656b91556c3424585634b1ccb3703d4d19fa3d87cac,2017-04,City of London Police,City of London Police,-0.085355,51.510563,On or near PUDDING LANE,E01032739,City of London 001F,Offender given suspended prison sentence
3558805a6b7cb5420fd0ad72fed55ed80b973f047c72cff5c558bcf3aad5245f,2017-04,City of London Police,City of London Police,,,No location,,,Offender fined
c1c3a7fb43569a69e31151d1edb8d563d60539d3e1e39eef3f774a1f6af2fa06,2017-04,City of London Police,City of London Police,-0.080376,51.517244,On or near Supermarket,E01032739,City of London 001F,Offender fined
32e41e63cbb585146da76a589c5a5e3d9667fa348a61f110e1b5046c1b1d7524,2017-04,City of London Police,City of London Police,-0.104621,51.512692,On or near Supermarket,E01032740,City of London 001G,Defendant found not guilty
831717f40ebfed1d8990e7f5fe64e909b0bd1d800c4441a99032b6bff1672553,2017-04,City of London Police,City of London Police,-0.085355,51.510563,On or near PUDDING LANE,E01032739,City of London 001F,Offender given community sentence
6249676b18d7abb0904f05e9cf8ec0594f41336dd8e0f8951db93a79ae4bbb66,2017-04,City of London Police,City of London Police,-0.103280,51.514109,On or near LUDGATE HILL,E01032740,City of London 001G,Offender fined
c09b460ccf574d3e8b78b2c644ce4df5d2baff04dae8dc3b4fbb7518d9509df4,2017-04,City of London Police,City of London Police,-0.084105,51.515281,On or near Conference/Exhibition Centre,E01032739,City of London 001F,Offender given suspended prison sentence
d757c49058945b8c22c8678f3716af68f158d286a64edd2aa9b514730ffd6a2d,2017-04,City of London Police,City of London Police,-0.096561,51.514513,On or near CHEAPSIDE,E01032739,City of London 001F,Offender given suspended prison sentence
dc3d2aae6176dd9636f6fc1f54b3991f22bdc15120b99b2279e4edc0152a94ca,2017-04,City of London Police,City of London Police,-0.080782,51.514804,On or near ST MARY AXE,E01032739,City of London 001F,Offender sent to prison
4f18e01a7a6d40677c28cd01ac659b9167a06e62c71b14081779f5cea545b42e,2017-04,City of London Police,City of London Police,-0.084566,51.517690,On or near BLOMFIELD STREET,E01032739,City of London 001F,Offender fined
46ebbc77007391097394c42ce6a4ba2e9b29e041f5688b00f056387413632902,2017-04,City of London Police,City of London Police,-0.083296,51.517058,On or near OLD BROAD STREET,E01032739,City of London 001F,Defendant found not guilty
ab0b4f368fe2f5aaccd6990326a0c7703b752e1078b09e18e6ba27de13493776,2017-04,City of London Police,City of London Police,-0.086764,51.510307,On or near FISH STREET HILL,E01032739,City of London 001F,Offender given community sentence
af02a97d65dbae61439b2c4004b1ca9ae96a8c32a64b3e8cb2dc3014ee9a7cc5,2017-04,City of London Police,City of London Police,-0.079287,51.511956,On or near FENCHURCH PLACE,E01032739,City of London 001F,Offender sent to prison
356f6e3b1e3585e37630f2c954e85b55b949d862a46472170b9ddba928e7df15,2017-04,City of London Police,City of London Police,-0.111497,51.518226,On or near Pedestrian Subway,E01000914,Camden 028B,Offender given community sentence
41f7573ac9935b524177e968eaeeb168dbd7cf7c90fc36cfcd80906a14765a02,2017-04,City of London Police,City of London Police,-0.093257,51.513920,On or near BOW LANE,E01032739,City of London 001F,Offender given community sentence
6249676b18d7abb0904f05e9cf8ec0594f41336dd8e0f8951db93a79ae4bbb66,2017-04,City of London Police,City of London Police,-0.103280,51.514109,On or near LUDGATE HILL,E01032740,City of London 001G,Defendant found not guilty
ab09fbb8ebbc6cafce315345352d912ecd6c8a3e14a62114b7ae18fe309a4889,2017-04,City of London Police,City of London Police,-0.086166,51.510828,On or near EASTCHEAP,E01032739,City of London 001F,Offender fined
1b4f512cde3f7c5cad998f2def660e81a8ac5d8372098feefcbb721beeb5879e,2017-04,City of London Police,City of London Police,-0.098062,51.517577,On or near MONTAGUE STREET,E01000001,City of London 001A,Offender given suspended prison sentence
8ad977d0c9afd7a790742886358cfa1b99bea8f0d592b06beed276169f682101,2017-04,City of London Police,City of London Police,-0.080728,51.511611,On or near Supermarket,E01032739,City of London 001F,Offender ordered to pay compensation
831cd6243de14900063138611bda3e8021dc8f008d7b67804f39d8040ee9bcf2,2017-04,City of London Police,City of London Police,-0.082965,51.516351,On or near WORMWOOD STREET,E01032739,City of London 001F,Offender fined
4d408693d2d8b850812c8768eb6193a99b5cab11f29a04c445b9ce64b2925287,2017-04,City of London Police,City of London Police,-0.084566,51.517690,On or near BLOMFIELD STREET,E01032739,City of London 001F,Offender given community sentence
0450a8a7e5cfe9426852e675c580e43597d2b2a889d0886696faec023ef001ed,2017-04,City of London Police,City of London Police,-0.080728,51.511611,On or near Supermarket,E01032739,City of London 001F,Offender sent to prison
a151af8d89e2bc42cde6f240994e5e81e9d1202218442dd53b2e00e1ed54ddc7,2017-04,City of London Police,City of London Police,-0.080376,51.517244,On or near Supermarket,E01032739,City of London 001F,Offender sent to prison
dbdc28db7934c3b5d10c2a000b702c13bd368ca541660081bc8de68292afeb6f,2017-04,City of London Police,City of London Police,-0.080376,51.517244,On or near Supermarket,E01032739,City of London 001F,Offender sent to prison
03895dab54c3140ae8f9879281f0b7e5252d4636c24517f946f526bc24fc5bfe,2017-04,City of London Police,City of London Police,-0.087670,51.516877,On or near COPTHALL AVENUE,E01032739,City of London 001F,Offender given community sentence
14e07afbca8950678f226969d5bd0624bb30f12d1341f50fc505a05d87010b4f,2017-04,City of London Police,City of London Police,-0.079786,51.517576,On or near Police Station,E01032739,City of London 001F,Court case unable to proceed
f7b3960d6f649c332bcdda7d76ea7ac4d4a76fa5863237c4daca7f86483fb46f,2017-04,City of London Police,City of London Police,-0.079786,51.517576,On or near Police Station,E01032739,City of London 001F,Offender given suspended prison sentence
0ec2faadfbdef189f7045f9403d8d84bdf6e648da00d14686e67ace33766cf43,2017-04,City of London Police,City of London Police,-0.080376,51.517244,On or near Supermarket,E01032739,City of London 001F,Offender fined
8bebe2040932769c71aede2d016a7fd57c4a293fdb5f94fb70c9b5edf1cedf06,2017-04,City of London Police,City of London Police,-0.079786,51.517576,On or near Police Station,E01032739,City of London 001F,Offender sent to prison
8c58d3b031227e150505765030ac64cfa37853cb40238a3c798ef8d048f88afa,2017-04,City of London Police,City of London Police,-0.082571,51.514753,On or near GREAT ST HELEN'S,E01032739,City of London 001F,Defendant found not guilty
8db399dd4fd6c413bb3b3bdcb34fc99340c69d0bf8952ee230283ab54d56e5ae,2017-04,City of London Police,City of London Police,-0.086624,51.511923,On or near CLEMENT'S LANE,E01032739,City of London 001F,Offender fined
3db95b1b93be6f3e81bee6e3e57911102c0286c3241990b81cb6cab6631f16f0,2017-04,City of London Police,City of London Police,-0.086278,51.509876,On or near FISH STREET HILL,E01032739,City of London 001F,Offender fined
525cff60721f77d4e9701a258710c0c9fe2ccdf97165258649e972d32502694f,2017-04,City of London Police,City of London Police,-0.103280,51.514109,On or near LUDGATE HILL,E01032740,City of London 001G,Offender fined
90c4dcc66a2d694247360b8e73d237c32737fe4854338ff0d739e74df545c9fb,2017-04,City of London Police,City of London Police,-0.086624,51.511923,On or near CLEMENT'S LANE,E01032739,City of London 001F,Offender fined
b0b39d76c8fa3c72da60a2bcb78f13df72dfc9f30812995a981aa5aa4d84ac36,2017-04,City of London Police,City of London Police,-0.080782,51.514804,On or near ST MARY AXE,E01032739,City of London 001F,Offender sent to prison
79a94f7efd164bb99af934d2a7b055e38cb09c02d0eff0fc9318a15b1b9ecb22,2017-04,City of London Police,City of London Police,-0.087153,51.518910,On or near SOUTH PLACE MEWS,E01032739,City of London 001F,Offender given suspended prison sentence
adc738e07f6d3dd934720eb8a5cc37440c03c782365c10c387c39055979f067a,2017-04,City of London Police,City of London Police,-0.080376,51.517244,On or near Supermarket,E01032739,City of London 001F,Offender given suspended prison sentence
148381e6087e69e096ce80d955f9661281f4b9ef9b8cf08265b8d5e4aae03938,2017-04,City of London Police,City of London Police,-0.077451,51.515523,On or near WHITE KENNETT STREET,E01000005,City of London 001E,Offender given suspended prison sentence
fe5e9217f04902869bed17b1e981cb3440d37737195c64b3f8e0a6356e840870,2017-04,City of London Police,City of London Police,-0.080376,51.517244,On or near Supermarket,E01032739,City of London 001F,Offender fined
7cc7d55970d321bc6698370961c65424e8ddceaebbcc1e8c6ee306fcae221fb1,2017-04,City of London Police,City of London Police,-0.086764,51.510307,On or near FISH STREET HILL,E01032739,City of London 001F,Offender given community sentence
d8be7edd0d99e5ba6ebfb3451f1ede2afe9def7631117af6689990a9200abc59,2017-04,City of London Police,City of London Police,-0.080782,51.514804,On or near ST MARY AXE,E01032739,City of London 001F,Offender sent to prison
6400596f1a0c0c695225a765d905cd74d49ade9f7226c8d4c1231bae2ccfc4f5,2017-04,City of London Police,City of London Police,-0.090203,51.511118,On or near SCOTT'S YARD,E01032739,City of London 001F,Offender sent to prison
fe85ce01620308a926ad0d0cbc4a95786d35464dcb09914fb5c914d04be5bcc5,2017-04,City of London Police,City of London Police,-0.096561,51.514513,On or near CHEAPSIDE,E01032739,City of London 001F,Offender given suspended prison sentence
b0792f2c3eaeb373301bfbff59469be10810dac546316a3b1870408e9450bc6e,2017-04,City of London Police,City of London Police,-0.096561,51.514513,On or near CHEAPSIDE,E01032739,City of London 001F,Offender sent to prison
7a2288f16ab0799aba39fb776d2db6a5b22bd38d0ca7b6aeaf94e3d49da39a66,2017-04,City of London Police,City of London Police,-0.082571,51.514753,On or near GREAT ST HELEN'S,E01032739,City of London 001F,Court case unable to proceed
cbf17e18dd4b2de4636175fe67c12831ffa11e7a48d271eedbc3b3ee61b9bd5d,2017-04,City of London Police,City of London Police,-0.083296,51.517058,On or near OLD BROAD STREET,E01032739,City of London 001F,Defendant found not guilty
98eb6ee6cd9b33204e0ba9f73a0f1cd7cbf7684f59c78c285efa5487364f2f62,2017-04,City of London Police,City of London Police,-0.073515,51.510414,On or near Parking Area,E01000005,City of London 001E,Offender given community sentence
8a066d2a87bed893a31311afc341fd6be27d16d82c0531728b35d5bc561e2338,2017-04,City of London Police,City of London Police,-0.093465,51.514463,On or near RUSSIA ROW,E01032739,City of London 001F,Offender given conditional discharge
701fbbf1a0f5a351550875e3bcb7254d4341cf5f6cab3414c2fef3b3e61099e6,2017-04,City of London Police,City of London Police,-0.080782,51.514804,On or near ST MARY AXE,E01032739,City of London 001F,Offender sent to prison
32e41e63cbb585146da76a589c5a5e3d9667fa348a61f110e1b5046c1b1d7524,2017-04,City of London Police,City of London Police,-0.104621,51.512692,On or near Supermarket,E01032740,City of London 001G,Offender fined
db76b1722eb8aa91e20a96128cb19877cfff0c7a7336985dee9c607b1c79b609,2017-04,City of London Police,City of London Police,-0.084723,51.514986,On or near Conference/Exhibition Centre,E01032739,City of London 001F,Offender given suspended prison sentence
8e21dfd05ca31b38b9136a65caf31a7cd115fe785b9c72ffd6a355bc19385a8f,2017-04,City of London Police,City of London Police,-0.084566,51.517690,On or near BLOMFIELD STREET,E01032739,City of London 001F,Offender given suspended prison sentence
217d6e76acc4a9c91d48d6ddb21cdbdd05f5edd0f080ca545174640f6c16c8c0,2017-04,City of London Police,City of London Police,-0.076853,51.511916,On or near Nightclub,E01032739,City of London 001F,Offender given suspended prison sentence
31086fe01e9b087734db6bf6c84e3b8e5c07fde927ce2a4c70f490686df873ad,2017-04,City of London Police,City of London Police,-0.085149,51.517196,On or near BLOMFIELD STREET,E01032739,City of London 001F,Offender given conditional discharge
d2aa0606d7138719eab120508b1c2f7d6f8949f608c1f351998fc3bea3eeb7f7,2017-04,City of London Police,City of London Police,,,No location,,,Offender given conditional discharge
7bac4a87a3b6b5e55e5aa99b6b69b43469b8a45be6f728a01004957301ac8177,2017-04,City of London Police,City of London Police,-0.112519,51.517568,On or near SOUTHAMPTON BUILDINGS,E01032740,City of London 001G,Offender sent to prison
517d47b01a62cbf8fbd1c82249ae4d17a7bd3b73efc5a2793a35b7ec618168b9,2017-04,City of London Police,City of London Police,-0.076853,51.511916,On or near Nightclub,E01032739,City of London 001F,Offender given suspended prison sentence
ce91389b082e322782b2017dd5a81eb4c9a6b784e878c7a9fd4d490449903e7c,2017-04,City of London Police,City of London Police,-0.080376,51.517244,On or near Supermarket,E01032739,City of London 001F,Offender given community sentence
2e4087919fe9ae4ac0861e610283737aa1a9748932532e3a50296499f99c5091,2017-04,City of London Police,City of London Police,-0.085355,51.510563,On or near PUDDING LANE,E01032739,City of London 001F,Offender sent to prison
fd938ee25814f8bf27ecc55b9957e3816277f1320941adc01ba556f7093e51b7,2017-04,City of London Police,City of London Police,-0.097601,51.520699,On or near CARTHUSIAN STREET,E01000001,City of London 001A,Offender given suspended prison sentence
6cfb7bdf3fa0fb0585c8c57e126976aff3cbc25f14f0c1fbb3251a4bfcf49a53,2017-04,City of London Police,City of London Police,-0.085669,51.515100,On or near AUSTIN FRIARS,E01032739,City of London 001F,Offender given suspended prison sentence
