Type,Date,Part of a policing operation,Policing operation,Latitude,Longitude,Gender,Age range,Self-defined ethnicity,Officer-defined ethnicity,Legislation,Object of search,Outcome,Outcome linked to object of search,Removal of more than just outer clothing
Person search,2017-06-01T02:57:00+00:00,,,51.510834,-0.093198,Male,18-24,White - Any other White background,White,Misuse of Drugs Act 1971 (section 23),Controlled drugs,Offender given drugs possession warning,False,False
Person search,2017-06-01T03:04:00+00:00,,,,,Male,18-24,White - Any other White background,White,Misuse of Drugs Act 1971 (section 23),Controlled drugs,Nothing found - no further action,False,False
Person search,2017-06-01T06:59:00+00:00,,,51.511200,-0.085257,Male,25-34,Black/African/Caribbean/Black British - African,Black,Police and Criminal Evidence Act 1984 (section 1),Article for use in theft,Nothing found - no further action,False,False
Person search,2017-06-01T07:05:00+00:00,,,,,Male,over 34,White - English/Welsh/Scottish/Northern Irish/British,White,Police and Criminal Evidence Act 1984 (section 1),Stolen goods,Nothing found - no further action,False,False
Person and Vehicle search,2017-06-02T03:08:00+00:00,,,,,Male,25-34,Other ethnic group - Not stated,Black,Misuse of Drugs Act 1971 (section 23),Controlled drugs,Nothing found - no further action,False,False
Person search,2017-06-02T11:55:00+00:00,,,51.569511,-0.397533,Male,over 34,White - English/Welsh/Scottish/Northern Irish/British,White,Police and Criminal Evidence Act 1984 (section 1),Evidence of offences under the Act,,True,False
Person search,2017-06-05T00:05:00+00:00,,,,,Male,over 34,White - English/Welsh/Scottish/Northern Irish/British,White,Police and Criminal Evidence Act 1984 (section 1),Article for use in theft,Nothing found - no further action,False,False
Person and Vehicle search,2017-06-05T00:40:00+00:00,,,,,Male,18-24,Asian/Asian British - Bangladeshi,Asian,Police and Criminal Evidence Act 1984 (section 1),Stolen goods,Nothing found - no further action,False,False
Person search,2017-06-05T00:42:00+00:00,,,51.511445,-0.076080,Male,25-34,Asian/Asian British - Bangladeshi,Asian,Police and Criminal Evidence Act 1984 (section 1),Article for use in theft,,False,False
Person search,2017-06-05T00:48:00+00:00,,,51.518799,-0.077601,Male,25-34,Asian/Asian British - Bangladeshi,Asian,Police and Criminal Evidence Act 1984 (section 1),Article for use in theft,,False,False
Person search,2017-06-05T05:02:00+00:00,,,,,Male,18-24,Asian/Asian British - Any other Asian background,Asian,Police and Criminal Evidence Act 1984 (section 1),Anything to threaten or harm anyone,Nothing found - no further action,False,False
Person search,2017-06-05T05:07:00+00:00,,,51.457791,-0.052384,Male,18-24,Other ethnic group - Not stated,Asian,Police and Criminal Evidence Act 1984 (section 1),Anything to threaten or harm anyone,Nothing found - no further action,False,False
Person and Vehicle search,2017-06-05T07:34:00+00:00,,,51.508158,-0.074129,Male,over 34,Other ethnic group - Not stated,Black,Misuse of Drugs Act 1971 (section 23),Controlled drugs,Offender given penalty notice,False,False
Person search,2017-06-05T10:10:00+00:00,,,51.518262,-0.088203,Male,25-34,Asian/Asian British - Pakistani,Asian,Misuse of Drugs Act 1971 (section 23),Controlled drugs,Nothing found - no further action,False,False
Person search,2017-06-06T04:13:00+00:00,,,,,Male,25-34,White - English/Welsh/Scottish/Northern Irish/British,White,Police and Criminal Evidence Act 1984 (section 1),Stolen goods,Local resolution,False,False
Person search,2017-06-06T10:10:00+00:00,,,51.569511,-0.397533,Male,25-34,Black/African/Caribbean/Black British - Caribbean,Black,Misuse of Drugs Act 1971 (section 23),Controlled drugs,,False,False
Person search,2017-06-07T08:14:00+00:00,,,,,Male,,Other ethnic group - Not stated,Black,Police and Criminal Evidence Act 1984 (section 1),Offensive weapons,Nothing found - no further action,False,False
Person search,2017-06-08T01:22:12+00:00,,,,,Male,25-34,White - Any other White background,White,Police and Criminal Evidence Act 1984 (section 1),,Nothing found - no further action,False,False
Person search,2017-06-08T11:00:00+00:00,,,51.517431,-0.082458,Male,25-34,White - English/Welsh/Scottish/Northern Irish/British,White,Police and Criminal Evidence Act 1984 (section 1),Article for use in theft,Nothing found - no further action,False,False
Person search,2017-06-09T07:11:00+00:00,,,,,Male,18-24,Other ethnic group - Not stated,Black,Misuse of Drugs Act 1971 (section 23),Controlled drugs,Nothing found - no further action,False,False
Person and Vehicle search,2017-06-09T11:08:00+00:00,,,,,Male,18-24,Asian/Asian British - Bangladeshi,Asian,Misuse of Drugs Act 1971 (section 23),Controlled drugs,Nothing found - no further action,False,False
Person search,2017-06-09T11:08:00+00:00,,,,,Male,18-24,Other ethnic group - Not stated,Asian,Misuse of Drugs Act 1971 (section 23),Controlled drugs,Nothing found - no further action,False,False
Person search,2017-06-09T11:08:00+00:00,,,,,Male,18-24,Asian/Asian British - Bangladeshi,Asian,Misuse of Drugs Act 1971 (section 23),Controlled drugs,Nothing found - no further action,False,False
Person search,2017-06-10T00:46:00+00:00,,,,,Male,18-24,Other ethnic group - Not stated,Black,Misuse of Drugs Act 1971 (section 23),Controlled drugs,Nothing found - no further action,False,False
Person search,2017-06-10T00:46:00+00:00,,,,,Male,18-24,Other ethnic group - Not stated,Black,Misuse of Drugs Act 1971 (section 23),Controlled drugs,Nothing found - no further action,False,False
Person search,2017-06-10T00:53:00+00:00,,,51.517032,-0.089451,Male,18-24,White - English/Welsh/Scottish/Northern Irish/British,White,Misuse of Drugs Act 1971 (section 23),Controlled drugs,Nothing found - no further action,False,False
Person search,2017-06-10T01:00:00+00:00,,,51.517032,-0.089451,Male,18-24,White - English/Welsh/Scottish/Northern Irish/British,White,Misuse of Drugs Act 1971 (section 23),Controlled drugs,Nothing found - no further action,False,False
Person search,2017-06-10T01:12:00+00:00,,,,,Male,,White - English/Welsh/Scottish/Northern Irish/British,White,Misuse of Drugs Act 1971 (section 23),Controlled drugs,Nothing found - no further action,False,False
Person search,2017-06-10T03:36:00+00:00,,,51.518823,-0.110608,Male,over 34,White - English/Welsh/Scottish/Northern Irish/British,White,Police and Criminal Evidence Act 1984 (section 1),Anything to threaten or harm anyone,Nothing found - no further action,False,False
Person search,2017-06-10T04:38:00+00:00,,,,,Male,18-24,Asian/Asian British - Indian,Asian,Police and Criminal Evidence Act 1984 (section 1),Anything to threaten or harm anyone,Nothing found - no further action,False,False
Person search,2017-06-10T07:58:00+00:00,,,,,Male,over 34,Asian/Asian British - Any other Asian background,Asian,Police and Criminal Evidence Act 1984 (section 1),Article for use in theft,,True,False
Person search,2017-06-10T10:01:00+00:00,,,,,Male,,Other ethnic group - Not stated,Black,Police and Criminal Evidence Act 1984 (section 1),Article for use in theft,Nothing found - no further action,False,False
Person and Vehicle search,2017-06-10T11:34:00+00:00,,,,,Male,18-24,Asian/Asian British - Bangladeshi,Asian,Misuse of Drugs Act 1971 (section 23),Controlled drugs,Nothing found - no further action,False,False
Person search,2017-06-10T11:35:00+00:00,,,,,Male,18-24,Asian/Asian British - Bangladeshi,Asian,Misuse of Drugs Act 1971 (section 23),Controlled drugs,Nothing found - no further action,False,False
Person search,2017-06-11T04:29:00+00:00,,,,,Male,25-34,Asian/Asian British - Bangladeshi,Asian,Police and Criminal Evidence Act 1984 (section 1),Stolen goods,Local resolution,False,False
Person and Vehicle search,2017-06-12T10:31:00+00:00,,,,,Male,over 34,Other ethnic group - Not stated,White,Police and Criminal Evidence Act 1984 (section 1),Evidence of offences under the Act,Nothing found - no further action,False,False
Person search,2017-06-12T10:31:00+00:00,,,51.508158,-0.074129,Male,25-34,Other ethnic group - Not stated,Asian,Police and Criminal Evidence Act 1984 (section 1),Article for use in theft,,False,False
Person search,2017-06-13T06:54:00+00:00,,,,,Male,over 34,Asian/Asian British - Bangladeshi,Asian,Misuse of Drugs Act 1971 (section 23),Controlled drugs,Nothing found - no further action,False,False
Person search,2017-06-14T00:47:00+00:00,,,51.504791,-0.479053,Male,18-24,Asian/Asian British - Bangladeshi,Asian,Misuse of Drugs Act 1971 (section 23),Controlled drugs,Nothing found - no further action,False,False
Person and Vehicle search,2017-06-14T04:01:00+00:00,,,,,Male,25-34,White - Any other White background,White,Police and Criminal Evidence Act 1984 (section 1),Offensive weapons,,True,False
Person search,2017-06-14T04:50:00+00:00,,,51.504791,-0.479053,Male,over 34,White - English/Welsh/Scottish/Northern Irish/British,White,Police and Criminal Evidence Act 1984 (section 1),Evidence of offences under the Act,Nothing found - no further action,False,False
Person search,2017-06-14T09:21:00+00:00,,,,,Male,25-34,White - Any other White background,White,Police and Criminal Evidence Act 1984 (section 1),Offensive weapons,Local resolution,False,False
Person search,2017-06-14T11:48:00+00:00,,,,,Male,over 34,White - Any other White background,White,Police and Criminal Evidence Act 1984 (section 1),Article for use in theft,Article found - Detailed outcome unavailable,False,False
Person search,2017-06-15T06:55:00+00:00,,,51.504791,-0.479053,Male,over 34,Black/African/Caribbean/Black British - Caribbean,Black,Police and Criminal Evidence Act 1984 (section 1),Article for use in theft,Nothing found - no further action,False,False
Person search,2017-06-15T08:41:00+00:00,,,,,Male,10-17,Asian/Asian British - Bangladeshi,Asian,Misuse of Drugs Act 1971 (section 23),Controlled drugs,,True,False
Person search,2017-06-15T08:45:00+00:00,,,,,Male,over 34,White - English/Welsh/Scottish/Northern Irish/British,White,Police and Criminal Evidence Act 1984 (section 1),Stolen goods,,False,False
Person search,2017-06-15T08:48:00+00:00,,,,,Male,10-17,Asian/Asian British - Bangladeshi,Asian,Police and Criminal Evidence Act 1984 (section 1),Articles for use in criminal damage,Nothing found - no further action,False,False
Person search,2017-06-15T08:48:00+00:00,,,,,Male,18-24,Asian/Asian British - Bangladeshi,Asian,Police and Criminal Evidence Act 1984 (section 1),Articles for use in criminal damage,Nothing found - no further action,False,False
Person search,2017-06-15T10:19:00+00:00,,,51.508158,-0.074129,Male,25-34,Asian/Asian British - Indian,Asian,Misuse of Drugs Act 1971 (section 23),Controlled drugs,Nothing found - no further action,False,False
Person and Vehicle search,2017-06-15T10:20:00+00:00,,,51.508158,-0.074129,Male,25-34,Asian/Asian British - Pakistani,Asian,Misuse of Drugs Act 1971 (section 23),Controlled drugs,Nothing found - no further action,False,False
Person search,2017-06-16T05:45:00+00:00,,,51.513683,-0.111974,Male,over 34,White - English/Welsh/Scottish/Northern Irish/British,White,Police and Criminal Evidence Act 1984 (section 1),Anything to threaten or harm anyone,Nothing found - no further action,False,False
Person search,2017-06-16T07:09:00+00:00,,,51.515739,-0.100632,Male,over 34,Other ethnic group - Not stated,White,Police and Criminal Evidence Act 1984 (section 1),Stolen goods,Local resolution,False,False
Person search,2017-06-16T10:34:00+00:00,,,,,Male,over 34,White - English/Welsh/Scottish/Northern Irish/British,White,Misuse of Drugs Act 1971 (section 23),Controlled drugs,Suspect summonsed to court,False,False
Person search,2017-06-17T03:26:00+00:00,,,51.504791,-0.479053,Male,25-34,Black/African/Caribbean/Black British - Caribbean,Black,Misuse of Drugs Act 1971 (section 23),Controlled drugs,,True,False
Person search,2017-06-17T11:12:00+00:00,,,51.514501,-0.089716,Male,25-34,Black/African/Caribbean/Black British - African,Black,Police and Criminal Evidence Act 1984 (section 1),Anything to threaten or harm anyone,Nothing found - no further action,False,False
Person search,2017-06-17T11:19:00+00:00,,,,,Male,18-24,White - Any other White background,White,Misuse of Drugs Act 1971 (section 23),Controlled drugs,,True,False
Person search,2017-06-18T09:21:00+00:00,,,,,Male,18-24,Asian/Asian British - Bangladeshi,Asian,Police and Criminal Evidence Act 1984 (section 1),Offensive weapons,Nothing found - no further action,False,False
Person search,2017-06-19T00:22:00+00:00,,,51.511775,-0.075389,Male,over 34,White - English/Welsh/Scottish/Northern Irish/British,White,Police and Criminal Evidence Act 1984 (section 1),Stolen goods,Local resolution,False,False
Person search,2017-06-19T01:00:00+00:00,,,,,Male,over 34,White - English/Welsh/Scottish/Northern Irish/British,White,Police and Criminal Evidence Act 1984 (section 1),Stolen goods,Local resolution,False,False
Person search,2017-06-19T01:53:00+00:00,,,,,Male,over 34,Asian/Asian British - Bangladeshi,Asian,Police and Criminal Evidence Act 1984 (section 1),Stolen goods,Nothing found - no further action,False,False
Person search,2017-06-19T02:00:00+00:00,,,51.517680,-0.078484,Female,over 34,White - English/Welsh/Scottish/Northern Irish/British,White,Police and Criminal Evidence Act 1984 (section 1),Stolen goods,Nothing found - no further action,False,False
Person search,2017-06-19T02:18:00+00:00,,,51.494983,-0.121188,Male,25-34,Other ethnic group - Not stated,Asian,Police and Criminal Evidence Act 1984 (section 1),Stolen goods,Nothing found - no further action,False,False
Person search,2017-06-19T02:22:00+00:00,,,51.494983,-0.121188,Male,18-24,Other ethnic group - Not stated,White,Police and Criminal Evidence Act 1984 (section 1),Article for use in theft,Article found - Detailed outcome unavailable,False,False
Person search,2017-06-19T10:16:00+00:00,,,51.508158,-0.074129,Male,25-34,White - Any other White background,White,Misuse of Drugs Act 1971 (section 23),Controlled drugs,,True,False
Person search,2017-06-20T10:35:00+00:00,,,,,Male,over 34,Other ethnic group - Not stated,White,Police and Criminal Evidence Act 1984 (section 1),Article for use in theft,Nothing found - no further action,False,False
Person search,2017-06-21T05:26:00+00:00,,,,,Male,18-24,White - English/Welsh/Scottish/Northern Irish/British,White,Police and Criminal Evidence Act 1984 (section 1),Stolen goods,Nothing found - no further action,False,False
Person search,2017-06-21T05:26:00+00:00,,,,,Female,18-24,White - English/Welsh/Scottish/Northern Irish/British,White,Police and Criminal Evidence Act 1984 (section 1),Stolen goods,Nothing found - no further action,False,False
Person and Vehicle search,2017-06-22T04:04:00+00:00,,,,,Male,25-34,Other ethnic group - Not stated,White,Misuse of Drugs Act 1971 (section 23),Controlled drugs,Offender given drugs possession warning,False,False
Vehicle search,2017-06-23T03:27:00+00:00,,,,,Other,,Other ethnic group - Not stated,Other,Misuse of Drugs Act 1971 (section 23),Controlled drugs,Suspect summonsed to court,False,False
Person search,2017-06-23T11:16:00+00:00,,,51.516767,-0.098572,Male,25-34,White - Any other White background,White,Police and Criminal Evidence Act 1984 (section 1),Article for use in theft,,True,False
Person search,2017-06-25T02:08:00+00:00,,,,,Male,10-17,Black/African/Caribbean/Black British - African,Black,Police and Criminal Evidence Act 1984 (section 1),Stolen goods,Article found - Detailed outcome unavailable,False,False
Person search,2017-06-25T02:10:00+00:00,,,51.511560,-0.090804,Male,25-34,Other ethnic group - Not stated,Black,Police and Criminal Evidence Act 1984 (section 1),Article for use in theft,,True,False
Person search,2017-06-25T02:37:00+00:00,,,,,Male,18-24,Other ethnic group - Not stated,Black,Police and Criminal Evidence Act 1984 (section 1),Stolen goods,Nothing found - no further action,False,False
Person search,2017-06-25T05:13:00+00:00,,,,,Male,10-17,Other ethnic group - Not stated,Black,Police and Criminal Evidence Act 1984 (section 1),Evidence of offences under the Act,Nothing found - no further action,False,False
Person search,2017-06-25T05:53:00+00:00,,,51.494983,-0.121188,Female,over 34,Asian/Asian British - Indian,Asian,Police and Criminal Evidence Act 1984 (section 1),Offensive weapons,Nothing found - no further action,False,False
Person search,2017-06-25T08:12:00+00:00,,,,,Male,25-34,Other ethnic group - Not stated,White,Police and Criminal Evidence Act 1984 (section 1),Anything to threaten or harm anyone,Nothing found - no further action,False,False
Person search,2017-06-26T00:02:00+00:00,,,,,Male,18-24,Black/African/Caribbean/Black British - Caribbean,Black,Police and Criminal Evidence Act 1984 (section 1),Offensive weapons,Nothing found - no further action,False,False
Person search,2017-06-26T00:02:00+00:00,,,52.478868,-1.910789,Male,18-24,Asian/Asian British - Indian,Asian,Police and Criminal Evidence Act 1984 (section 1),Offensive weapons,Nothing found - no further action,False,False
Person search,2017-06-26T00:13:00+00:00,,,51.517231,-0.079613,Male,over 34,White - English/Welsh/Scottish/Northern Irish/British,White,Misuse of Drugs Act 1971 (section 23),Article for use in theft,Nothing found - no further action,False,False
Person search,2017-06-26T00:14:00+00:00,,,52.478868,-1.910789,Male,over 34,Other ethnic group - Not stated,White,Police and Criminal Evidence Act 1984 (section 1),Offensive weapons,,True,False
Person search,2017-06-26T00:14:00+00:00,,,51.517231,-0.079613,Male,over 34,White - English/Welsh/Scottish/Northern Irish/British,White,Police and Criminal Evidence Act 1984 (section 1),Offensive weapons,,False,False
Person search,2017-06-26T00:14:00+00:00,,,51.494983,-0.121188,Male,over 34,White - English/Welsh/Scottish/Northern Irish/British,White,Aviation Security Act 1982 (section 27(1)),Crossbows,Suspect arrested,False,False
Person search,2017-06-26T00:18:00+00:00,,,51.494983,-0.121188,Male,over 34,Asian/Asian British - Indian,White,Aviation Security Act 1982 (section 27(1)),Anything to threaten or harm anyone,,True,False
Person search,2017-06-26T09:30:00+00:00,,,,,Male,25-34,White - English/Welsh/Scottish/Northern Irish/British,White,Police and Criminal Evidence Act 1984 (section 1),Articles for use in criminal damage,Nothing found - no further action,False,False
Person search,2017-06-26T09:43:00+00:00,,,,,Male,25-34,White - English/Welsh/Scottish/Northern Irish/British,White,Police and Criminal Evidence Act 1984 (section 1),Articles for use in criminal damage,Nothing found - no further action,False,False
Person search,2017-06-26T09:43:00+00:00,,,,,Male,25-34,White - English/Welsh/Scottish/Northern Irish/British,White,Misuse of Drugs Act 1971 (section 23),Controlled drugs,,False,False
Person search,2017-06-26T11:55:00+00:00,,,51.494983,-0.121188,Female,18-24,White - English/Welsh/Scottish/Northern Irish/British,White,Police and Criminal Evidence Act 1984 (section 1),Anything to threaten or harm anyone,Nothing found - no further action,False,False
Person search,2017-06-26T11:55:00+00:00,,,,,Male,18-24,Asian/Asian British - Bangladeshi,Asian,Police and Criminal Evidence Act 1984 (section 1),Anything to threaten or harm anyone,Nothing found - no further action,False,False
Person search,2017-06-26T11:55:00+00:00,,,,,Male,18-24,White - English/Welsh/Scottish/Northern Irish/British,White,Police and Criminal Evidence Act 1984 (section 1),Offensive weapons,Nothing found - no further action,False,False
Person search,2017-06-26T11:55:00+00:00,,,,,Male,18-24,White - English/Welsh/Scottish/Northern Irish/British,White,Police and Criminal Evidence Act 1984 (section 1),Offensive weapons,Nothing found - no further action,False,False
Person search,2017-06-26T11:55:00+00:00,,,,,Male,18-24,Asian/Asian British - Indian,Black,Police and Criminal Evidence Act 1984 (section 1),Anything to threaten or harm anyone,Nothing found - no further action,False,False
Person search,2017-06-26T11:55:00+00:00,,,51.517680,-0.078484,Male,18-24,White - English/Welsh/Scottish/Northern Irish/British,White,Police and Criminal Evidence Act 1984 (section 1),Anything to threaten or harm anyone,Nothing found - no further action,False,False
Person search,2017-06-26T11:56:00+00:00,,,51.517231,-0.079613,Male,18-24,White - Irish,White,Police and Criminal Evidence Act 1984 (section 1),Offensive weapons,Nothing found - no further action,False,False
Person search,2017-06-26T11:56:00+00:00,,,51.517231,-0.079613,Male,18-24,White - English/Welsh/Scottish/Northern Irish/British,White,Police and Criminal Evidence Act 1984 (section 1),Offensive weapons,Nothing found - no further action,False,False
Person search,2017-06-26T11:56:00+00:00,,,,,Male,18-24,Asian/Asian British - Any other Asian background,Asian,Police and Criminal Evidence Act 1984 (section 1),Offensive weapons,Nothing found - no further action,False,False
Person search,2017-06-26T11:58:00+00:00,,,51.494983,-0.121188,Male,over 34,Black/African/Caribbean/Black British - African,Black,Police and Criminal Evidence Act 1984 (section 1),Offensive weapons,Nothing found - no further action,False,False
Person search,2017-06-26T11:58:00+00:00,,,51.494983,-0.121188,Male,18-24,White - English/Welsh/Scottish/Northern Irish/British,White,Police and Criminal Evidence Act 1984 (section 1),Offensive weapons,Nothing found - no further action,False,False
Person search,2017-06-28T01:11:00+00:00,,,51.519615,-0.079080,Male,25-34,Asian/Asian British - Bangladeshi,Asian,Police and Criminal Evidence Act 1984 (section 1),Article for use in theft,Nothing found - no further action,False,False
Person search,2017-06-28T06:08:00+00:00,,,51.514158,-0.100179,Male,25-34,White - Any other White background,White,Police and Criminal Evidence Act 1984 (section 1),Anything to threaten or harm anyone,Nothing found - no further action,False,False
Person search,2017-06-29T00:34:00+00:00,,,,,Male,over 34,Other ethnic group - Not stated,Asian,Police and Criminal Evidence Act 1984 (section 1),Stolen goods,Nothing found - no further action,False,False
Person search,2017-06-29T01:40:00+00:00,,,,,Male,18-24,White - Any other White background,White,Police and Criminal Evidence Act 1984 (section 1),Article for use in theft,,False,False
Person search,2017-06-29T03:34:00+00:00,,,51.494983,-0.121188,Female,over 34,Other ethnic group - Not stated,White,Police and Criminal Evidence Act 1984 (section 1),Stolen goods,Nothing found - no further action,False,False
Person search,2017-06-29T03:34:00+00:00,,,51.494983,-0.121188,Female,over 34,Other ethnic group - Not stated,Black,Police and Criminal Evidence Act 1984 (section 1),Stolen goods,Nothing found - no further action,False,False
Person search,2017-06-29T10:31:00+00:00,,,52.479938,-1.911523,Male,18-24,White - English/Welsh/Scottish/Northern Irish/British,White,Misuse of Drugs Act 1971 (section 23),Controlled drugs,,True,False
Person and Vehicle search,2017-06-30T04:15:00+00:00,,,,,Male,25-34,White - Any other White background,White,Misuse of Drugs Act 1971 (section 23),Controlled drugs,,True,False
Person search,2017-06-30T07:04:00+00:00,,,51.511224,-0.074115,Male,25-34,Other ethnic group - Not stated,White,Misuse of Drugs Act 1971 (section 23),Controlled drugs,,True,False
Person and Vehicle search,2017-06-30T07:57:00+00:00,,,51.510307,-0.086764,Male,25-34,Other ethnic group - Not stated,Black,Misuse of Drugs Act 1971 (section 23),Controlled drugs,,True,False
Person search,2017-06-30T09:38:00+00:00,,,,,Male,25-34,White - English/Welsh/Scottish/Northern Irish/British,Other,Misuse of Drugs Act 1971 (section 23),Controlled drugs,,True,False
Person search,2017-06-30T09:39:00+00:00,,,,,Female,18-24,Other ethnic group - Not stated,Asian,Police and Criminal Evidence Act 1984 (section 1),Stolen goods,Nothing found - no further action,False,False
Person search,2017-06-30T09:39:00+00:00,,,,,Male,25-34,Other ethnic group - Not stated,Asian,Police and Criminal Evidence Act 1984 (section 1),Stolen goods,Nothing found - no further action,False,False
Person search,2017-06-30T09:53:00+00:00,,,,,Female,18-24,Other ethnic group - Not stated,Asian,Police and Criminal Evidence Act 1984 (section 1),Stolen goods,Nothing found - no further action,False,False
