Crime ID,Month,Reported by,Falls within,Longitude,Latitude,Location,LSOA code,LSOA name,Outcome type
5d961e5ef7339f9e931e39752f9f4ee0eba542781487ccfd3526ecf419fe76a2,2017-06,City of London Police,City of London Police,,,No location,,,Suspect charged
69a46558fdf79e75828daebf732e43b382984131b733b81aade08b895021298f,2017-06,City of London Police,City of London Police,,,No location,,,Offender given a caution
cb5bbfbb02e8176ffb95105c8b5d8749ec10b599986813ac2f332317fe301492,2017-06,City of London Police,City of London Police,,,No location,,,Local resolution
9490a70653813b1a401bda802d6a83ed423fbf5dcede118ac4304e2f9b759cf2,2017-06,City of London Police,City of London Police,-0.083417,51.513148,On or near WHITTINGTON AVENUE,E01032739,City of London 001F,Investigation complete; no suspect identified
3981adb5362ce1ecd706836061c657900c24b32d843cc714d9a6ed32e90515b9,2017-06,City of London Police,City of London Police,,,No location,,,Suspect charged
fa001a4ac0790e6523efe537e30a66127cd89c73816e415095979219ccded6cb,2017-06,City of London Police,City of London Police,-0.100884,51.516966,On or near Hospital,E01032740,City of London 001G,Investigation complete; no suspect identified
402d9d0ff730e5fa88537d9ef24b09bbf41bc87649484432987f2a128f90ea49,2017-06,City of London Police,City of London Police,-0.094582,51.517376,On or near Parking Area,E01000002,City of London 001B,Investigation complete; no suspect identified
c146fd84035a56ecfc8d8f7dabf8cd0f4803f5ed2f9373f0401ab6876bd2a935,2017-06,City of London Police,City of London Police,-0.094720,51.514420,On or near WOOD STREET,E01032739,City of London 001F,Investigation complete; no suspect identified
43ed2a9051aeb361c945d0cab94429b998b27bbc3740b8289e5d601bab2b75a1,2017-06,City of London Police,City of London Police,-0.088995,51.512088,On or near ST SWITHIN'S LANE,E01032739,City of London 001F,Investigation complete; no suspect identified
b69af0190548d24709bc1e0fc16bafb2713a6b22317c612b09750e2bd8c0ade2,2017-06,City of London Police,City of London Police,,,No location,,,Investigation complete; no suspect identified
8126ad80f3ae61761a6f5e1ccf959c3f3b751238aeece75e5308485be2bef155,2017-06,City of London Police,City of London Police,-0.080234,51.516855,On or near DEVONSHIRE ROW,E01032739,City of London 001F,Investigation complete; no suspect identified
be03502d5d0d2e40816c71d1a84047d1c9c6299b2127a9d9a02a695a19cb6820,2017-06,City of London Police,City of London Police,-0.083242,51.512165,On or near LIME STREET,E01032739,City of London 001F,Investigation complete; no suspect identified
b509ac7b00532807521013cc5aa292e9bc5124da99122b7d48df1b14cc47ea60,2017-06,City of London Police,City of London Police,-0.095960,51.517534,On or near LONDON WALL,E01000001,City of London 001A,Investigation complete; no suspect identified
4acf4f6f0694df52d19d832be1fee896fc7c252eee3722265e4c845720f2b0e4,2017-06,City of London Police,City of London Police,-0.098777,51.512526,On or near KNIGHTRIDER STREET,E01032739,City of London 001F,Unable to prosecute suspect
30e6c560c08c4be94276cf90a423b39fed938a07d587d95c773ad8694218a916,2017-06,City of London Police,City of London Police,-0.080665,51.509344,On or near Pedestrian Subway,E01032739,City of London 001F,Investigation complete; no suspect identified
feb2eb0d4f93b8dc2f6f3617c31fc3d008cd8fc2ced8e6a186722035eadedd47,2017-06,City of London Police,City of London Police,-0.100179,51.514158,On or near Shopping Area,E01032739,City of London 001F,Investigation complete; no suspect identified
307b5c87f658cf37f9579c3a40cf97ed1e5235200752f583c18e8e427bc235bb,2017-06,City of London Police,City of London Police,-0.112939,51.518231,On or near SOUTHAMPTON BUILDINGS,E01032740,City of London 001G,Unable to prosecute suspect
d7c836179dab6f7c56942d505ba5f9c793f95c408b83e965040502b8249bae00,2017-06,City of London Police,City of London Police,-0.084566,51.517690,On or near BLOMFIELD STREET,E01032739,City of London 001F,Investigation complete; no suspect identified
dff16134acadabb1a0d488bd7a554de307144fd22f4e21b8fde8ecfc3116a899,2017-06,City of London Police,City of London Police,-0.085669,51.515100,On or near AUSTIN FRIARS,E01032739,City of London 001F,Investigation complete; no suspect identified
e0a01a87c0743511728c57c6d6c6a7f0b932a85ddacb6440ff98b3ab620345d8,2017-06,City of London Police,City of London Police,-0.084566,51.517690,On or near BLOMFIELD STREET,E01032739,City of London 001F,Investigation complete; no suspect identified
e116a7517d329f3aca21f51b7c22c507a0c273f746200f453f0a03cb93d0b31b,2017-06,City of London Police,City of London Police,-0.095400,51.515753,On or near Conference/Exhibition Centre,E01000002,City of London 001B,Unable to prosecute suspect
21974e8899fb34e91374a31d559d9c0d2a3d5afcdbea7eea0518ee5ec7028b52,2017-06,City of London Police,City of London Police,-0.102721,51.515404,On or near ST GEORGES'S COURT,E01032740,City of London 001G,Investigation complete; no suspect identified
7021eb5d6444cfcb2130739f129bd22c73802740198ef9312266b094d5e358ff,2017-06,City of London Police,City of London Police,-0.082748,51.512597,On or near LEADENHALL PLACE,E01032739,City of London 001F,Investigation complete; no suspect identified
c74b6f573c0f816e448f2e2fde3a077a9c86ffe2f44ce1194da18372da95fe01,2017-06,City of London Police,City of London Police,-0.084566,51.517690,On or near BLOMFIELD STREET,E01032739,City of London 001F,Investigation complete; no suspect identified
ed0cec8207de0e7d480aedc25bf33a698f02a4a2fcbf529a62d1d0873eae2067,2017-06,City of London Police,City of London Police,-0.096363,51.513377,On or near NEW CHANGE,E01032739,City of London 001F,Investigation complete; no suspect identified
aa9b52598ff03fe603ccc8834b873e61775e6d1ef7d93bb23dd93338cffddc69,2017-06,City of London Police,City of London Police,-0.094758,51.512829,On or near Nightclub,E01032739,City of London 001F,Investigation complete; no suspect identified
58de6a7683f60db4288caebd4157f0c99e147fd239435129558264ddd6b684bc,2017-06,City of London Police,City of London Police,-0.089451,51.517032,On or near Bus/Coach Station,E01032739,City of London 001F,Investigation complete; no suspect identified
af013ca0dbd3586723c174be8cecde6838793642ab90d91f27548dd1ec1e8d65,2017-06,City of London Police,City of London Police,-0.084566,51.517690,On or near BLOMFIELD STREET,E01032739,City of London 001F,Investigation complete; no suspect identified
98eec13d0e5cb50a4c6371e089b6de854e717e39f5a5d335b3e529c9353f8da0,2017-06,City of London Police,City of London Police,-0.084566,51.517690,On or near BLOMFIELD STREET,E01032739,City of London 001F,Investigation complete; no suspect identified
cbc31444c2ae684e5f6293221b49a60be7fd77714e40dcaec1eddf91ea92212d,2017-06,City of London Police,City of London Police,-0.086278,51.509876,On or near FISH STREET HILL,E01032739,City of London 001F,Unable to prosecute suspect
4aeda8478ad063fd504fd1392c00d1ec69b2d77930a5d910f4d32cded87d457a,2017-06,City of London Police,City of London Police,-0.102411,51.512117,On or near QUEEN VICTORIA STREET,E01032739,City of London 001F,Investigation complete; no suspect identified
1560347e3b536ed72f283695eb6931aa6923ddd117c2a39cc88ab4bf64f68078,2017-06,City of London Police,City of London Police,-0.102411,51.512117,On or near QUEEN VICTORIA STREET,E01032739,City of London 001F,Investigation complete; no suspect identified
02b3a5782a33dc4d7d421a3e7065654e52e833ad987f1ca914113cd698e00318,2017-06,City of London Police,City of London Police,-0.088995,51.512088,On or near ST SWITHIN'S LANE,E01032739,City of London 001F,Investigation complete; no suspect identified
e2303cc2e808257628fee1900209dfd110816c2eb1f2d1417f8a399165f4eadc,2017-06,City of London Police,City of London Police,-0.078924,51.508587,On or near PETTY WALES,E01032739,City of London 001F,Investigation complete; no suspect identified
e5c273982610589d21ae2ac508b2146df51db7d4476f2f6bd4e8090d2295834d,2017-06,City of London Police,City of London Police,-0.109155,51.516668,On or near FETTER LANE,E01032740,City of London 001G,Investigation complete; no suspect identified
3976bcd32b73e267a6d40f085aed103e7c2bb544d5e9c4250ab5c9d647e9b4f7,2017-06,City of London Police,City of London Police,-0.109155,51.516668,On or near FETTER LANE,E01032740,City of London 001G,Investigation complete; no suspect identified
4173d260e5f17c7b08450bc4fec1716fa1364fbe7e603c782022e5d56a255b9c,2017-06,City of London Police,City of London Police,-0.084701,51.509320,On or near LOWER THAMES STREET,E01032739,City of London 001F,Unable to prosecute suspect
709b0e810cb5ecceafca663e4172f2deaa465869172480b8119a8aa347649126,2017-06,City of London Police,City of London Police,-0.113767,51.517372,On or near STONE BUILDINGS,E01000914,Camden 028B,Investigation complete; no suspect identified
2c4080887b4f8c67e0ca00dc163dd54c644aca1c858bc58afedcd3e9dea870c6,2017-06,City of London Police,City of London Police,,,No location,,,Investigation complete; no suspect identified
07ee45196045785f150cc1cbde027fe3b621d3f5a5c156d0a7fb8230149576b4,2017-06,City of London Police,City of London Police,-0.102930,51.518375,On or near WEST SMITHFIELD,E01032740,City of London 001G,Investigation complete; no suspect identified
70e4f09def987ff49dd392ad480cef2379e3cd82ef42ae7dd5941d89a707753f,2017-06,City of London Police,City of London Police,-0.097562,51.518864,On or near Parking Area,E01000001,City of London 001A,Investigation complete; no suspect identified
20d5324c92d80c848ba868b643d5b6cbd6f245841741d6a4ecded35efc83deb1,2017-06,City of London Police,City of London Police,-0.091494,51.510924,On or near COLLEGE STREET,E01032739,City of London 001F,Investigation complete; no suspect identified
0d0dff125381c51f9a1c1ee7fbb6f9b20de389bdfa2a20f24214b76fbf6215af,2017-06,City of London Police,City of London Police,-0.082913,51.513463,On or near LEADENHALL STREET,E01032739,City of London 001F,Investigation complete; no suspect identified
f68e927d59c23cd114a583a3ff28fa7b35c3ddf4b4001f17dd3b00b252b142c2,2017-06,City of London Police,City of London Police,-0.088995,51.512088,On or near ST SWITHIN'S LANE,E01032739,City of London 001F,Investigation complete; no suspect identified
c00108acee075f487e6bafe3aefb86caaa01d43084a53aa33ba2719985147ed9,2017-06,City of London Police,City of London Police,-0.085669,51.515100,On or near AUSTIN FRIARS,E01032739,City of London 001F,Investigation complete; no suspect identified
97818f633872beb5ee9b4e48ba0238c981c38ceaf3ab174569b372b583896124,2017-06,City of London Police,City of London Police,-0.076044,51.512650,On or near INDIA STREET,E01000005,City of London 001E,Investigation complete; no suspect identified
105fe44ad72f0978bc5b34eb1921e182b8c3e8e86bca8f1120263b19fd91f4f6,2017-06,City of London Police,City of London Police,,,No location,,,Investigation complete; no suspect identified
b81cc061ab0be43bb97af82c85bc5954c2a8a4fa7886e1671b93ebf8708d5266,2017-06,City of London Police,City of London Police,-0.083506,51.509993,On or near ST MARY AT HILL,E01032739,City of London 001F,Unable to prosecute suspect
60b31c1e6f962af05f592344e4b0a42d081f3a924ed3b85f7d710bebb2310017,2017-06,City of London Police,City of London Police,-0.084251,51.520059,On or near SUN STREET,E01032739,City of London 001F,Investigation complete; no suspect identified
8a1f3bee304aec32738080a70264dd543aa6af85f310c6287e813e1fb17a85b2,2017-06,City of London Police,City of London Police,-0.082458,51.517431,On or near LIVERPOOL STREET,E01032739,City of London 001F,Investigation complete; no suspect identified
47ae643f057de3754081e0461ab7e665e4a695f9bebf1488bde08204e313bbe4,2017-06,City of London Police,City of London Police,-0.081832,51.514507,On or near UNDERSHAFT,E01032739,City of London 001F,Investigation complete; no suspect identified
263aedc126dbefe0c965a069e29ee542a6bf5916a6a3739b555b369042ce9ee1,2017-06,City of London Police,City of London Police,-0.092040,51.515087,On or near GRESHAM STREET,E01032739,City of London 001F,Investigation complete; no suspect identified
119617eac04ba934acef2d57423e4b2d0bec5b0a3d34533eb186b092c8494a9f,2017-06,City of London Police,City of London Police,-0.091151,51.516026,On or near BASINGHALL STREET,E01032739,City of London 001F,Investigation complete; no suspect identified
36794fd908a6f4c5247d13715de84c17ec349c0a28d05084542b788964af7351,2017-06,City of London Police,City of London Police,,,No location,,,Investigation complete; no suspect identified
b725ccb456473352c82ef50ffbd7008cd7ee8f8b02a9eddb7fd4df14dee0299d,2017-06,City of London Police,City of London Police,-0.078856,51.518433,On or near ARTILLERY LANE,E01032739,City of London 001F,Investigation complete; no suspect identified
dcc2bbf1ba8ac9834a8e626e4c4c242969fc04046562d6864443cbf63fe6a9c3,2017-06,City of London Police,City of London Police,-0.078250,51.515033,On or near HOUNDSDITCH,E01000005,City of London 001E,Investigation complete; no suspect identified
9b731a2f7f7da6d60d13c8b19b5c57617f6bcb37bdc19e0ad7c2416c9e95496e,2017-06,City of London Police,City of London Police,-0.086624,51.511923,On or near CLEMENT'S LANE,E01032739,City of London 001F,Unable to prosecute suspect
6c61a8e7ba7e1462e48aa2b0c21a0af033ea9a024e76af95b252ddce5eb0323e,2017-06,City of London Police,City of London Police,-0.109709,51.517909,On or near HIGH HOLBORN,E01032740,City of London 001G,Investigation complete; no suspect identified
67881e902e898ec79c9ebf270a87f206f4fc14ef9efd9c27317c52d17f76f79f,2017-06,City of London Police,City of London Police,-0.100179,51.514158,On or near Shopping Area,E01032739,City of London 001F,Formal action is not in the public interest
c58080a55bd545b699e7e83ef0659c0f1925d4ba57b69df0b14e2768e1de7856,2017-06,City of London Police,City of London Police,-0.081938,51.513007,On or near LIME STREET,E01032739,City of London 001F,Investigation complete; no suspect identified
1571c784b5118e80098a60b500af51be51155307337469499241943f91526bb5,2017-06,City of London Police,City of London Police,-0.088843,51.509532,On or near Parking Area,E01032739,City of London 001F,Investigation complete; no suspect identified
1e453ea89fbc8f7d04949d1a611e6b3b6349f6cf4f60856c7ac8ee1d2550a99b,2017-06,City of London Police,City of London Police,-0.080146,51.514848,On or near BURY COURT,E01032739,City of London 001F,Investigation complete; no suspect identified
13f40a86985d5e668b30c00f0e79db2278229b8ab48a8dd6f69fd20a25f8ffe1,2017-06,City of London Police,City of London Police,-0.089596,51.518743,On or near NEW UNION STREET,E01000002,City of London 001B,Investigation complete; no suspect identified
474711d578cf02f820ed02c118544a5cef21b3a8eb60813e67db85defebc143a,2017-06,City of London Police,City of London Police,-0.098148,51.517938,On or near ALBION WAY,E01032740,City of London 001G,Investigation complete; no suspect identified
7ae0ce1f762f81f532b5ce72ed66b696cf94d27c95ccf197c27b975755d153ce,2017-06,City of London Police,City of London Police,-0.079080,51.519615,On or near BISHOPSGATE,E01004307,Tower Hamlets 015B,Investigation complete; no suspect identified
351c5fa1ee3f3f5558cdab06e248c1e019bd3d5cbd09d2b99b1e3e272e963a72,2017-06,City of London Police,City of London Police,-0.083386,51.509757,On or near ST DUNSTAN'S LANE,E01032739,City of London 001F,Investigation complete; no suspect identified
1ca52942ced1fea2336855b640d562c7f09b5960a5a86ec39edbbda21ed9f3f1,2017-06,City of London Police,City of London Police,-0.090348,51.519358,On or near MOOR LANE,E01000002,City of London 001B,Investigation complete; no suspect identified
e95a683bee4e217e184f220ab77195cce2d5fa0d5bd42a32567496ee2db5f24a,2017-06,City of London Police,City of London Police,-0.079283,51.511021,On or near SEETHING LANE,E01032739,City of London 001F,Investigation complete; no suspect identified
b430ae05160da0991c269ea7e01f5a60b3ecdd77bc8713b1fd8eac133ad73e6b,2017-06,City of London Police,City of London Police,-0.080376,51.517244,On or near Supermarket,E01032739,City of London 001F,Unable to prosecute suspect
dac410603cd29e42f62f32c5b73d0794ea5e301c8b0f44104adf8a2616c54b6d,2017-06,City of London Police,City of London Police,-0.106282,51.511910,On or near JOHN CARPENTER STREET,E01032740,City of London 001G,Investigation complete; no suspect identified
5de5647bc3d8e016a409dcd77f1fcd8ef7f523e0d6ec5446d3e9cdfa13cf6083,2017-06,City of London Police,City of London Police,-0.080376,51.517244,On or near Supermarket,E01032739,City of London 001F,Unable to prosecute suspect
9cac84067028fd2023fe253407a7ee66e70d476b2b5f10040f71c45a80f779e0,2017-06,City of London Police,City of London Police,-0.100884,51.516966,On or near Hospital,E01032740,City of London 001G,Investigation complete; no suspect identified
631245996f8d13cd968909be228efdbe70e486b5b212a0df0c51ca3b82918847,2017-06,City of London Police,City of London Police,-0.077578,51.510795,On or near PEPYS STREET,E01032739,City of London 001F,Investigation complete; no suspect identified
f5d678cb03db60ad842e6528b5cd7fd4d464440e5ad6f3fa3fd008c0c4614389,2017-06,City of London Police,City of London Police,-0.109709,51.517909,On or near HIGH HOLBORN,E01032740,City of London 001G,Investigation complete; no suspect identified
9c1b4d9dde53df1372420b48ed73b8d8f9b996e7c6cbb041e339368c844c8643,2017-06,City of London Police,City of London Police,-0.094468,51.521853,On or near GOLDEN LANE,E01000003,City of London 001C,Investigation complete; no suspect identified
aa574f7d2a2993471571c98090e7c80ca2d4e75dc77862400fec0c8e14f8387c,2017-06,City of London Police,City of London Police,-0.073065,51.511180,On or near GOODMAN'S YARD,E01000005,City of London 001E,Investigation complete; no suspect identified
447c9ef860d5ea6e6aa0eada707e6e25d7d6215083cfa2dc0a5347e6c08f4d0f,2017-06,City of London Police,City of London Police,-0.096900,51.510868,On or near BROKEN WHARF,E01032739,City of London 001F,Investigation complete; no suspect identified
103b535bd4f10200cdf4eaeedefb633d9fce9d644741e6e0f13e17703e76e684,2017-06,City of London Police,City of London Police,-0.079786,51.517576,On or near Police Station,E01032739,City of London 001F,Investigation complete; no suspect identified
5196dd372d887a486cf8e57b790e1df696c3cd8b329a599646e841a534df1631,2017-06,City of London Police,City of London Police,,,No location,,,Unable to prosecute suspect
938ae0f8348a1c9f19e37a7099c4bb79b6be44fab31bb0a186708165687fcad5,2017-06,City of London Police,City of London Police,-0.097562,51.518864,On or near Parking Area,E01000001,City of London 001A,Investigation complete; no suspect identified
8ec7916d5162941a8e1d1e4078726b21524e13b7567a909e9a4508b4b96a22cd,2017-06,City of London Police,City of London Police,-0.108965,51.516386,On or near PLOUGH PLACE,E01032740,City of London 001G,Investigation complete; no suspect identified
1d2eba502a62f68ac7aca97658eab6a463fb9511c3adc4b6c961a0d5ea37e5db,2017-06,City of London Police,City of London Police,-0.088203,51.518262,On or near MOORGATE,E01032739,City of London 001F,Investigation complete; no suspect identified
1de2a62fdfa481df0fb998ff310ecc6a2599eface9cc27fcc048f6b5b8400a37,2017-06,City of London Police,City of London Police,-0.078856,51.518433,On or near ARTILLERY LANE,E01032739,City of London 001F,Investigation complete; no suspect identified
dc2a225678b6f9eca9b92761a8718fadb646e9484bdbe38ff9931ed4619ead2a,2017-06,City of London Police,City of London Police,-0.087118,51.513199,On or near Nightclub,E01032739,City of London 001F,Unable to prosecute suspect
2b53274223dfd9ec5ec37d9467d1cabdae7caa1636fd3d8b97245ec4e604915f,2017-06,City of London Police,City of London Police,-0.081832,51.514507,On or near UNDERSHAFT,E01032739,City of London 001F,Investigation complete; no suspect identified
447aa24e72d1dbe9386760379235684853a3eec05cbf39c9d64c3dc6eca9b03a,2017-06,City of London Police,City of London Police,-0.088843,51.509532,On or near Parking Area,E01032739,City of London 001F,Investigation complete; no suspect identified
50d4c2dc0d71ed6210484e1eaec1ee2a3aebfcd2e8ba61c5fb164579057179e8,2017-06,City of London Police,City of London Police,-0.095436,51.514890,On or near GUTTER LANE,E01032739,City of London 001F,Investigation complete; no suspect identified
1955aa72ee87273d5e76817ca9175b107aaa6d34e9642c21194862b2060bfee2,2017-06,City of London Police,City of London Police,-0.096814,51.512952,On or near ST PAUL'S CHURCH YARD,E01032739,City of London 001F,Investigation complete; no suspect identified
4b2f5cc7be3fe3e3746c003b9d90a7875a7984bb5ef1ce7f0575b40cb10d8d33,2017-06,City of London Police,City of London Police,-0.079011,51.509614,On or near Pedestrian Subway,E01032739,City of London 001F,Investigation complete; no suspect identified
5eaf6709dc02e55c5f75d5db5b7210f7243bf689dbd5f6778dd0b0f6336741e3,2017-06,City of London Police,City of London Police,-0.098148,51.517938,On or near ALBION WAY,E01032740,City of London 001G,Investigation complete; no suspect identified
6f071afa41f90055345fdc940b891572adb72b893fb8a880c15f256093cc6893,2017-06,City of London Police,City of London Police,-0.089838,51.516067,On or near COLEMAN STREET,E01032739,City of London 001F,Unable to prosecute suspect
8bcfcdd603579b9f95ac3ba93301af894d1cd542ed80e5b87b53c692b48610b1,2017-06,City of London Police,City of London Police,-0.097277,51.515307,On or near ST MARTIN'S LE GRAND,E01000001,City of London 001A,Investigation complete; no suspect identified
d913f161151a6b64578348a5cb46abec544512618a120efacfb7baecbcfb6129,2017-06,City of London Police,City of London Police,-0.081938,51.513007,On or near LIME STREET,E01032739,City of London 001F,Investigation complete; no suspect identified
b2dc389c5fac2d7bd56075fb650f280dad8a5999dea07961ba3a065db822dd83,2017-06,City of London Police,City of London Police,-0.092865,51.510182,On or near Parking Area,E01032739,City of London 001F,Investigation complete; no suspect identified
67876e11f0dd796bfab7cc726a3d5ee5426647f05e6f443e5a8233b0b05d2d96,2017-06,City of London Police,City of London Police,,,No location,,,Unable to prosecute suspect
48e026b8e55715f963fc68ee18091ba3c240fcb4fb46be7da095b36266329c20,2017-06,City of London Police,City of London Police,-0.078488,51.517923,On or near MIDDLESEX STREET,E01032739,City of London 001F,Investigation complete; no suspect identified
36507f78a1d755968666fb3d303a346a87cbad78172818e46d9943b224fbd69c,2017-06,City of London Police,City of London Police,-0.086166,51.510828,On or near EASTCHEAP,E01032739,City of London 001F,Investigation complete; no suspect identified
a3d6c3b14142854597806732b59ce297b7788bb8aa253236548cf32b5e71b351,2017-06,City of London Police,City of London Police,-0.084105,51.515281,On or near Conference/Exhibition Centre,E01032739,City of London 001F,Investigation complete; no suspect identified
0edcdacce5954eb99b07260057bce12da9aaced722a3906aa6ae5357f521714d,2017-06,City of London Police,City of London Police,-0.089364,51.515331,On or near KING'S ARMS YARD,E01032739,City of London 001F,Unable to prosecute suspect
fb4babb6dfdc6d8bdc87663dc5d26dfff121647ad20d713496e6c0b3b1c3b733,2017-06,City of London Police,City of London Police,-0.086272,51.513114,On or near BIRCHIN LANE,E01032739,City of London 001F,Unable to prosecute suspect
d6736998370a03c6b2a4ccfdc65dbef580afca5493f95a4f6e47b86f46b9027f,2017-06,City of London Police,City of London Police,-0.087118,51.513199,On or near Nightclub,E01032739,City of London 001F,Investigation complete; no suspect identified
353309f570b298a0d65f1cfb31dc16e1705ceb0cf0224097e7b807fd7e3f5748,2017-06,City of London Police,City of London Police,-0.086272,51.513114,On or near BIRCHIN LANE,E01032739,City of London 001F,Investigation complete; no suspect identified
f519fb21bc7bf50c9b01a1f130759e0d7002af5eaba0dea25694dfd3328d0787,2017-06,City of London Police,City of London Police,-0.101073,51.513453,On or near CREED LANE,E01032739,City of London 001F,Investigation complete; no suspect identified
df65ffc90b14b7549aaf20b5cc880164d743cf701a7c691d21b9f1ba68940ef2,2017-06,City of London Police,City of London Police,-0.092267,51.511745,On or near CLOAK LANE,E01032739,City of London 001F,Investigation complete; no suspect identified
b577691a05fc5a8c82c5506b75a52bd0c014db4a8e0536adce16459773d65c07,2017-06,City of London Police,City of London Police,-0.079875,51.510995,On or near HART STREET,E01032739,City of London 001F,Investigation complete; no suspect identified
40aec89146d7334492be77172152f8e303873eae64b7957d32ae855d6038b928,2017-06,City of London Police,City of London Police,-0.104001,51.513051,On or near APOTHECARY STREET,E01032739,City of London 001F,Investigation complete; no suspect identified
d43b35529b27682c7ea4d9384ddfb2ee6f1a861f7c57c3e832f1a7dfbdcab70e,2017-06,City of London Police,City of London Police,-0.082965,51.516351,On or near WORMWOOD STREET,E01032739,City of London 001F,Investigation complete; no suspect identified
e11743e3197b2b1f1ca15415b61c7eb10d4c7385cec2af50d4411178eca45f10,2017-06,City of London Police,City of London Police,-0.083086,51.511407,On or near ROOD LANE,E01032739,City of London 001F,Investigation complete; no suspect identified
e77e2e16b4fc3e93464d5bd703faa7197a0f46ae9ab2a7eaa089aa1101b94be9,2017-06,City of London Police,City of London Police,-0.092517,51.520580,On or near WHITECROSS STREET,E01000002,City of London 001B,Investigation complete; no suspect identified
3e0ac16d80935775bef6c9e18544f0c62c22c49be822e1f1466726e377ead6ff,2017-06,City of London Police,City of London Police,-0.077777,51.518046,On or near SANDY'S ROW,E01032739,City of London 001F,Unable to prosecute suspect
b4b17feed1b78efee0502bef68e21b69b83c8e452012b98195c78948db6ec835,2017-06,City of London Police,City of London Police,-0.098062,51.517577,On or near MONTAGUE STREET,E01000001,City of London 001A,Investigation complete; no suspect identified
56cc3f678a945402a432394e7cf01129e3fcbf81f0e92594fbe9c9ba336281ba,2017-06,City of London Police,City of London Police,-0.108283,51.517526,On or near Supermarket,E01032740,City of London 001G,Investigation complete; no suspect identified
1bf46d958a80cb80bbc21d996acb1d08d50f6356e8b3410de1d5b0e0f899edc0,2017-06,City of London Police,City of London Police,-0.110735,51.517836,On or near Further/Higher Educational Building,E01032740,City of London 001G,Investigation complete; no suspect identified
7e08f243ed5859b1e61b5409cc116c015ec4d99d2d8f736a85be93c5963b7df7,2017-06,City of London Police,City of London Police,-0.101963,51.519097,On or near Conference/Exhibition Centre,E01032740,City of London 001G,Unable to prosecute suspect
89b973a3a881fc8c0aad08594e80dfee23072be67e3ff2068fa0444a84eeaa2b,2017-06,City of London Police,City of London Police,-0.088995,51.512088,On or near ST SWITHIN'S LANE,E01032739,City of London 001F,Investigation complete; no suspect identified
3d1bcf358bde0cfe8299020ec05e592489b7a41242ac1cc62cdc3e4875b8d138,2017-06,City of London Police,City of London Police,-0.111132,51.512420,On or near MIDDLE TEMPLE LANE,E01032740,City of London 001G,Investigation complete; no suspect identified
31517318b2f1d3046134c1d7640f1c4782ea0f5db614562ec793733ebdf02f8e,2017-06,City of London Police,City of London Police,-0.093558,51.516703,On or near Police Station,E01000002,City of London 001B,Investigation complete; no suspect identified
f55bb04bf099c140f5c54d03b41f61882cbd4ee291ed09a185d645e437c31d1c,2017-06,City of London Police,City of London Police,-0.082571,51.514753,On or near GREAT ST HELEN'S,E01032739,City of London 001F,Unable to prosecute suspect
e04b2dea0d81cf3b5e33cdc1481a790a156a18bee07c15342bab21f8a90e7fa2,2017-06,City of London Police,City of London Police,-0.112519,51.517568,On or near SOUTHAMPTON BUILDINGS,E01032740,City of London 001G,Investigation complete; no suspect identified
e963683e4bfb0f3c828996b1e093261be61fa66263d8aaf04c38557247051f77,2017-06,City of London Police,City of London Police,-0.106214,51.513905,On or near SALISBURY COURT,E01032740,City of London 001G,Investigation complete; no suspect identified
1fa94e8caeba97acb536ae5a2b734e5e9d8735a44dde2ac099dad1a5b4520340,2017-06,City of London Police,City of London Police,-0.076044,51.512650,On or near INDIA STREET,E01000005,City of London 001E,Investigation complete; no suspect identified
ed8de4e16382dffe7f471029959cb18397bac190026dcd47818686dd2d32d133,2017-06,City of London Police,City of London Police,-0.097562,51.518864,On or near Parking Area,E01000001,City of London 001A,Investigation complete; no suspect identified
61521a81a66cc63c9fc2b697323b595327e7e03e5a7ededf3a409b7b85934e67,2017-06,City of London Police,City of London Police,-0.084618,51.512682,On or near GRACECHURCH STREET,E01032739,City of London 001F,Investigation complete; no suspect identified
63de47875d5470540cb6d72c033877504c1a09fc2fec2f9673ec6b42b923111a,2017-06,City of London Police,City of London Police,-0.109709,51.517909,On or near HIGH HOLBORN,E01032740,City of London 001G,Unable to prosecute suspect
71992e5f39196d2d5d73fccdcb96545d4e3c2215155391912bc055b122747079,2017-06,City of London Police,City of London Police,-0.092296,51.511386,On or near COLLEGE HILL,E01032739,City of London 001F,Unable to prosecute suspect
71bd8ed17b1cf7e8865cb249bbc180eb5730846fdaf1ac6db98964d2fcdd3803,2017-06,City of London Police,City of London Police,-0.108283,51.517526,On or near Supermarket,E01032740,City of London 001G,Investigation complete; no suspect identified
a6781d5d8581ebc1c52aeee505d3a977bb58a21a8b9b119ddaf20bb941904fa0,2017-06,City of London Police,City of London Police,-0.090203,51.511118,On or near SCOTT'S YARD,E01032739,City of London 001F,Investigation complete; no suspect identified
268390165869e2e468c6f01a7839fef0c7b08a3a598d850a1aa54c624a69350e,2017-06,City of London Police,City of London Police,-0.094231,51.511984,On or near GREAT TRINITY LANE,E01032739,City of London 001F,Unable to prosecute suspect
b3eb049d00776d2b8b7e4427a7637639b05d11af321fadf6a651920486666296,2017-06,City of London Police,City of London Police,-0.092719,51.512652,On or near QUEEN VICTORIA STREET,E01032739,City of London 001F,Unable to prosecute suspect
e3491631cd82205dd4c1febb010eca1d0bd9896608fe1cc54aa35d15f00e091a,2017-06,City of London Police,City of London Police,-0.090710,51.513132,On or near QUEEN VICTORIA STREET,E01032739,City of London 001F,Unable to prosecute suspect
5c49b73e8d655d2111b115fa25fd903085498fb304e8b6daf00df2ad6dc2c122,2017-06,City of London Police,City of London Police,-0.108283,51.517526,On or near Supermarket,E01032740,City of London 001G,Investigation complete; no suspect identified
73a83dca4fe7c6e6680f0f231c99deac15baf4d43f1dcd0b2962ca5cee0b8977,2017-06,City of London Police,City of London Police,-0.108231,51.513928,On or near PLEYDELL STREET,E01032740,City of London 001G,Investigation complete; no suspect identified
2bb941c3aa5cb9e231169bdebbaf720d1f9425bdc639e58e2a950a113ae47b48,2017-06,City of London Police,City of London Police,-0.084768,51.512882,On or near CORBET COURT,E01032739,City of London 001F,Investigation complete; no suspect identified
41ff2854e4633b2d78155f7b5c32f2516b65e673e9975cefbcce4f2357b33c36,2017-06,City of London Police,City of London Police,-0.074330,51.513647,On or near LITTLE SOMERSET STREET,E01000005,City of London 001E,Investigation complete; no suspect identified
b03574e8f4b9e5bfcdbcec27f86e6b71f886b3535e57abec0edf5fa7e7f58200,2017-06,City of London Police,City of London Police,-0.092719,51.512652,On or near QUEEN VICTORIA STREET,E01032739,City of London 001F,Investigation complete; no suspect identified
2a0b9deaacc78eb73f2d15b41be73cf32bdb46b0f0e33f2ade20e17a61d0f005,2017-06,City of London Police,City of London Police,-0.075508,51.514763,On or near Pedestrian Subway,E01000005,City of London 001E,Investigation complete; no suspect identified
7559b15d1946d77850551fa40f224c9a50d1e412e419a18ec7120b332e6a5209,2017-06,City of London Police,City of London Police,-0.081938,51.513007,On or near LIME STREET,E01032739,City of London 001F,Unable to prosecute suspect
c41642f60034a42ce802cc264106934a948bd99e74e0ab002fedbbc652d7455c,2017-06,City of London Police,City of London Police,-0.084566,51.517690,On or near BLOMFIELD STREET,E01032739,City of London 001F,Investigation complete; no suspect identified
5c54ddd5c81631c8adbb5d2c6fd93ce271bc3c3b2c79d8c806d3c357939d4466,2017-06,City of London Police,City of London Police,-0.083086,51.511407,On or near ROOD LANE,E01032739,City of London 001F,Investigation complete; no suspect identified
8af3886a3a529e5cd42aca03dc285bc75a4e6d99c0bdfbccc76108010c26997a,2017-06,City of London Police,City of London Police,-0.074793,51.511208,On or near Pedestrian Subway,E01000005,City of London 001E,Investigation complete; no suspect identified
ff8122d07c23417aed7f9ee3d6e191cb8635256e99d4300b51bd527405d52197,2017-06,City of London Police,City of London Police,-0.074793,51.511208,On or near Pedestrian Subway,E01000005,City of London 001E,Investigation complete; no suspect identified
e8eed04edad939cae90c63927927e06d906e9cd3c1746b4870f2f7cda3372d10,2017-06,City of London Police,City of London Police,-0.084199,51.513394,On or near CORNHILL,E01032739,City of London 001F,Investigation complete; no suspect identified
f9489fffa6e25cd0de882b248ff1f28752be3298f3cf5d98fc6312c643981e14,2017-06,City of London Police,City of London Police,-0.096511,51.511922,On or near QUEEN VICTORIA STREET,E01032739,City of London 001F,Investigation complete; no suspect identified
7013a5fcbb20e16e34f86f0482e6f7e8c528edb2767079af969e0c1d8cac7120,2017-06,City of London Police,City of London Police,-0.085173,51.518680,On or near FINSBURY AVENUE,E01032739,City of London 001F,Unable to prosecute suspect
9abca0523e659f202023938176c28f5923f8ebce6aa0d0dc77525459341b8221,2017-06,City of London Police,City of London Police,-0.082571,51.514753,On or near GREAT ST HELEN'S,E01032739,City of London 001F,Investigation complete; no suspect identified
05a26c9b0fb150f5cde295a8b0ec65a40d22c636f9a044c11ca1e74623d8611f,2017-06,City of London Police,City of London Police,-0.084566,51.517690,On or near BLOMFIELD STREET,E01032739,City of London 001F,Investigation complete; no suspect identified
e2de996cd260e1081abc5780230bc6725805c4e46a56f3a5060b08d001440bb6,2017-06,City of London Police,City of London Police,-0.100179,51.514158,On or near Shopping Area,E01032739,City of London 001F,Investigation complete; no suspect identified
632b456d5e2f6b3533089ec2a241fc8c1515d3899bb2aec523536b4fa430179d,2017-06,City of London Police,City of London Police,-0.082571,51.514753,On or near GREAT ST HELEN'S,E01032739,City of London 001F,Investigation complete; no suspect identified
a64b90714bf28b4343b98264aec0e416d4948e39ad7185d684192fa4cc5c9f66,2017-06,City of London Police,City of London Police,-0.089596,51.518743,On or near NEW UNION STREET,E01000002,City of London 001B,Unable to prosecute suspect
c7488e5bdb9f950aa300bae980ffe0c98a370f9430cfb04ba2c4cf3da5d36a70,2017-06,City of London Police,City of London Police,-0.104300,51.511761,On or near Pedestrian Subway,E01032740,City of London 001G,Formal action is not in the public interest
c827b9be387dd1c8e05dc6267d74f32d921e9dfaf5676fd70d6857edc9f35163,2017-06,City of London Police,City of London Police,-0.076459,51.513061,On or near Further/Higher Educational Building,E01000005,City of London 001E,Unable to prosecute suspect
7692769f2864233b46fd5f8d78d11f5552e5a2776b00ac43f2d63b1e3c570ffc,2017-06,City of London Police,City of London Police,-0.078856,51.518433,On or near ARTILLERY LANE,E01032739,City of London 001F,Investigation complete; no suspect identified
7a5b3d9684b9ed8e114b0ceada8d5dfbb140135e4072f2520661a7ecee586d93,2017-06,City of London Police,City of London Police,-0.110735,51.517836,On or near Further/Higher Educational Building,E01032740,City of London 001G,Unable to prosecute suspect
c7e68679484504764945a8721319053ca130d81b3a868eeed4e36a7a708d3f3c,2017-06,City of London Police,City of London Police,-0.082913,51.513463,On or near LEADENHALL STREET,E01032739,City of London 001F,Unable to prosecute suspect
7bc0a92ff8fc7bc34b4ea9af512658b0f6151bad2258159d9944e8232a54b1ad,2017-06,City of London Police,City of London Police,-0.084618,51.512682,On or near GRACECHURCH STREET,E01032739,City of London 001F,Unable to prosecute suspect
72c580d379eabb6de41d259e44604f4fcd3eb1a2cbffc1920467367fa97e3c2b,2017-06,City of London Police,City of London Police,-0.084618,51.512682,On or near GRACECHURCH STREET,E01032739,City of London 001F,Investigation complete; no suspect identified
ceca17076536b1d86ff86f395ea54c540e3763ccd731510cad01499791b8364d,2017-06,City of London Police,City of London Police,-0.101274,51.512791,On or near ST ANDREW'S HILL,E01032739,City of London 001F,Investigation complete; no suspect identified
91c65944ef21e961d0dac8b81c54d77e8b107d3587fb4dc445186ebf3a233194,2017-06,City of London Police,City of London Police,-0.097601,51.520699,On or near CARTHUSIAN STREET,E01000001,City of London 001A,Unable to prosecute suspect
bc5340d4e75d2ec6471138bd68a3af3d8a3457eb8be595455b724d0c3cc614b5,2017-06,City of London Police,City of London Police,-0.080665,51.509344,On or near Pedestrian Subway,E01032739,City of London 001F,Investigation complete; no suspect identified
427990227710685e9fac073d0a302cd8fe8364d0c0efa73bd3949ffd0c9508d1,2017-06,City of London Police,City of London Police,-0.077224,51.516122,On or near Shopping Area,E01000005,City of London 001E,Unable to prosecute suspect
58eaaa71ef58093be0ba350d5c53015696dec3734b51a19066ad858ebed1ef52,2017-06,City of London Police,City of London Police,-0.076435,51.513627,On or near ALDGATE,E01000005,City of London 001E,Unable to prosecute suspect
69680690ab2664f49aefee2070f543e35b18b4f720c3c2eba68af176c429f981,2017-06,City of London Police,City of London Police,-0.084701,51.509320,On or near LOWER THAMES STREET,E01032739,City of London 001F,Investigation complete; no suspect identified
c7029c9e1ff8a36d6f1716c4b3c4bce8a045cb1cd1380fd25fee4a385e77dfc6,2017-06,City of London Police,City of London Police,-0.078994,51.514137,On or near HENEAGE PLACE,E01032739,City of London 001F,Investigation complete; no suspect identified
f43286025bd00e7eb5622e44c34b076794dc2bcc5b70c13c4bceb28948f3a6b6,2017-06,City of London Police,City of London Police,-0.081620,51.516814,On or near ALDERMAN'S WALK,E01032739,City of London 001F,Unable to prosecute suspect
bd0782f0eed5f465c10d082e858e032e2fd27c6e5b6973019c85f244bee204ef,2017-06,City of London Police,City of London Police,-0.083993,51.511440,On or near PHILPOT LANE,E01032739,City of London 001F,Investigation complete; no suspect identified
e4ce4b0bc6d824af2607ce65c4187d983766d3db89e087d99ef49ae7c6461645,2017-06,City of London Police,City of London Police,-0.084566,51.517690,On or near BLOMFIELD STREET,E01032739,City of London 001F,Investigation complete; no suspect identified
85c439fc9608ae0ba25afe77aa62c0c931d17a9732e126a1fae913a7b7359316,2017-06,City of London Police,City of London Police,-0.055268,51.511489,On or near SHADWELL GARDENS,E01004302,Tower Hamlets 025C,Unable to prosecute suspect
8d84fa6ceea2ae19f218114c6b0577e94d2b3744c563ad7eba2acbefa705bf8e,2017-06,City of London Police,City of London Police,-0.095436,51.514890,On or near GUTTER LANE,E01032739,City of London 001F,Investigation complete; no suspect identified
e49d4d5ed29fbe17216185c5a2313076e60a30c5cc8cd784db4f54db8b69427a,2017-06,City of London Police,City of London Police,-0.080318,51.520678,On or near PRIMROSE STREET,E01032739,City of London 001F,Unable to prosecute suspect
cd9c68b2cb676069fbb278b96762c814661821ec46fd3601f705849be0f243fb,2017-06,City of London Police,City of London Police,-0.088473,51.518374,On or near MOOR PLACE,E01032739,City of London 001F,Investigation complete; no suspect identified
2141bdd0d04a5a35a773e2116956a740cdb94de13024180df9d6cf9812b32d14,2017-06,City of London Police,City of London Police,-0.104281,51.516032,On or near BEAR ALLEY,E01032740,City of London 001G,Investigation complete; no suspect identified
959b6ff6feecd58e5a0cdf07d5476ff2d2cbd9747944daca6fe424432e962a94,2017-06,City of London Police,City of London Police,-0.093257,51.513920,On or near BOW LANE,E01032739,City of London 001F,Offender given a caution
361eeea5beacefa0ef0d05d61450d184b7897161e0a16dc803772436ee723a1e,2017-06,City of London Police,City of London Police,-0.081620,51.516814,On or near ALDERMAN'S WALK,E01032739,City of London 001F,Offender given a caution
485a6874aed3f8d791ef5a7f65a6fe198998b0c2cc702beb6a4bcf66070d1386,2017-06,City of London Police,City of London Police,-0.084095,51.516900,On or near NEW BROAD STREET,E01032739,City of London 001F,Local resolution
13531cca7c7965c48ad3f32894e510ed664a8feb0ca9d6413b49dac22aeade8a,2017-06,City of London Police,City of London Police,-0.088995,51.512088,On or near ST SWITHIN'S LANE,E01032739,City of London 001F,Offender given a caution
e406edd6f2cd2bd9b74d6c553b886e95ccea189009ce92db83f308ef70a51ec8,2017-06,City of London Police,City of London Police,-0.088995,51.512088,On or near ST SWITHIN'S LANE,E01032739,City of London 001F,Offender given a caution
a1ea257607a0a4783b9ee98c3871e7e0f08049b9ef836eb50ee9cfaea554b94b,2017-06,City of London Police,City of London Police,-0.077300,51.512607,On or near CARLISLE AVENUE,E01032739,City of London 001F,Offender given a drugs possession warning
bf00943f419eb9cb4ba77a8b092b407352d9c4ca52781299f74f770907557fa8,2017-06,City of London Police,City of London Police,-0.093493,51.513447,On or near BOW LANE,E01032739,City of London 001F,Offender given a caution
daca103893f07356827fa4fd7638b22cc2bd4d1e8ec5a65202f838996e3b6add,2017-06,City of London Police,City of London Police,-0.086624,51.511923,On or near CLEMENT'S LANE,E01032739,City of London 001F,Local resolution
daca103893f07356827fa4fd7638b22cc2bd4d1e8ec5a65202f838996e3b6add,2017-06,City of London Police,City of London Police,-0.086624,51.511923,On or near CLEMENT'S LANE,E01032739,City of London 001F,Local resolution
ac2726c61b8e9c23874bba4c17240cd9022cd0f5a09a383ed7314ef7003f944e,2017-06,City of London Police,City of London Police,-0.080376,51.517244,On or near Supermarket,E01032739,City of London 001F,Offender given a caution
eab20a8f53f221bf73a53706235bd1ee904f11715224bfb599209ca778599e79,2017-06,City of London Police,City of London Police,-0.090419,51.514917,On or near GRESHAM STREET,E01032739,City of London 001F,Local resolution
0449ce5d0b6c9b827359014eefcfd46a5cd1bb26674f8b8e76333a0b446ee796,2017-06,City of London Police,City of London Police,-0.080376,51.517244,On or near Supermarket,E01032739,City of London 001F,Local resolution
e2887a6e4c32ff90390e646e35756653d5781f4162d05ffaae7bd5d3d02c54af,2017-06,City of London Police,City of London Police,-0.086624,51.511923,On or near CLEMENT'S LANE,E01032739,City of London 001F,Offender given a caution
9e94fb46dc44ac6dc22f85028db94786fd6823ad2443fdeb49e5cdb8b4e6deb8,2017-06,City of London Police,City of London Police,-0.082571,51.514753,On or near GREAT ST HELEN'S,E01032739,City of London 001F,Offender given a drugs possession warning
0c4623b215b54f1d70fa46aaae88f7f353ffea524b83935fe9c8b24887548799,2017-06,City of London Police,City of London Police,-0.091720,51.513454,On or near Supermarket,E01032739,City of London 001F,Local resolution
812f62a9760372b2528c60ff66fb2322c589998111350aefb61e23c0a4a55c5a,2017-06,City of London Police,City of London Police,-0.086393,51.510894,On or near EASTCHEAP,E01032739,City of London 001F,Local resolution
6029cea5631f094de7667b2c8819efcb23f1e2b5a23435c166ea74a18e70bd77,2017-06,City of London Police,City of London Police,-0.094094,51.515606,On or near GRESHAM STREET,E01000002,City of London 001B,Offender given a caution
704acfaf6d7d958db0598192b993d41281d98fc9b6232252cac4b6db39b85aa0,2017-06,City of London Police,City of London Police,-0.075508,51.514763,On or near Pedestrian Subway,E01000005,City of London 001E,Offender given a drugs possession warning
a3ba0f1191e51586335aa4a6e1a035a8a338d1a7b5e0f3713051e4d9eeaa1119,2017-06,City of London Police,City of London Police,-0.084618,51.512682,On or near GRACECHURCH STREET,E01032739,City of London 001F,Local resolution
7892289af6b5b21d98d19bdb42994c0b781be4a075b3dc30cb4af3e0e1acf5c9,2017-06,City of London Police,City of London Police,-0.109155,51.516668,On or near FETTER LANE,E01032740,City of London 001G,Offender given a caution
a6bcf7a43a3e6b1965c6a11d7624986625b4b0b2b2b0de14453507a693da8fe4,2017-06,City of London Police,City of London Police,,,No location,,,Offender given a drugs possession warning
70c2ce2d093decfacb0b109070f976803cc91832931aed3e9a75f8d3780dff5b,2017-06,City of London Police,City of London Police,-0.078856,51.518433,On or near ARTILLERY LANE,E01032739,City of London 001F,Local resolution
70c2ce2d093decfacb0b109070f976803cc91832931aed3e9a75f8d3780dff5b,2017-06,City of London Police,City of London Police,-0.078856,51.518433,On or near ARTILLERY LANE,E01032739,City of London 001F,Local resolution
cb5bbfbb02e8176ffb95105c8b5d8749ec10b599986813ac2f332317fe301492,2017-06,City of London Police,City of London Police,,,No location,,,Local resolution
98f1b4ef108cf5972c9af3cc1f16c2983576a114e2f5db3d99cdb38a54da3b82,2017-06,City of London Police,City of London Police,-0.081938,51.513007,On or near LIME STREET,E01032739,City of London 001F,Local resolution
98f1b4ef108cf5972c9af3cc1f16c2983576a114e2f5db3d99cdb38a54da3b82,2017-06,City of London Police,City of London Police,-0.081938,51.513007,On or near LIME STREET,E01032739,City of London 001F,Local resolution
98f1b4ef108cf5972c9af3cc1f16c2983576a114e2f5db3d99cdb38a54da3b82,2017-06,City of London Police,City of London Police,-0.081938,51.513007,On or near LIME STREET,E01032739,City of London 001F,Local resolution
98f1b4ef108cf5972c9af3cc1f16c2983576a114e2f5db3d99cdb38a54da3b82,2017-06,City of London Police,City of London Police,-0.081938,51.513007,On or near LIME STREET,E01032739,City of London 001F,Local resolution
98f1b4ef108cf5972c9af3cc1f16c2983576a114e2f5db3d99cdb38a54da3b82,2017-06,City of London Police,City of London Police,-0.081938,51.513007,On or near LIME STREET,E01032739,City of London 001F,Local resolution
98f1b4ef108cf5972c9af3cc1f16c2983576a114e2f5db3d99cdb38a54da3b82,2017-06,City of London Police,City of London Police,-0.081938,51.513007,On or near LIME STREET,E01032739,City of London 001F,Local resolution
98f1b4ef108cf5972c9af3cc1f16c2983576a114e2f5db3d99cdb38a54da3b82,2017-06,City of London Police,City of London Police,-0.081938,51.513007,On or near LIME STREET,E01032739,City of London 001F,Local resolution
6e478b795adf9efc4e60404a5502de55eaeca9127e576e53ee32843d556c1620,2017-06,City of London Police,City of London Police,-0.093493,51.513447,On or near BOW LANE,E01032739,City of London 001F,Offender given a caution
29493f6324c73cfa9152c7ecd12c942242688ffab5d928760913384d737eed61,2017-06,City of London Police,City of London Police,-0.086278,51.509876,On or near FISH STREET HILL,E01032739,City of London 001F,Offender given a caution
b61d9883bed1a7a600d92b301698897fb11a4cdb3632524b51cef21db31366cf,2017-06,City of London Police,City of London Police,-0.083296,51.517058,On or near OLD BROAD STREET,E01032739,City of London 001F,Local resolution
bcc681627134161171297a6c9366c46355203e70484d387e1179fd228d80e663,2017-06,City of London Police,City of London Police,-0.095400,51.515753,On or near Conference/Exhibition Centre,E01000002,City of London 001B,Offender given a caution
bcc681627134161171297a6c9366c46355203e70484d387e1179fd228d80e663,2017-06,City of London Police,City of London Police,-0.095400,51.515753,On or near Conference/Exhibition Centre,E01000002,City of London 001B,Offender given a caution
80949c6ac8e4edd535d643aeb82e47292aae9032de5dafe1bb02f0d0dc422489,2017-06,City of London Police,City of London Police,-0.083993,51.511440,On or near PHILPOT LANE,E01032739,City of London 001F,Suspect charged
39115cc092d553ce00fc8699f0bd501140107770c6920aa0af6daaece5cba4ed,2017-06,City of London Police,City of London Police,-0.083993,51.511440,On or near PHILPOT LANE,E01032739,City of London 001F,Suspect charged
1be3b03a7d8a7715010641601492b9a6afd9cc9ab4daf8b1bdd284a42ff83cbe,2017-06,City of London Police,City of London Police,-0.094758,51.512829,On or near Nightclub,E01032739,City of London 001F,Suspect charged
44fc41241de8a47821215ec62346d474b0c08ecfde4d88c1b217867728ada169,2017-06,City of London Police,City of London Police,-0.094758,51.512829,On or near Nightclub,E01032739,City of London 001F,Suspect charged
fc9794a9e51feeb0698cca72cd51c8d446c14460174bbaebdb57a2a72828c2be,2017-06,City of London Police,City of London Police,,,No location,,,Suspect charged
f892c218f14113d19c698efdf755090fa3e095b0c6c7aae28dec3fbb74eba721,2017-06,City of London Police,City of London Police,-0.080665,51.509344,On or near Pedestrian Subway,E01032739,City of London 001F,Suspect charged
95d848d491d3c23d837acfe9534e5a8314f9c302cf64f9c90ce97b7a8c28d8e2,2017-06,City of London Police,City of London Police,-0.090203,51.511118,On or near SCOTT'S YARD,E01032739,City of London 001F,Suspect charged
64abf70ab76b913cc532fbb02d66d0dff88dab87d2bc2cd102ecba70e96b1c45,2017-06,City of London Police,City of London Police,-0.082571,51.514753,On or near GREAT ST HELEN'S,E01032739,City of London 001F,Suspect charged
44ca9ed1a945e148a6f6b2711aef835a81f39fff105f6f7fd69f2e6b6967473c,2017-06,City of London Police,City of London Police,-0.074896,51.514933,On or near Pedestrian Subway,E01000005,City of London 001E,Suspect charged
0283d7d121328aa30597e0898ed0c57d7e4567c227dff036eca33cfacbe91ea2,2017-06,City of London Police,City of London Police,,,No location,,,Suspect charged
bafff26e2afa15cc11c81db0ce99a27ee02ffcdb113d8f84fd43d3edcac3351f,2017-06,City of London Police,City of London Police,,,No location,,,Suspect charged
a8494afe8c6e098979d6eb5b05748e410e2fa457f487df49aa6ecfde1cb895ff,2017-06,City of London Police,City of London Police,-0.086393,51.510894,On or near EASTCHEAP,E01032739,City of London 001F,Suspect charged
2545e4710ddc6992474115f70b7a1c54c5dd2689cd57ed356c5ed651157bc9bd,2017-06,City of London Police,City of London Police,-0.105561,51.510873,On or near Ferry Terminal,E01032740,City of London 001G,Suspect charged
25d8c9a7c82eed5ea2f7ab26ffeeac96513f126439514063922a64497d3de324,2017-06,City of London Police,City of London Police,-0.105134,51.513869,On or near BRIDE LANE,E01032740,City of London 001G,Suspect charged
0f481d61c4252f3a4051977ef085860a17358f4f65b085c889e113df9c742bef,2017-06,City of London Police,City of London Police,-0.093820,51.514567,On or near RUSSIA ROW,E01000002,City of London 001B,Suspect charged
b290ca117abdb1f016b16bea77edfa3017d821c631b0113b46d0118bb67961e4,2017-06,City of London Police,City of London Police,-0.088393,51.511332,On or near ABCHURCH LANE,E01032739,City of London 001F,Suspect charged
99a147bf2f07c6a032b81af7baa14a421254c4097d4029b1882eed7b89bdfe5f,2017-06,City of London Police,City of London Police,-0.086278,51.509876,On or near FISH STREET HILL,E01032739,City of London 001F,Suspect charged
1c96aacf9b6ab0e7680481dd26987c28d6a69e0fc80a91eabab843f10fef368a,2017-06,City of London Police,City of London Police,-0.086278,51.509876,On or near FISH STREET HILL,E01032739,City of London 001F,Suspect charged
b48ff0634c8875268ad4cc82094df4334a2f11bf9094a401f21ab16f8826444f,2017-06,City of London Police,City of London Police,,,No location,,,Suspect charged
95c7ed320e9598a72799d502b38ace043cf3d0760df3889b540ac5609bd58256,2017-06,City of London Police,City of London Police,-0.097929,51.521810,On or near GLASSHOUSE YARD,E01033490,Islington 022H,Suspect charged
b562e4505a778b7a62ba95270c9b5631e4dfa9bd690232cba9a8580c197777b0,2017-06,City of London Police,City of London Police,-0.085173,51.518680,On or near FINSBURY AVENUE,E01032739,City of London 001F,Suspect charged
3c5443477f752910d2792e1875ef55c38a5bc05318cb00b9ee19cbfd4c297104,2017-06,City of London Police,City of London Police,-0.109155,51.516668,On or near FETTER LANE,E01032740,City of London 001G,Suspect charged
0fa234577764eca4e3896d9ceea6387de743fb8d0a218cd4550d1c7a8a8afebf,2017-06,City of London Police,City of London Police,-0.085086,51.515621,On or near AUSTIN FRIARS SQUARE,E01032739,City of London 001F,Suspect charged
4927a9b63c377bcf69575cfa7166307069857f108ce29f0de3d97f5528199674,2017-06,City of London Police,City of London Police,-0.104281,51.516032,On or near BEAR ALLEY,E01032740,City of London 001G,Suspect charged
c378512b489c05a1bbe079a94dc4ecaf53adbd739e20ae8981f727a2e622495e,2017-06,City of London Police,City of London Police,-0.080376,51.517244,On or near Supermarket,E01032739,City of London 001F,Suspect charged
cf6f5623dc7b50da238134f98d06131dfee4d2d9539070369fde7c90da278c7e,2017-06,City of London Police,City of London Police,-0.092865,51.510182,On or near Parking Area,E01032739,City of London 001F,Suspect charged
eacc3208e6f3f52a518e3a66ce97869115fb40998c2ab6a9d6a637110b6229ba,2017-06,City of London Police,City of London Police,-0.105134,51.513869,On or near BRIDE LANE,E01032740,City of London 001G,Suspect charged
918a335ebe8819aaa5433e504d3ffde4f7fcd31f05edc168c1f296d2e75a8c3e,2017-06,City of London Police,City of London Police,-0.079786,51.517576,On or near Police Station,E01032739,City of London 001F,Suspect charged
62f4a141f19081212ab91dfebc4017eb6f874a23cfc70030857ef76b6f479155,2017-06,City of London Police,City of London Police,-0.080376,51.517244,On or near Supermarket,E01032739,City of London 001F,Suspect charged
dfe4ffd531b229d6a61730f40dcdaca1373afb939fced401972e770853e3207d,2017-06,City of London Police,City of London Police,-0.100593,51.520846,On or near CHARTERHOUSE MEWS,E01033490,Islington 022H,Suspect charged
a17597a6d26713dae0eedbe55e9bf830c8d82fdfed01e93abdb3eacb9046e0ef,2017-06,City of London Police,City of London Police,-0.089698,51.511812,On or near OXFORD COURT,E01032739,City of London 001F,Suspect charged
b6e5723d9fbd8f85c13fb135645b59d78126c2b2eb015cdd72925d3faa919888,2017-06,City of London Police,City of London Police,-0.086393,51.510894,On or near EASTCHEAP,E01032739,City of London 001F,Suspect charged
64bdb55c6eabdc1704db9c0088a91dccddbd70c1d9a465f22b36a802d578e1aa,2017-06,City of London Police,City of London Police,-0.085257,51.511200,On or near TALBOT COURT,E01032739,City of London 001F,Suspect charged
6330fb5bcbc40ffca60e69b32f8d4e6546c57d97e1c1f8b8ffbc83bfae02b689,2017-06,City of London Police,City of London Police,-0.100884,51.516966,On or near Hospital,E01032740,City of London 001G,Suspect charged
0b99ef8ce26d2d1ddd13af86a1d14d5745f85a899aa6b4f2449f9f5ee0bbfafd,2017-06,City of London Police,City of London Police,-0.096363,51.513377,On or near NEW CHANGE,E01032739,City of London 001F,Suspect charged
2ec2b97461a39bfaa5b016086af183b31427fc5afb29feff48e06cc7fe034a1c,2017-06,City of London Police,City of London Police,-0.093465,51.514463,On or near RUSSIA ROW,E01032739,City of London 001F,Suspect charged
b1dc197a350a5415883cc04a50b7540b06a9fa6bac4ac8ce7cffbf9a4be87f1a,2017-06,City of London Police,City of London Police,-0.084980,51.516078,On or near GREAT WINCHESTER STREET,E01032739,City of London 001F,Suspect charged
0f2a3f6d983fec1380636a73909f6f975f1007d8c6ff0413a8701716a242783e,2017-06,City of London Police,City of London Police,-0.099933,51.519720,On or near LINDSEY STREET,E01032740,City of London 001G,Suspect charged
174b0e4d378a1e7c7f81a4bd12f62bc255c238523559b41802b527b1b14f2bfe,2017-06,City of London Police,City of London Police,-0.080728,51.511611,On or near Supermarket,E01032739,City of London 001F,Suspect charged
696e65912039a02651cf56dfc0fc271c8c9719394a9c609823437531053b5e4d,2017-06,City of London Police,City of London Police,-0.076080,51.511445,On or near AMERICA SQUARE,E01000005,City of London 001E,Suspect charged
3bbb3b94c17bb5f23a5dc1f0bc831cc645cc90be0875a60e6ad25179b66e882b,2017-06,City of London Police,City of London Police,,,No location,,,Suspect charged
e58a7b2c234a2f789507141f8e3827a5f6af8a5b5c9317ce823b2739f144e7f2,2017-06,City of London Police,City of London Police,-0.079875,51.510995,On or near HART STREET,E01032739,City of London 001F,Suspect charged
4927a9b63c377bcf69575cfa7166307069857f108ce29f0de3d97f5528199674,2017-06,City of London Police,City of London Police,-0.104281,51.516032,On or near BEAR ALLEY,E01032740,City of London 001G,Suspect charged
c83aca9ebddffd41e7e23d57a42856c7e0c17916ebba24529cd33b5b9d0f35df,2017-06,City of London Police,City of London Police,,,No location,,,Offender fined
bafff26e2afa15cc11c81db0ce99a27ee02ffcdb113d8f84fd43d3edcac3351f,2017-06,City of London Police,City of London Police,,,No location,,,Offender sent to prison
0283d7d121328aa30597e0898ed0c57d7e4567c227dff036eca33cfacbe91ea2,2017-06,City of London Police,City of London Police,,,No location,,,Offender sent to prison
62f4a141f19081212ab91dfebc4017eb6f874a23cfc70030857ef76b6f479155,2017-06,City of London Police,City of London Police,-0.080376,51.517244,On or near Supermarket,E01032739,City of London 001F,Offender given suspended prison sentence
c532d916156e706da083122f80c6224cfaefdb386284c6b71aa8150375766773,2017-06,City of London Police,City of London Police,-0.097562,51.518864,On or near Parking Area,E01000001,City of London 001A,Defendant found not guilty
ac5454fe77fe436831cf5ff30f7cd9f636a78fa02538a4794354b81501016833,2017-06,City of London Police,City of London Police,-0.082913,51.513463,On or near LEADENHALL STREET,E01032739,City of London 001F,Offender given community sentence
e58a7b2c234a2f789507141f8e3827a5f6af8a5b5c9317ce823b2739f144e7f2,2017-06,City of London Police,City of London Police,-0.079875,51.510995,On or near HART STREET,E01032739,City of London 001F,Court case unable to proceed
945bb8381f89db857ba75a06b8ce7c0a040352a0f39c9ce8c219ec6016b3b2e8,2017-06,City of London Police,City of London Police,-0.097053,51.518262,On or near ALDERSGATE STREET,E01000001,City of London 001A,Defendant found not guilty
76f29223f6f22120df3988708f0b4d0d32eacddea7e4830ceaf8348150203817,2017-06,City of London Police,City of London Police,-0.086624,51.511923,On or near CLEMENT'S LANE,E01032739,City of London 001F,Offender sent to prison
68af5527837b04b251e7952d89aa320c3f839df7c7b29f70e11b2842e8929b09,2017-06,City of London Police,City of London Police,-0.097562,51.518864,On or near Parking Area,E01000001,City of London 001A,Defendant found not guilty
c378512b489c05a1bbe079a94dc4ecaf53adbd739e20ae8981f727a2e622495e,2017-06,City of London Police,City of London Police,-0.080376,51.517244,On or near Supermarket,E01032739,City of London 001F,Offender sent to prison
87a537e3a87d70093169d39a7812bc5f1e4a8317a13ddce470713d3cf53c6084,2017-06,City of London Police,City of London Police,-0.079398,51.516508,On or near DEVONSHIRE SQUARE,E01032739,City of London 001F,Offender fined
86a5c4343287af18b075e13ccbee084c15c4b55244fedd603ca4d58740bedc11,2017-06,City of London Police,City of London Police,-0.097645,51.515142,On or near ST MARTIN'S LE GRAND,E01032739,City of London 001F,Offender sent to prison
e18587baca52e207a65e3ff4475825db919dfc2f36b358cebafe9bbb25204442,2017-06,City of London Police,City of London Police,-0.101794,51.516207,On or near NEWGATE STREET,E01032740,City of London 001G,Offender fined
95d848d491d3c23d837acfe9534e5a8314f9c302cf64f9c90ce97b7a8c28d8e2,2017-06,City of London Police,City of London Police,-0.090203,51.511118,On or near SCOTT'S YARD,E01032739,City of London 001F,Offender given community sentence
93c94faa4c923f9bfa90ed684a3ecfac00f58ceb110822ee4e85b809cbf56645,2017-06,City of London Police,City of London Police,-0.076459,51.513061,On or near Further/Higher Educational Building,E01000005,City of London 001E,Offender sent to prison
0a9503bdd456f7cc14a21127c10d12879f71b4462d37d656b4955f4734ff6854,2017-06,City of London Police,City of London Police,-0.075508,51.514763,On or near Pedestrian Subway,E01000005,City of London 001E,Offender sent to prison
189d5d7cc9f539d678300b6806db6d3af60f935083af7a75ad5d082aa462020d,2017-06,City of London Police,City of London Police,-0.086624,51.511923,On or near CLEMENT'S LANE,E01032739,City of London 001F,Offender sent to prison
79325122cff0b4eaff997c03ade3e71f52f53bf8650688985439681a018bffe8,2017-06,City of London Police,City of London Police,-0.093465,51.514463,On or near RUSSIA ROW,E01032739,City of London 001F,Offender sent to prison
918a335ebe8819aaa5433e504d3ffde4f7fcd31f05edc168c1f296d2e75a8c3e,2017-06,City of London Police,City of London Police,-0.079786,51.517576,On or near Police Station,E01032739,City of London 001F,Offender given suspended prison sentence
9d3bf3c336be0fa623f0b30bb34092562ce26333af9d6ac5b9b71ea31ec7d422,2017-06,City of London Police,City of London Police,-0.097562,51.518864,On or near Parking Area,E01000001,City of London 001A,Offender given suspended prison sentence
509e013bbb46c7e2041f8b8f32971e5ed6146cd3acd65b2f592870bfd34775f6,2017-06,City of London Police,City of London Police,-0.085669,51.515100,On or near AUSTIN FRIARS,E01032739,City of London 001F,Offender sent to prison
1be3b03a7d8a7715010641601492b9a6afd9cc9ab4daf8b1bdd284a42ff83cbe,2017-06,City of London Police,City of London Police,-0.094758,51.512829,On or near Nightclub,E01032739,City of London 001F,Offender fined
209a21a810be4152422551c8b820f2345aba90bb028ddf2b8d3afeb1b473b33d,2017-06,City of London Police,City of London Police,-0.097562,51.518864,On or near Parking Area,E01000001,City of London 001A,Defendant found not guilty
540ce2a264f6d51846a96c73ee7c71e27b7ed3bb4dc1d4659173ec72e647d9cb,2017-06,City of London Police,City of London Police,-0.097053,51.518262,On or near ALDERSGATE STREET,E01000001,City of London 001A,Offender given suspended prison sentence
44fc41241de8a47821215ec62346d474b0c08ecfde4d88c1b217867728ada169,2017-06,City of London Police,City of London Police,-0.094758,51.512829,On or near Nightclub,E01032739,City of London 001F,Offender fined
a8494afe8c6e098979d6eb5b05748e410e2fa457f487df49aa6ecfde1cb895ff,2017-06,City of London Police,City of London Police,-0.086393,51.510894,On or near EASTCHEAP,E01032739,City of London 001F,Offender given community sentence
6f4c2a8832175645fd3f645ad63efe89681be6c9f7b3e6ea5ca63f0b183b975b,2017-06,City of London Police,City of London Police,-0.097053,51.518262,On or near ALDERSGATE STREET,E01000001,City of London 001A,Offender given suspended prison sentence
f21b778f38fabc47322a57431b49ad4a7894226c5e1627248866944c41a533b2,2017-06,City of London Police,City of London Police,-0.102502,51.516165,On or near GREEN ARBOUR COURT,E01032740,City of London 001G,Offender sent to prison
d645f31af0bf0cc81902015d9baaf5feadcf06778f5b01757e00edf6b4ac2ff4,2017-06,City of London Police,City of London Police,-0.075508,51.514763,On or near Pedestrian Subway,E01000005,City of London 001E,Offender sent to prison
a01f2cfa8ac5ae8677684439e7707a01fe1aefc98d86883656d7eb6c6cd694a0,2017-06,City of London Police,City of London Police,-0.079398,51.516508,On or near DEVONSHIRE SQUARE,E01032739,City of London 001F,Offender given suspended prison sentence
4d8e9e1c263a96e29763d34d4d26cdf46b05d33a5656d0eeb17c3361b54d1569,2017-06,City of London Police,City of London Police,-0.097053,51.518262,On or near ALDERSGATE STREET,E01000001,City of London 001A,Offender given suspended prison sentence
b6e5723d9fbd8f85c13fb135645b59d78126c2b2eb015cdd72925d3faa919888,2017-06,City of London Police,City of London Police,-0.086393,51.510894,On or near EASTCHEAP,E01032739,City of London 001F,Offender fined
8c23b0abe0c492ef2f4528b8ce8ff14ae0f7e47874c86f7049f9fe8e5c72741f,2017-06,City of London Police,City of London Police,-0.084105,51.515281,On or near Conference/Exhibition Centre,E01032739,City of London 001F,Offender given conditional discharge
5d961e5ef7339f9e931e39752f9f4ee0eba542781487ccfd3526ecf419fe76a2,2017-06,City of London Police,City of London Police,,,No location,,,Offender otherwise dealt with
3c5443477f752910d2792e1875ef55c38a5bc05318cb00b9ee19cbfd4c297104,2017-06,City of London Police,City of London Police,-0.109155,51.516668,On or near FETTER LANE,E01032740,City of London 001G,Offender given suspended prison sentence
dfe4ffd531b229d6a61730f40dcdaca1373afb939fced401972e770853e3207d,2017-06,City of London Police,City of London Police,-0.100593,51.520846,On or near CHARTERHOUSE MEWS,E01033490,Islington 022H,Offender sent to prison
39115cc092d553ce00fc8699f0bd501140107770c6920aa0af6daaece5cba4ed,2017-06,City of London Police,City of London Police,-0.083993,51.511440,On or near PHILPOT LANE,E01032739,City of London 001F,Offender fined
25d8c9a7c82eed5ea2f7ab26ffeeac96513f126439514063922a64497d3de324,2017-06,City of London Police,City of London Police,-0.105134,51.513869,On or near BRIDE LANE,E01032740,City of London 001G,Offender sent to prison
7ac1fda941c1e11267007d87db9c1173c899b791a542da56c14c856994246d5f,2017-06,City of London Police,City of London Police,-0.092268,51.514461,On or near KING STREET,E01032739,City of London 001F,Offender given community sentence
c2b27b2f10386056c3d255c08a7ee115bd0de20648b278796f2f36bfdac3c95c,2017-06,City of London Police,City of London Police,-0.107926,51.516414,On or near BARTLETT COURT,E01032740,City of London 001G,Offender given conditional discharge
92503d7099539aacabed00209b7ff6fe3d4b27b492075fed07ab4d2b5544ec71,2017-06,City of London Police,City of London Police,-0.097053,51.518262,On or near ALDERSGATE STREET,E01000001,City of London 001A,Defendant found not guilty
29514cb155ab70fcf12613bbf175371cba2eb8fca0b274ab4a009f370fcde10b,2017-06,City of London Police,City of London Police,-0.097562,51.518864,On or near Parking Area,E01000001,City of London 001A,Offender given suspended prison sentence
ec63cb8fd2960c7db4ab109588e8705a366e01f18804a79759d72326b27ffd8d,2017-06,City of London Police,City of London Police,-0.084618,51.512682,On or near GRACECHURCH STREET,E01032739,City of London 001F,Offender sent to prison
