Type,Date,Part of a policing operation,Policing operation,Latitude,Longitude,Gender,Age range,Self-defined ethnicity,Officer-defined ethnicity,Legislation,Object of search,Outcome,Outcome linked to object of search,Removal of more than just outer clothing
Person and Vehicle search,2017-01-01T00:10:00+00:00,,,,,Male,25-34,Black or Black British - African (B2),Black,Misuse of Drugs Act 1971 (section 23),Controlled drugs,Nothing found - no further action,,False
Person and Vehicle search,2017-01-01T00:12:00+00:00,,,,,Male,25-34,Black or Black British - Caribbean (B1),Black,Misuse of Drugs Act 1971 (section 23),Controlled drugs,Nothing found - no further action,,False
Person search,2017-01-01T00:26:00+00:00,,,,,Male,18-24,White - White British (W1),White,Police and Criminal Evidence Act 1984 (section 1),Articles for use in criminal damage,Nothing found - no further action,,False
Person search,2017-01-01T00:27:00+00:00,,,,,Male,18-24,White - White British (W1),White,Police and Criminal Evidence Act 1984 (section 1),Articles for use in criminal damage,Nothing found - no further action,,False
Person search,2017-01-01T00:33:00+00:00,,,,,Male,10-17,White - White British (W1),White,Police and Criminal Evidence Act 1984 (section 1),Articles for use in criminal damage,Local resolution,True,False
Person search,2017-01-01T00:34:00+00:00,,,,,Male,10-17,White - White British (W1),White,Police and Criminal Evidence Act 1984 (section 1),Articles for use in criminal damage,Nothing found - no further action,,False
Person search,2017-01-02T23:19:00+00:00,,,,,Male,18-24,Black or Black British - African (B2),Black,Misuse of Drugs Act 1971 (section 23),Controlled drugs,Offender given drugs possession warning,True,False
Person search,2017-01-03T04:29:00+00:00,,,,,Male,over 34,Not Stated (NS),White,Police and Criminal Evidence Act 1984 (section 1),Articles for use in criminal damage,Nothing found - no further action,,False
Person and Vehicle search,2017-01-03T10:43:00+00:00,,,,,Female,over 34,White - Any other White ethnic background (W9),White,Police and Criminal Evidence Act 1984 (section 1),Article for use in theft,Nothing found - no further action,,False
Person search,2017-01-03T16:36:00+00:00,,,,,Male,18-24,White - White British (W1),White,Misuse of Drugs Act 1971 (section 23),Controlled drugs,Offender given drugs possession warning,True,False
Person search,2017-01-03T16:46:00+00:00,,,,,Male,18-24,White - White British (W1),White,Misuse of Drugs Act 1971 (section 23),Controlled drugs,Nothing found - no further action,,False
Person search,2017-01-03T16:56:00+00:00,,,,,Male,18-24,Mixed - White and Black Caribbean (M1),Black,Police and Criminal Evidence Act 1984 (section 1),Article for use in theft,Nothing found - no further action,,True
Person and Vehicle search,2017-01-03T20:46:00+00:00,,,,,Male,18-24,Asian or Asian British - Bangladeshi (A3),Asian,Misuse of Drugs Act 1971 (section 23),Controlled drugs,Nothing found - no further action,,False
Person and Vehicle search,2017-01-03T20:49:00+00:00,,,,,Male,18-24,Asian or Asian British - Bangladeshi (A3),Asian,Misuse of Drugs Act 1971 (section 23),Controlled drugs,Suspect arrested,True,False
Person and Vehicle search,2017-01-03T21:02:00+00:00,,,,,Male,25-34,Asian or Asian British - Bangladeshi (A3),Asian,Misuse of Drugs Act 1971 (section 23),Controlled drugs,Nothing found - no further action,,False
Person search,2017-01-05T14:29:00+00:00,,,,,Male,over 34,Mixed - Any other Mixed ethnic background (M9),White,Police and Criminal Evidence Act 1984 (section 1),Stolen goods,Nothing found - no further action,,False
Person search,2017-01-05T17:10:00+00:00,,,,,Male,over 34,Not Stated (NS),Black,Police and Criminal Evidence Act 1984 (section 1),Stolen goods,Local resolution,True,False
Person and Vehicle search,2017-01-05T23:50:00+00:00,,,,,Male,over 34,Not Stated (NS),White,Police and Criminal Evidence Act 1984 (section 1),Offensive weapons,Nothing found - no further action,,False
Person and Vehicle search,2017-01-06T16:15:00+00:00,,,,,Male,18-24,Mixed - Any other Mixed ethnic background (M9),White,Misuse of Drugs Act 1971 (section 23),Controlled drugs,Suspect arrested,True,False
Person search,2017-01-07T00:55:00+00:00,,,,,Male,over 34,White - Any other White ethnic background (W9),White,Misuse of Drugs Act 1971 (section 23),Controlled drugs,Offender given drugs possession warning,True,False
Person and Vehicle search,2017-01-07T01:37:00+00:00,,,,,Male,18-24,Asian or Asian British - Bangladeshi (A3),Asian,Police and Criminal Evidence Act 1984 (section 1),Offensive weapons,Suspect arrested,True,False
Person search,2017-01-07T23:30:00+00:00,,,,,Male,18-24,White - Any other White ethnic background (W9),White,Police and Criminal Evidence Act 1984 (section 1),Article for use in theft,Nothing found - no further action,,False
Person search,2017-01-07T23:30:00+00:00,,,,,Male,10-17,White - White British (W1),White,Police and Criminal Evidence Act 1984 (section 1),Article for use in theft,Nothing found - no further action,,False
Person search,2017-01-07T23:34:00+00:00,,,,,Male,10-17,White - White British (W1),White,Police and Criminal Evidence Act 1984 (section 1),Article for use in theft,Nothing found - no further action,,False
Person search,2017-01-09T11:35:00+00:00,,,,,Male,25-34,Not Stated (NS),Asian,Police and Criminal Evidence Act 1984 (section 1),Offensive weapons,Suspect arrested,True,False
Person search,2017-01-09T13:00:00+00:00,,,,,Male,over 34,White - White British (W1),White,Police and Criminal Evidence Act 1984 (section 1),Stolen goods,Suspect arrested,True,False
Person search,2017-01-09T13:00:00+00:00,,,,,Male,over 34,White - Any other White ethnic background (W9),White,Police and Criminal Evidence Act 1984 (section 1),Stolen goods,Suspect arrested,True,False
Person search,2017-01-09T14:41:00+00:00,,,,,Male,over 34,Not Stated (NS),White,Police and Criminal Evidence Act 1984 (section 1),Article for use in theft,Nothing found - no further action,,False
Person search,2017-01-09T17:52:00+00:00,,,,,Male,over 34,Not Stated (NS),Other,Police and Criminal Evidence Act 1984 (section 1),Article for use in theft,Nothing found - no further action,,False
Person search,2017-01-09T18:13:00+00:00,,,,,Male,over 34,Not Stated (NS),Other,Police and Criminal Evidence Act 1984 (section 1),Article for use in theft,Local resolution,True,False
Person search,2017-01-09T18:35:00+00:00,,,,,Male,over 34,White - White British (W1),White,Police and Criminal Evidence Act 1984 (section 1),Stolen goods,Nothing found - no further action,,False
Person search,2017-01-09T19:27:00+00:00,,,,,Female,over 34,White - White British (W1),White,Police and Criminal Evidence Act 1984 (section 1),Stolen goods,Nothing found - no further action,,False
Person search,2017-01-10T10:10:00+00:00,,,,,Male,over 34,White - White British (W1),White,Police and Criminal Evidence Act 1984 (section 1),Stolen goods,Suspect arrested,True,False
Person search,2017-01-11T13:39:00+00:00,,,,,Male,over 34,Black or Black British - African (B2),Black,Police and Criminal Evidence Act 1984 (section 1),Stolen goods,Suspect arrested,True,False
Person search,2017-01-11T15:21:00+00:00,,,,,Male,over 34,Not Stated (NS),White,Police and Criminal Evidence Act 1984 (section 1),Article for use in theft,Nothing found - no further action,,False
Person search,2017-01-11T15:57:00+00:00,,,,,Male,over 34,White - White Irish (W2),White,Police and Criminal Evidence Act 1984 (section 1),Stolen goods,Nothing found - no further action,,False
Person search,2017-01-11T17:55:00+00:00,,,,,Male,25-34,White - Any other White ethnic background (W9),White,Police and Criminal Evidence Act 1984 (section 1),Article for use in theft,Suspect arrested,False,True
Person search,2017-01-11T17:55:00+00:00,,,,,Male,18-24,White - Any other White ethnic background (W9),White,Police and Criminal Evidence Act 1984 (section 1),Article for use in theft,Nothing found - no further action,,True
Person and Vehicle search,2017-01-11T20:00:00+00:00,,,,,Male,25-34,Black or Black British - African (B2),Black,Firearms Act 1968 (section 47),Firearms,Nothing found - no further action,,False
Person and Vehicle search,2017-01-11T21:04:00+00:00,,,,,Male,25-34,White - Any other White ethnic background (W9),White,Firearms Act 1968 (section 47),Firearms,Nothing found - no further action,,False
Person search,2017-01-12T00:01:00+00:00,,,,,Male,over 34,White - White British (W1),White,Police and Criminal Evidence Act 1984 (section 1),Stolen goods,Nothing found - no further action,,False
Person search,2017-01-12T14:33:00+00:00,,,,,Female,18-24,White - White British (W1),White,Police and Criminal Evidence Act 1984 (section 1),Stolen goods,Nothing found - no further action,,False
Person search,2017-01-12T15:22:00+00:00,,,,,Male,18-24,Not Stated (NS),Black,Police and Criminal Evidence Act 1984 (section 1),Stolen goods,Local resolution,True,False
Person search,2017-01-12T19:25:00+00:00,,,,,Male,18-24,Not Stated (NS),White,Police and Criminal Evidence Act 1984 (section 1),Stolen goods,Suspect arrested,True,False
Person search,2017-01-13T15:06:00+00:00,,,,,Male,over 34,Black or Black British - Caribbean (B1),Black,Police and Criminal Evidence Act 1984 (section 1),Stolen goods,Suspect arrested,True,False
Person and Vehicle search,2017-01-14T00:35:00+00:00,,,,,Male,25-34,Not Stated (NS),Asian,Police and Criminal Evidence Act 1984 (section 1),Stolen goods,Suspect summonsed to court,False,False
Person search,2017-01-14T10:56:00+00:00,,,,,Female,25-34,White - White British (W1),White,Police and Criminal Evidence Act 1984 (section 1),Stolen goods,Suspect arrested,True,False
Person search,2017-01-14T20:00:00+00:00,,,,,Male,over 34,White - White British (W1),White,Police and Criminal Evidence Act 1984 (section 1),Offensive weapons,Suspect arrested,True,False
Person search,2017-01-17T02:38:00+00:00,,,,,Male,25-34,White - White British (W1),White,Misuse of Drugs Act 1971 (section 23),Controlled drugs,Nothing found - no further action,,False
Person search,2017-01-18T01:13:00+00:00,,,,,Male,25-34,White - White British (W1),White,Police and Criminal Evidence Act 1984 (section 1),Stolen goods,Nothing found - no further action,,False
Person search,2017-01-18T02:33:00+00:00,,,,,Male,18-24,White - White British (W1),White,Misuse of Drugs Act 1971 (section 23),Controlled drugs,Nothing found - no further action,,False
Person and Vehicle search,2017-01-18T14:21:00+00:00,,,,,Male,18-24,Asian or Asian British - Pakistani (A2),Asian,Misuse of Drugs Act 1971 (section 23),Controlled drugs,Nothing found - no further action,,False
Person search,2017-01-18T22:20:00+00:00,,,,,Male,over 34,White - White British (W1),White,Police and Criminal Evidence Act 1984 (section 1),Stolen goods,Suspect arrested,False,False
Person search,2017-01-18T22:30:00+00:00,,,,,Male,over 34,Black or Black British - Any other Black ethnic background (B9),Black,Police and Criminal Evidence Act 1984 (section 1),Stolen goods,Suspect arrested,False,False
Person search,2017-01-19T01:05:00+00:00,,,,,Male,18-24,White - Any other White ethnic background (W9),White,Police and Criminal Evidence Act 1984 (section 1),Stolen goods,Nothing found - no further action,,False
Person search,2017-01-19T07:40:00+00:00,,,,,Male,over 34,White - White British (W1),White,Police and Criminal Evidence Act 1984 (section 1),Stolen goods,Suspect arrested,True,False
Person search,2017-01-19T09:40:00+00:00,,,,,Female,18-24,White - White British (W1),White,Police and Criminal Evidence Act 1984 (section 1),Stolen goods,Suspect arrested,True,False
Person search,2017-01-19T09:40:00+00:00,,,,,Female,25-34,White - White British (W1),White,Police and Criminal Evidence Act 1984 (section 1),Stolen goods,Suspect arrested,True,False
Person search,2017-01-19T15:28:00+00:00,,,,,Male,18-24,White - White British (W1),White,Police and Criminal Evidence Act 1984 (section 1),Stolen goods,Suspect arrested,True,False
Person search,2017-01-20T00:52:00+00:00,,,,,Male,25-34,Black or Black British - African (B2),Black,Police and Criminal Evidence Act 1984 (section 1),Article for use in theft,Nothing found - no further action,,False
Person search,2017-01-20T04:44:00+00:00,,,,,Male,over 34,Black or Black British - African (B2),Black,Police and Criminal Evidence Act 1984 (section 1),Article for use in theft,Nothing found - no further action,,False
Person search,2017-01-20T04:48:00+00:00,,,,,Male,over 34,Black or Black British - African (B2),Black,Police and Criminal Evidence Act 1984 (section 1),Article for use in theft,Nothing found - no further action,,False
Person search,2017-01-20T19:33:00+00:00,,,,,Male,18-24,White - White British (W1),White,Police and Criminal Evidence Act 1984 (section 1),Stolen goods,Nothing found - no further action,,False
Person search,2017-01-20T21:00:00+00:00,,,,,Male,18-24,Asian or Asian British - Any other Asian ethnic background (A9),Asian,Police and Criminal Evidence Act 1984 (section 1),Article for use in theft,Suspect arrested,False,False
Person search,2017-01-20T21:37:00+00:00,,,,,Male,over 34,Asian or Asian British - Bangladeshi (A3),Asian,Police and Criminal Evidence Act 1984 (section 1),Stolen goods,Nothing found - no further action,,False
Person and Vehicle search,2017-01-20T23:00:00+00:00,,,,,Male,18-24,Chinese or other ethnic group - Any other ethnic group (O9),Other,Misuse of Drugs Act 1971 (section 23),Controlled drugs,Suspect arrested,True,False
Person and Vehicle search,2017-01-20T23:29:00+00:00,,,,,Male,18-24,Mixed - White and Asian (M3),Black,Misuse of Drugs Act 1971 (section 23),Controlled drugs,Nothing found - no further action,,False
Person and Vehicle search,2017-01-20T23:31:00+00:00,,,,,Female,18-24,Asian or Asian British - Pakistani (A2),Asian,Misuse of Drugs Act 1971 (section 23),Controlled drugs,Nothing found - no further action,,False
Person search,2017-01-21T01:55:00+00:00,,,,,Male,over 34,White - Any other White ethnic background (W9),White,Police and Criminal Evidence Act 1984 (section 1),Article for use in theft,Nothing found - no further action,,False
Person search,2017-01-21T18:00:00+00:00,,,,,Male,over 34,White - White British (W1),White,Police and Criminal Evidence Act 1984 (section 1),Stolen goods,Suspect arrested,True,False
Person search,2017-01-21T22:51:00+00:00,,,,,Male,10-17,Asian or Asian British - Indian (A1),Asian,Police and Criminal Evidence Act 1984 (section 1),Article for use in theft,Nothing found - no further action,,False
Person and Vehicle search,2017-01-22T03:10:00+00:00,,,,,Male,18-24,Asian or Asian British - Bangladeshi (A3),Asian,Misuse of Drugs Act 1971 (section 23),Controlled drugs,Nothing found - no further action,,False
Person search,2017-01-23T00:16:00+00:00,,,,,Male,18-24,White - White British (W1),White,Misuse of Drugs Act 1971 (section 23),Controlled drugs,Offender given drugs possession warning,True,False
Person and Vehicle search,2017-01-23T13:34:00+00:00,,,,,Male,18-24,Asian or Asian British - Bangladeshi (A3),Asian,Misuse of Drugs Act 1971 (section 23),Controlled drugs,Suspect summonsed to court,True,False
Person search,2017-01-23T14:10:00+00:00,,,,,Male,25-34,White - White Irish (W2),White,Police and Criminal Evidence Act 1984 (section 1),Article for use in theft,Suspect arrested,False,False
Person and Vehicle search,2017-01-23T16:41:00+00:00,,,,,Male,,,Black,Police and Criminal Evidence Act 1984 (section 1),Article for use in theft,Nothing found - no further action,,False
Person search,2017-01-24T04:15:00+00:00,,,,,Male,25-34,White - White British (W1),White,Misuse of Drugs Act 1971 (section 23),Controlled drugs,Nothing found - no further action,,False
Person search,2017-01-24T04:26:00+00:00,,,,,Male,25-34,Asian or Asian British - Any other Asian ethnic background (A9),Asian,Misuse of Drugs Act 1971 (section 23),Controlled drugs,Nothing found - no further action,,False
Person search,2017-01-24T11:13:00+00:00,,,,,Male,over 34,Not Stated (NS),White,Police and Criminal Evidence Act 1984 (section 1),Article for use in theft,Nothing found - no further action,,False
Person and Vehicle search,2017-01-24T13:49:00+00:00,,,,,Male,18-24,White - White British (W1),White,Police and Criminal Evidence Act 1984 (section 1),Stolen goods,Suspect arrested,False,False
Person and Vehicle search,2017-01-24T14:25:00+00:00,,,,,Male,25-34,White - Any other White ethnic background (W9),White,Police and Criminal Evidence Act 1984 (section 1),Stolen goods,Nothing found - no further action,,False
Person and Vehicle search,2017-01-24T15:16:00+00:00,,,,,Male,25-34,Black or Black British - Caribbean (B1),Black,Police and Criminal Evidence Act 1984 (section 1),Article for use in theft,Suspect arrested,False,False
Person search,2017-01-24T17:34:00+00:00,,,,,Male,25-34,Asian or Asian British - Bangladeshi (A3),Asian,Police and Criminal Evidence Act 1984 (section 1),Stolen goods,Local resolution,True,False
Person search,2017-01-24T18:01:00+00:00,,,,,Male,25-34,White - White British (W1),White,Police and Criminal Evidence Act 1984 (section 1),Article for use in theft,Nothing found - no further action,,False
Person search,2017-01-25T00:01:00+00:00,,,,,Male,over 34,White - Any other White ethnic background (W9),White,Police and Criminal Evidence Act 1984 (section 1),Article for use in theft,Suspect arrested,False,False
Person and Vehicle search,2017-01-26T13:20:00+00:00,,,,,Male,over 34,White - Any other White ethnic background (W9),White,Police and Criminal Evidence Act 1984 (section 1),Article for use in theft,Nothing found - no further action,,False
Person and Vehicle search,2017-01-26T13:24:00+00:00,,,,,Male,over 34,White - Any other White ethnic background (W9),White,Police and Criminal Evidence Act 1984 (section 1),Article for use in theft,Nothing found - no further action,,False
Person and Vehicle search,2017-01-26T13:51:00+00:00,,,,,Female,25-34,White - Any other White ethnic background (W9),White,Police and Criminal Evidence Act 1984 (section 1),Article for use in theft,Nothing found - no further action,,False
Person and Vehicle search,2017-01-26T13:53:00+00:00,,,,,Female,over 34,White - Any other White ethnic background (W9),White,Police and Criminal Evidence Act 1984 (section 1),Article for use in theft,Nothing found - no further action,,False
Person and Vehicle search,2017-01-26T20:56:00+00:00,,,,,Male,18-24,White - Any other White ethnic background (W9),White,Misuse of Drugs Act 1971 (section 23),Controlled drugs,Suspect arrested,True,False
Person and Vehicle search,2017-01-27T00:25:00+00:00,,,,,Male,25-34,Black or Black British - Caribbean (B1),Black,Misuse of Drugs Act 1971 (section 23),Controlled drugs,Offender given drugs possession warning,True,False
Vehicle search,2017-01-27T00:30:00+00:00,,,,,,,,,Police and Criminal Evidence Act 1984 (section 1),Anything to threaten or harm anyone,Nothing found - no further action,,
Person and Vehicle search,2017-01-27T22:29:00+00:00,,,,,Male,18-24,Asian or Asian British - Bangladeshi (A3),Asian,Misuse of Drugs Act 1971 (section 23),Controlled drugs,Nothing found - no further action,,False
Person and Vehicle search,2017-01-27T22:31:00+00:00,,,,,Male,18-24,Asian or Asian British - Bangladeshi (A3),Asian,Misuse of Drugs Act 1971 (section 23),Controlled drugs,Nothing found - no further action,,False
Person and Vehicle search,2017-01-27T22:33:00+00:00,,,,,Male,18-24,Asian or Asian British - Bangladeshi (A3),Asian,Misuse of Drugs Act 1971 (section 23),Controlled drugs,Nothing found - no further action,,False
Person and Vehicle search,2017-01-27T22:49:00+00:00,,,,,Male,25-34,Asian or Asian British - Bangladeshi (A3),Asian,Misuse of Drugs Act 1971 (section 23),Controlled drugs,Suspect summonsed to court,True,False
Person and Vehicle search,2017-01-28T21:02:00+00:00,,,,,Male,18-24,Black or Black British - Caribbean (B1),Black,Police and Criminal Evidence Act 1984 (section 1),Offensive weapons,Nothing found - no further action,,False
Person and Vehicle search,2017-01-28T22:20:00+00:00,,,,,Male,25-34,Asian or Asian British - Bangladeshi (A3),Asian,Misuse of Drugs Act 1971 (section 23),Controlled drugs,Suspect arrested,True,False
Person and Vehicle search,2017-01-28T22:20:00+00:00,,,,,Male,25-34,Asian or Asian British - Indian (A1),Asian,Misuse of Drugs Act 1971 (section 23),Controlled drugs,Suspect arrested,True,False
Person search,2017-01-30T18:59:00+00:00,,,,,Male,25-34,Mixed - White and Black Caribbean (M1),Black,Police and Criminal Evidence Act 1984 (section 1),Article for use in theft,Local resolution,True,False
