Crime ID,Month,Reported by,Falls within,Longitude,Latitude,Location,LSOA code,LSOA name,Outcome type
fd938ee25814f8bf27ecc55b9957e3816277f1320941adc01ba556f7093e51b7,2017-01,City of London Police,City of London Police,-0.097601,51.520699,On or near CARTHUSIAN STREET,E01000001,City of London 001A,Suspect charged
f4035ab5095e6e83301841e54602fdc62288a4e2f716892a0ff9b08001c9d900,2017-01,City of London Police,City of London Police,-0.083086,51.511407,On or near ROOD LANE,E01032739,City of London 001F,Suspect charged
60c2db1907e1f4d5e9d60ed7749d4557641fd2c8a0a351df5fa3ac5fb0550689,2017-01,City of London Police,City of London Police,-0.083993,51.511440,On or near PHILPOT LANE,E01032739,City of London 001F,Local resolution
db04f824175026079ab76f071949d9b0670f6a1662215f91139bc48613298f03,2017-01,City of London Police,City of London Police,-0.084967,51.512598,On or near BELL INN YARD,E01032739,City of London 001F,Further investigation is not in the public interest
e4a7427add94627714dca13b5af35c6841f6d6bd27e7c8eb03330b1b7868a799,2017-01,City of London Police,City of London Police,-0.084701,51.509320,On or near LOWER THAMES STREET,E01032739,City of London 001F,Investigation complete; no suspect identified
0628f76f3195c00cf3f6ee5656b4daeaa6d5df8e6c18708cd27f704077597fdb,2017-01,City of London Police,City of London Police,-0.091823,51.514418,On or near IRONMONGER LANE,E01032739,City of London 001F,Investigation complete; no suspect identified
c53af5e57b412170519bfb80059cd539b5521810d5de9feed3f90cb55b30992a,2017-01,City of London Police,City of London Police,-0.091151,51.514992,On or near GRESHAM STREET,E01032739,City of London 001F,Investigation complete; no suspect identified
5abdd8625979c4ed11364939afba947571eb5244880f6219da0cbbabd4bb5fda,2017-01,City of London Police,City of London Police,-0.096561,51.514513,On or near CHEAPSIDE,E01032739,City of London 001F,Investigation complete; no suspect identified
0c64964a505ec9a8e004bbc8d63f825c994ef07ad41a69dc9fa88e424ad085dd,2017-01,City of London Police,City of London Police,-0.085669,51.515100,On or near AUSTIN FRIARS,E01032739,City of London 001F,Investigation complete; no suspect identified
04c77b9967fd40aed42328081a8eaa41a22d569b65d4e7486cd0a42904086965,2017-01,City of London Police,City of London Police,-0.086278,51.509876,On or near FISH STREET HILL,E01032739,City of London 001F,Suspect charged
1ec04772764b5b590bf51af29ecc2d468304da66e99052100989c57538af387e,2017-01,City of London Police,City of London Police,-0.091151,51.514992,On or near GRESHAM STREET,E01032739,City of London 001F,Investigation complete; no suspect identified
9b29fd695aa7abbccfa2afa9f4beb96b98d3776ee77fcfe465103d3667e607f6,2017-01,City of London Police,City of London Police,-0.078718,51.521038,On or near NORTON FOLGATE,E01004307,Tower Hamlets 015B,Suspect charged
be529e61b3045bd990c4f6128f7a1242861fd2d31bb7b7138bda5a740fc694e1,2017-01,City of London Police,City of London Police,-0.074958,51.514151,On or near ALDGATE HIGH STREET,E01000005,City of London 001E,Investigation complete; no suspect identified
ca41b8ee854b30de9e03dd95501735663c1408196611543205a8e2a18182260f,2017-01,City of London Police,City of London Police,-0.082571,51.514753,On or near GREAT ST HELEN'S,E01032739,City of London 001F,Suspect charged
90d6df5b2d2ad28b74d0b1c96218e634315209a279b2ba64b2ec72c319227d57,2017-01,City of London Police,City of London Police,-0.076853,51.511916,On or near Nightclub,E01032739,City of London 001F,Unable to prosecute suspect
7fc277a904af81ebf3b9c5eb98bf5bc8664b66388fac912d81f6d1b08770fa43,2017-01,City of London Police,City of London Police,-0.078127,51.512135,On or near LLOYD'S AVENUE,E01032739,City of London 001F,Investigation complete; no suspect identified
dfc04dbf8e9fffffe3dd60642da353c919c0b62b91ec756d94713a4ced040de5,2017-01,City of London Police,City of London Police,-0.092321,51.513194,On or near PANCRAS LANE,E01032739,City of London 001F,Investigation complete; no suspect identified
6dca9655e9c041f48fcc553f112c5ab094cb9afa648845876ba21a2fb12de649,2017-01,City of London Police,City of London Police,-0.096363,51.513377,On or near NEW CHANGE,E01032739,City of London 001F,Investigation complete; no suspect identified
c8b32224a63d81afcf9ae96d6e21ea116992e855fe7fe1ee9a5e24f2e8d4dc22,2017-01,City of London Police,City of London Police,-0.097334,51.521567,On or near FANN STREET,E01000001,City of London 001A,Unable to prosecute suspect
303ee1502152c632a39780c1f8b5bed2355abb5e0f7ed8ca357cda261d8099eb,2017-01,City of London Police,City of London Police,-0.084967,51.512598,On or near BELL INN YARD,E01032739,City of London 001F,Investigation complete; no suspect identified
0a03cd158df92f25a0e03d13d17ea0383d9f6dac7ba3cfb34587fd322eaa84f5,2017-01,City of London Police,City of London Police,-0.086624,51.511923,On or near CLEMENT'S LANE,E01032739,City of London 001F,Suspect charged
105130931f0752b26d6272f2f4ce9ca3afeb0155894b331a8c301b5a9b763928,2017-01,City of London Police,City of London Police,-0.090348,51.519358,On or near MOOR LANE,E01000002,City of London 001B,Investigation complete; no suspect identified
448d3d79381e7e6ca9fe08e6ffa6a2202f8198de62c8b6a9db35c7f5cf2fab78,2017-01,City of London Police,City of London Police,-0.106922,51.514204,On or near FLEET STREET,E01032740,City of London 001G,Investigation complete; no suspect identified
291c213486e25b518aed832b4287d2f89e50c7e20c4caf05835799d0f96bac35,2017-01,City of London Police,City of London Police,-0.074613,51.512060,On or near HAYDON STREET,E01000005,City of London 001E,Offender given a drugs possession warning
04ae5c66e6baf0527d4412182cf76287a076993f0f36227740a5f8331e0282fe,2017-01,City of London Police,City of London Police,-0.100179,51.514158,On or near Shopping Area,E01032739,City of London 001F,Investigation complete; no suspect identified
ce5cecc1f30c7c90a291d016b68ff42d8ffb4b39649bdb8d0e460a0b01feebfa,2017-01,City of London Police,City of London Police,-0.109155,51.516668,On or near FETTER LANE,E01032740,City of London 001G,Formal action is not in the public interest
50c00b20b1148ec241e1f2c3db57808bc1227c7623320962fc87bf4f9931f738,2017-01,City of London Police,City of London Police,-0.087118,51.513199,On or near Nightclub,E01032739,City of London 001F,Investigation complete; no suspect identified
38cdaa19bac596279f55093676bb4142e4079d254384e3271833eb70ba70aa34,2017-01,City of London Police,City of London Police,-0.112519,51.517568,On or near SOUTHAMPTON BUILDINGS,E01032740,City of London 001G,Local resolution
78a2c70732f8d257bf44fa810f2a2f52eb0443819c561f9365252ae01fc70f59,2017-01,City of London Police,City of London Police,-0.080782,51.514804,On or near ST MARY AXE,E01032739,City of London 001F,Suspect charged
6f55dd9351677b04cfa5aa28212bb7b2e2c0ee39486693095b46b73a854c4a85,2017-01,City of London Police,City of London Police,-0.090348,51.519358,On or near MOOR LANE,E01000002,City of London 001B,Investigation complete; no suspect identified
9a164e9e132d3b50af3e732de361189bd196b1967b7e0f97dafcf0521ff1b2e1,2017-01,City of London Police,City of London Police,-0.092296,51.511386,On or near COLLEGE HILL,E01032739,City of London 001F,Unable to prosecute suspect
13bb3803b0716e6d2e4353f6cd5b56c449739572ab15cae9569e371536c28f5a,2017-01,City of London Police,City of London Police,-0.094959,51.522868,On or near GOLDEN LANE,E01002706,Islington 023E,Investigation complete; no suspect identified
87068ba42df7f14557905415a87a14e494f368d81db1b64daa804e7ce12b3451,2017-01,City of London Police,City of London Police,-0.093919,51.519812,On or near Parking Area,E01000002,City of London 001B,Investigation complete; no suspect identified
7147976fff927a5ada98c5f8938c1ed79e79be0386c581f83dc174846f5f5466,2017-01,City of London Police,City of London Police,-0.090419,51.514917,On or near GRESHAM STREET,E01032739,City of London 001F,Investigation complete; no suspect identified
7db2ff9057632bba8f3c4dd38ce5b610c6184a04d46e9e380a57404abfe24320,2017-01,City of London Police,City of London Police,-0.105134,51.513869,On or near BRIDE LANE,E01032740,City of London 001G,Investigation complete; no suspect identified
92d501fd49c5756d700d5312e82e0ca980ec58a553d849fc7779d913cf2cfcab,2017-01,City of London Police,City of London Police,-0.080376,51.517244,On or near Supermarket,E01032739,City of London 001F,Unable to prosecute suspect
0055f20a1488292f7f7218e0e729715336e21553b802b0a229c4ec9bbca8e89c,2017-01,City of London Police,City of London Police,-0.086624,51.511923,On or near CLEMENT'S LANE,E01032739,City of London 001F,Investigation complete; no suspect identified
3a26abc3c5af0e2b487372acbb44395534da46cf7861479f6fd2b3f2a28ede07,2017-01,City of London Police,City of London Police,-0.085173,51.518680,On or near FINSBURY AVENUE,E01032739,City of London 001F,Investigation complete; no suspect identified
ca1a4d757a7bb11c7b291b3b1a7260a2d95cd7565c2bde7a32f139e57acd98c7,2017-01,City of London Police,City of London Police,-0.092719,51.512652,On or near QUEEN VICTORIA STREET,E01032739,City of London 001F,Investigation complete; no suspect identified
4c89400102c368690ab6cd55ee6949662f71c3edcedbf81423572971028fc1a2,2017-01,City of London Police,City of London Police,-0.079613,51.517231,On or near NEW STREET,E01032739,City of London 001F,Investigation complete; no suspect identified
adb120b46291cb8c07a485042bdf91f6c0f799cf3740fa8ca2ea45c3cebfae4c,2017-01,City of London Police,City of London Police,-0.090348,51.519358,On or near MOOR LANE,E01000002,City of London 001B,Investigation complete; no suspect identified
77ce97a08f0e733de6a5e46d03803cfd2a1ee8585f3d549b87f4b80600abc930,2017-01,City of London Police,City of London Police,-0.079613,51.517231,On or near NEW STREET,E01032739,City of London 001F,Investigation complete; no suspect identified
0910fbb89f5c8395074f1b92ed6cc7570e0b4f896b685e96a99c23bfe678080b,2017-01,City of London Police,City of London Police,-0.088233,51.515484,On or near TOKENHOUSE YARD,E01032739,City of London 001F,Investigation complete; no suspect identified
1b56a519707581db8e5aa51ba1b8cb814400e2de5335aa9ef592873008575cc9,2017-01,City of London Police,City of London Police,-0.088225,51.514656,On or near LOTHBURY,E01032739,City of London 001F,Investigation complete; no suspect identified
331a192018774c6a4316db74f985d0992999e7123b66ee08d7d9df093206cb0d,2017-01,City of London Police,City of London Police,-0.091720,51.513454,On or near Supermarket,E01032739,City of London 001F,Investigation complete; no suspect identified
e0987be2921f1e7d1e4df14c22283393f8bd39b57b460986b548c69e0543dd5f,2017-01,City of London Police,City of London Police,-0.079080,51.519615,On or near BISHOPSGATE,E01004307,Tower Hamlets 015B,Investigation complete; no suspect identified
7ca0bce7d0e4117e5034306adbd21bbc0e2d3071bee05d7619c924ae2b89c234,2017-01,City of London Police,City of London Police,-0.101395,51.510913,On or near BLACKFRIARS UNDERPASS,E01032739,City of London 001F,Investigation complete; no suspect identified
0246c748d86d3e3019ac3de40bcc5825d6f24514df668712f1a6633d12a89917,2017-01,City of London Police,City of London Police,-0.085257,51.511200,On or near TALBOT COURT,E01032739,City of London 001F,Investigation complete; no suspect identified
ca046d2140335f6b5298ce14c6edbfeb827648366f2700ad29e42544237b6f4e,2017-01,City of London Police,City of London Police,-0.081516,51.510014,On or near GREAT TOWER STREET,E01032739,City of London 001F,Investigation complete; no suspect identified
f159797b2cb97d171741ef7caed65ac904a0a04d7b58225e9c2b7718714cb2ef,2017-01,City of London Police,City of London Police,-0.100179,51.514158,On or near Shopping Area,E01032739,City of London 001F,Investigation complete; no suspect identified
771e211a8b4cef0e19cbcbf575b63cdf75e01417e3817df757d992aae2affdd6,2017-01,City of London Police,City of London Police,-0.109647,51.514887,On or near FETTER LANE,E01032740,City of London 001G,Investigation complete; no suspect identified
64acbf0945f42fea021dabe57ffcc94787d5860fc24960700c6469f72e4bc13a,2017-01,City of London Police,City of London Police,-0.090710,51.513132,On or near QUEEN VICTORIA STREET,E01032739,City of London 001F,Investigation complete; no suspect identified
3fba858d2e15648beebcb4a3f6a554aa3deac4f40e03ccf053af910fd713d714,2017-01,City of London Police,City of London Police,,,No location,,,Investigation complete; no suspect identified
a94c1eef9995d12e06c6cc766ba09ef9e2441c4a729b5b8aa52112c524f11391,2017-01,City of London Police,City of London Police,,,No location,,,Investigation complete; no suspect identified
78cf01ee4c6a91417802fb662a29250d94396ace12808ebf9e5c5bef27afb4f3,2017-01,City of London Police,City of London Police,-0.075196,51.512609,On or near ST CLARE STREET,E01000005,City of London 001E,Unable to prosecute suspect
b360eb4ce124bcb95f9cc09c7ee98e781a4bc3b47e31b5843798813e4b6a2b3a,2017-01,City of London Police,City of London Police,-0.074613,51.512060,On or near HAYDON STREET,E01000005,City of London 001E,Investigation complete; no suspect identified
bb901b01dd58bd98bd0b60eba6b7ee7dea71a4859b984f15eae18e0882a1c0ce,2017-01,City of London Police,City of London Police,-0.105134,51.513869,On or near BRIDE LANE,E01032740,City of London 001G,Investigation complete; no suspect identified
c564e1e00513a21cf6653b5f5449cafd517f6d01b2c48f451907048bc8c5a778,2017-01,City of London Police,City of London Police,-0.090142,51.514292,On or near Conference/Exhibition Centre,E01032739,City of London 001F,Formal action is not in the public interest
e99c60db589f7a916937dd0e8bdf3efa04175e7cbf255279570d7ac39550222b,2017-01,City of London Police,City of London Police,-0.085173,51.518680,On or near FINSBURY AVENUE,E01032739,City of London 001F,Investigation complete; no suspect identified
b40cf1de313dd739bb46d0a5503ed0876a01853928ba39d8af30d7d1a051b0c1,2017-01,City of London Police,City of London Police,-0.080318,51.520678,On or near PRIMROSE STREET,E01032739,City of London 001F,Investigation complete; no suspect identified
cdd94dafd4a7d00936e999515b8b001db9a42a0f3e7c67e48b48baa006730d5c,2017-01,City of London Police,City of London Police,-0.083618,51.517288,On or near BROAD STREET AVENUE,E01032739,City of London 001F,Investigation complete; no suspect identified
611038263907c021b8c24261d003cb9928db185b2a64efa9ff6b6ce22a4ce14f,2017-01,City of London Police,City of London Police,-0.082458,51.517431,On or near LIVERPOOL STREET,E01032739,City of London 001F,Investigation complete; no suspect identified
db3e92bcc0c6a0c19f315e4eaddf6ab9616ecc2484f8ec44f54b1625a6533b95,2017-01,City of London Police,City of London Police,-0.086728,51.510477,On or near KING WILLIAM STREET,E01032739,City of London 001F,Unable to prosecute suspect
3a9941e60c84122f0f5a88e8af83296ea4ac9d884a2ad84dc339941fdd857c80,2017-01,City of London Police,City of London Police,-0.101055,51.513552,On or near CREED LANE,E01032739,City of London 001F,Investigation complete; no suspect identified
e24dc350b1ab3d6188785380683b0c3deab9220354f35e9837419133cfbb6ab8,2017-01,City of London Police,City of London Police,-0.105134,51.513869,On or near BRIDE LANE,E01032740,City of London 001G,Investigation complete; no suspect identified
0c6f0780ce4076cfc50a7ee333d758581bed405329b558291dae96e94df55fb8,2017-01,City of London Police,City of London Police,-0.074330,51.513647,On or near LITTLE SOMERSET STREET,E01000005,City of London 001E,Investigation complete; no suspect identified
8cc117ec775b90acb33856845179dc08ec4ae896a7eee1aab1c9c42f41c8e7ad,2017-01,City of London Police,City of London Police,-0.096385,51.510787,On or near GARDNERS LANE,E01032739,City of London 001F,Investigation complete; no suspect identified
0bcc86841be4360679693e1f16d7e0bb8076d3d21b69ce495f65e269ecab5b78,2017-01,City of London Police,City of London Police,-0.079786,51.517576,On or near Police Station,E01032739,City of London 001F,Investigation complete; no suspect identified
422849e3121d7b7cb343d8f15d05c5185f534a237f37d86535f71189fc7056a0,2017-01,City of London Police,City of London Police,-0.105134,51.513869,On or near BRIDE LANE,E01032740,City of London 001G,Investigation complete; no suspect identified
f7e2cc56b4f19861cc105eadb2731feb8f31af585e5d8eb74661ecf2cce14e4b,2017-01,City of London Police,City of London Police,-0.095377,51.520789,On or near BRIDGEWATER STREET,E01000003,City of London 001C,Investigation complete; no suspect identified
754002b8afb90d4006d799f933263c61892ec8a7c0462b0a0c9ffd7516c3b5e4,2017-01,City of London Police,City of London Police,,,No location,,,Unable to prosecute suspect
93aa747a1dff1b87a22266c3354786e7eddd31860fd6742510950a91c3aee9c1,2017-01,City of London Police,City of London Police,,,No location,,,Investigation complete; no suspect identified
ba3e07c5eebfc8aaa050be30751b9e0c3217569b197c58edae767cd7e6f7b48c,2017-01,City of London Police,City of London Police,-0.084566,51.517690,On or near BLOMFIELD STREET,E01032739,City of London 001F,Investigation complete; no suspect identified
f8c2577b024642e98e80d6bffd1b9fb0e419efaf339ef837a42c35dedf55aca5,2017-01,City of London Police,City of London Police,-0.075389,51.511775,On or near MINORIES,E01000005,City of London 001E,Investigation complete; no suspect identified
55ebe77d4ecb5649c768a8157b6d2343296fdf7fe1c9f7f1af95527748bbab35,2017-01,City of London Police,City of London Police,-0.075196,51.512609,On or near ST CLARE STREET,E01000005,City of London 001E,Investigation complete; no suspect identified
7ead9d5197cc37a0f5a52885b985605197ecde91d752c1b93b8ac6f2802d0aa4,2017-01,City of London Police,City of London Police,-0.088843,51.509532,On or near Parking Area,E01032739,City of London 001F,Investigation complete; no suspect identified
d813a7e89361e98bdeeef3fdb126877de846dcef3c0ebd5fcdd5b5dec135bf21,2017-01,City of London Police,City of London Police,-0.113767,51.517372,On or near STONE BUILDINGS,E01000914,Camden 028B,Investigation complete; no suspect identified
6cd45b60985670450b1907d5771c2020f59f31d2e087cea6e88135f5d6581648,2017-01,City of London Police,City of London Police,-0.081091,51.516014,On or near CAMOMILE STREET,E01032739,City of London 001F,Investigation complete; no suspect identified
94f76385fd729f6bc1151049ceb8fd2834db1d3b15884481412c141185a38991,2017-01,City of London Police,City of London Police,,,No location,,,Unable to prosecute suspect
3fe6d0632f32ca3ff52f65eef7d4f36cdf7e3264184c71024e351c9da86bedc5,2017-01,City of London Police,City of London Police,-0.078856,51.518433,On or near ARTILLERY LANE,E01032739,City of London 001F,Investigation complete; no suspect identified
060ddb480dce45b221d7a41bc1f2f2c10a396ab6d6ab13106a05c9020d931553,2017-01,City of London Police,City of London Police,-0.104252,51.516733,On or near Supermarket,E01032740,City of London 001G,Investigation complete; no suspect identified
11432acd1785dd0776d81bc5ade457d510a308b18e1069e2e3d43a2adf022569,2017-01,City of London Police,City of London Police,-0.082965,51.516351,On or near WORMWOOD STREET,E01032739,City of London 001F,Investigation complete; no suspect identified
5eec5f9abac1704b41409895be0fe9ff7600c0bac06135f22d69e1eab85b9c5f,2017-01,City of London Police,City of London Police,-0.091732,51.521080,On or near Nightclub,E01002704,Islington 023D,Investigation complete; no suspect identified
dadffa8def6ff4205709906f8f9c4d79e6022e67cdc251c7e5928a191ba89de9,2017-01,City of London Police,City of London Police,-0.084967,51.512598,On or near BELL INN YARD,E01032739,City of London 001F,Investigation complete; no suspect identified
d7fcf9f985c398565c0c5fcda0367382593cf5cd116e2616d130c0b3b9633f4d,2017-01,City of London Police,City of London Police,-0.084095,51.516900,On or near NEW BROAD STREET,E01032739,City of London 001F,Investigation complete; no suspect identified
5df758de4b0d58d6f621c978bac6f1ab12f74549b1d099e2d7a2244d9998cf0c,2017-01,City of London Police,City of London Police,-0.084618,51.512682,On or near GRACECHURCH STREET,E01032739,City of London 001F,Investigation complete; no suspect identified
8cd4402660b5d795232e4d9fd619f9d86e344746a7f26c01269f19131b46b196,2017-01,City of London Police,City of London Police,-0.092865,51.510182,On or near Parking Area,E01032739,City of London 001F,Investigation complete; no suspect identified
1fb196f0436de54ac20e69dfdd11e945385effb888437a087f0fedbc7498b540,2017-01,City of London Police,City of London Police,-0.084105,51.515281,On or near Conference/Exhibition Centre,E01032739,City of London 001F,Investigation complete; no suspect identified
b4cb6ab8fcc68ae10372c0b9e7f1cae0a862de295b4a8533d2236bf98090ec73,2017-01,City of London Police,City of London Police,-0.086175,51.510945,On or near GRACECHURCH STREET,E01032739,City of London 001F,Investigation complete; no suspect identified
5623d4d43f85bd5c2d5efc881f5d8715e7c5c378a50e3c2f98e10b883aba42c2,2017-01,City of London Police,City of London Police,-0.095892,51.516391,On or near NOBLE STREET,E01000001,City of London 001A,Unable to prosecute suspect
4191bfebb7f9d98e7472188c3ccda9398ba282dc643034326c58105b6f5c16d9,2017-01,City of London Police,City of London Police,-0.110735,51.517836,On or near Further/Higher Educational Building,E01032740,City of London 001G,Investigation complete; no suspect identified
92f4a3031589bac2d0210c3942f22813a21a6fd6128f17153647c472b953e1f8,2017-01,City of London Police,City of London Police,-0.110735,51.517836,On or near Further/Higher Educational Building,E01032740,City of London 001G,Investigation complete; no suspect identified
17f160126742a363f83c4c7a4a827b944a7ea78e203a7af87e0ad3ec89a877a8,2017-01,City of London Police,City of London Police,-0.098148,51.517938,On or near ALBION WAY,E01032740,City of London 001G,Investigation complete; no suspect identified
8bb835e65695871cb0d047da2383207962c32613c1eff71911b6da8843fbc6fa,2017-01,City of London Police,City of London Police,-0.089536,51.516719,On or near NUN COURT,E01032739,City of London 001F,Investigation complete; no suspect identified
c9c8a3b0a28799ef4a151de06b73d8e2c3204f851244ca35dbdc10f143a2b260,2017-01,City of London Police,City of London Police,-0.097645,51.515142,On or near ST MARTIN'S LE GRAND,E01032739,City of London 001F,Formal action is not in the public interest
c02af9a401ffec6d30e294ab0b57fa592cfaa6d7dd5c49766e3ee8f481b95d4d,2017-01,City of London Police,City of London Police,-0.086278,51.509876,On or near FISH STREET HILL,E01032739,City of London 001F,Investigation complete; no suspect identified
e78bf3f0fc107288633a3677607e19bfb7622cc56806314fbe507ee422da1de3,2017-01,City of London Police,City of London Police,-0.105134,51.513869,On or near BRIDE LANE,E01032740,City of London 001G,Unable to prosecute suspect
776afb34e1df57a7a54809a9198108b0e52e2787e3255c1abc994337d11a8ef8,2017-01,City of London Police,City of London Police,-0.086550,51.512651,On or near BIRCHIN LANE,E01032739,City of London 001F,Investigation complete; no suspect identified
a2a314c9917c76e1824f4e2dc221d379974175d97cfe800bec117b76ede7f413,2017-01,City of London Police,City of London Police,-0.085669,51.515100,On or near AUSTIN FRIARS,E01032739,City of London 001F,Investigation complete; no suspect identified
a00ab28ecec7dd12a733208bda0c1aa366de60e241f8fd603b3676bf9a48ddb8,2017-01,City of London Police,City of London Police,-0.088393,51.511332,On or near ABCHURCH LANE,E01032739,City of London 001F,Investigation complete; no suspect identified
a2feb0f32e66763f3d224aac2c84f2324d88631fc7ea7581e1c32c441f9a0002,2017-01,City of London Police,City of London Police,-0.092517,51.520580,On or near WHITECROSS STREET,E01000002,City of London 001B,Investigation complete; no suspect identified
0e95657efdfae16e799ff477f12304341a5eafb8736d7d00105bd2919d8cc480,2017-01,City of London Police,City of London Police,-0.080318,51.520678,On or near PRIMROSE STREET,E01032739,City of London 001F,Investigation complete; no suspect identified
b25c267a904a3f8ddba353c8d8818e2d70d176159c63a2129ef46192cd8f2c4a,2017-01,City of London Police,City of London Police,-0.086624,51.511923,On or near CLEMENT'S LANE,E01032739,City of London 001F,Investigation complete; no suspect identified
1b19f755fd92a061c25b351a65c89091c91d79ae774eba5c0a8675704997fab8,2017-01,City of London Police,City of London Police,-0.078856,51.518433,On or near ARTILLERY LANE,E01032739,City of London 001F,Investigation complete; no suspect identified
9684fa177b03abc424dc7c76c62df91b179994cac0fcb54b89c4b97114589f70,2017-01,City of London Police,City of London Police,-0.080376,51.517244,On or near Supermarket,E01032739,City of London 001F,Unable to prosecute suspect
8097a44d6334e09e165de276c3c4c49bd3c77729fc4138d0e0c43d7eab502035,2017-01,City of London Police,City of London Police,-0.082571,51.514753,On or near GREAT ST HELEN'S,E01032739,City of London 001F,Unable to prosecute suspect
878e867e93f7404cb79a1be8d1d1e0a19686ed663436789c0316e7fa5189e85c,2017-01,City of London Police,City of London Police,-0.084701,51.509320,On or near LOWER THAMES STREET,E01032739,City of London 001F,Investigation complete; no suspect identified
9cf4ea4d1df1b07e19d60557022055c1302ddd89fdcd5b47f6ea4e6fc8ba1551,2017-01,City of London Police,City of London Police,-0.101575,51.513857,On or near LUDGATE HILL,E01032739,City of London 001F,Investigation complete; no suspect identified
95299c149979420e0d86323e408f7383bd98dc2856adc0810ec370279b1ad45f,2017-01,City of London Police,City of London Police,-0.088621,51.518619,On or near MOORFIELDS,E01000002,City of London 001B,Investigation complete; no suspect identified
3a276ff94f9a4c09f579d1e63cb8fb4fc05d10306f49724363ea61cc3a56b486,2017-01,City of London Police,City of London Police,-0.078924,51.508587,On or near PETTY WALES,E01032739,City of London 001F,Investigation complete; no suspect identified
09b93e09031dc34e215a1a0593a8a034e5149c077e02a6a63c302cd7d58a8d2e,2017-01,City of London Police,City of London Police,-0.077578,51.510795,On or near PEPYS STREET,E01032739,City of London 001F,Unable to prosecute suspect
9282601b14ffed2698a982b5f628fe155c8106547b989997d529e53aaf18045d,2017-01,City of London Police,City of London Police,-0.100179,51.514158,On or near Shopping Area,E01032739,City of London 001F,Investigation complete; no suspect identified
b41dd5976a767c4e3df36afd0db11c8fb3e9186ab71d3eb064f03cb6b1193a06,2017-01,City of London Police,City of London Police,-0.096363,51.513377,On or near NEW CHANGE,E01032739,City of London 001F,Investigation complete; no suspect identified
2da3f183fd28f1973c13da127e16df4eecc5a282c9b6909535cb12ad2629f201,2017-01,City of London Police,City of London Police,-0.100179,51.514158,On or near Shopping Area,E01032739,City of London 001F,Investigation complete; no suspect identified
6979f9a70da2f6419b5e1b47a521c763099c44252afb84d4f6e8549e0a22f2ab,2017-01,City of London Police,City of London Police,-0.086624,51.511923,On or near CLEMENT'S LANE,E01032739,City of London 001F,Investigation complete; no suspect identified
87b8b9b75540bd04706e9c4d8000d4cb2aa5672817bada04cbe589f4eaa809e0,2017-01,City of London Police,City of London Police,-0.075389,51.511775,On or near MINORIES,E01000005,City of London 001E,Investigation complete; no suspect identified
db64ba744c1c73840c0f69af07fae1df1db51db181fd32a9e6d3c5652eb92022,2017-01,City of London Police,City of London Police,-0.080665,51.509344,On or near Pedestrian Subway,E01032739,City of London 001F,Investigation complete; no suspect identified
f5a578e31d2a26abf41628121624cb302940c8facd364c9cea8d6b0dcacb2824,2017-01,City of London Police,City of London Police,-0.081912,51.516370,On or near Conference/Exhibition Centre,E01032739,City of London 001F,Unable to prosecute suspect
1683d3d57ca3425cc84ac14d75933f0fd89e8c8f9b8b80da931c8759382fc3da,2017-01,City of London Police,City of London Police,-0.086624,51.511923,On or near CLEMENT'S LANE,E01032739,City of London 001F,Suspect charged
cb7325fd73ef66e8e8954c50af274385a90879fe917a6f1736d379b78dbed7a5,2017-01,City of London Police,City of London Police,-0.084618,51.512682,On or near GRACECHURCH STREET,E01032739,City of London 001F,Suspect charged
ad2d0c87a1cecf3c967f15d5344f32479da0f2008e63a143ebf409e06c8e03f8,2017-01,City of London Police,City of London Police,-0.090710,51.513132,On or near QUEEN VICTORIA STREET,E01032739,City of London 001F,Suspect charged
8c58d3b031227e150505765030ac64cfa37853cb40238a3c798ef8d048f88afa,2017-01,City of London Police,City of London Police,-0.082571,51.514753,On or near GREAT ST HELEN'S,E01032739,City of London 001F,Suspect charged
97e0de7db5aba59bd3af87cbcda246ab7eee35701f87967bc0aa751c8091f931,2017-01,City of London Police,City of London Police,-0.086624,51.511923,On or near CLEMENT'S LANE,E01032739,City of London 001F,Suspect charged
f1970dc0b289aefcca3fe6a573997ee4c7601399a34671b466b93b8db5a7e013,2017-01,City of London Police,City of London Police,-0.109709,51.517909,On or near HIGH HOLBORN,E01032740,City of London 001G,Suspect charged
0301085e557361ae8f48fbf76fe617a41b753e1c6c52333a95bcbf6c93ce2eb7,2017-01,City of London Police,City of London Police,-0.109709,51.517909,On or near HIGH HOLBORN,E01032740,City of London 001G,Suspect charged
66249da6d91714e847d95ec3cb45a5efb1d4eedd3114f8b86afb7f287c01a8f9,2017-01,City of London Police,City of London Police,-0.093465,51.514463,On or near RUSSIA ROW,E01032739,City of London 001F,Suspect charged
32c2e15257a1c7f13fbf4e17cf90e7eacbea2212030fcbdcbc1e284501c3b529,2017-01,City of London Police,City of London Police,-0.093465,51.514463,On or near RUSSIA ROW,E01032739,City of London 001F,Suspect charged
488cb522d135152f01e226cab916beec286845b38ee1fc7b0ded0be7d95ea0d1,2017-01,City of London Police,City of London Police,-0.091720,51.513454,On or near Supermarket,E01032739,City of London 001F,Offender given a drugs possession warning
95c694f5136db6bd942610caa4ae4f83d95b87405d7fce6f1ce2dcfeeefa8945,2017-01,City of London Police,City of London Police,-0.085257,51.511200,On or near TALBOT COURT,E01032739,City of London 001F,Suspect charged
b93d407c635f0f3b0126411505fada1cd9a78e4b68239c3207ab1fde67d0e2b8,2017-01,City of London Police,City of London Police,-0.086624,51.511923,On or near CLEMENT'S LANE,E01032739,City of London 001F,Suspect charged
ad2d0c87a1cecf3c967f15d5344f32479da0f2008e63a143ebf409e06c8e03f8,2017-01,City of London Police,City of London Police,-0.090710,51.513132,On or near QUEEN VICTORIA STREET,E01032739,City of London 001F,Suspect charged
ac5454fe77fe436831cf5ff30f7cd9f636a78fa02538a4794354b81501016833,2017-01,City of London Police,City of London Police,-0.082913,51.513463,On or near LEADENHALL STREET,E01032739,City of London 001F,Suspect charged
c08f62df3b342c5324b438159f89656b46bc3754738779461b49e7027d42e7e6,2017-01,City of London Police,City of London Police,-0.077224,51.516122,On or near Shopping Area,E01000005,City of London 001E,Suspect charged
1c43a283bffd4f0effe6a661354c1355d10839a1897427f2eaed6bfab7b96fb4,2017-01,City of London Police,City of London Police,-0.090710,51.513132,On or near QUEEN VICTORIA STREET,E01032739,City of London 001F,Suspect charged
1c43a283bffd4f0effe6a661354c1355d10839a1897427f2eaed6bfab7b96fb4,2017-01,City of London Police,City of London Police,-0.090710,51.513132,On or near QUEEN VICTORIA STREET,E01032739,City of London 001F,Suspect charged
c7976567082bba01c393f6dad6b6f18ea93ea70dd7ca77189006d6a3052eeae4,2017-01,City of London Police,City of London Police,-0.085310,51.518511,On or near ELDON STREET,E01032739,City of London 001F,Suspect charged
48148ab5d5f2446f37a29fa192120c1874f0e4237452d4aeb655bb59a63ce265,2017-01,City of London Police,City of London Police,-0.085355,51.510563,On or near PUDDING LANE,E01032739,City of London 001F,Suspect charged
878b6ee12fac50d8c2a21b93227bb2bfe5b8d64927ef0c8cd01c8e912b3f89bb,2017-01,City of London Police,City of London Police,-0.087670,51.516877,On or near COPTHALL AVENUE,E01032739,City of London 001F,Investigation complete; no suspect identified
3417b7c061a849cef8cac200c9997541e1b703ec4104799c3026704198967d27,2017-01,City of London Police,City of London Police,-0.077935,51.514281,On or near DUKE'S PLACE,E01032739,City of London 001F,Offender given a caution
ee7f87aa619ac873a1b5569546cd77baf87ac46363c17755a2e6a24aad044c77,2017-01,City of London Police,City of London Police,-0.086624,51.511923,On or near CLEMENT'S LANE,E01032739,City of London 001F,Local resolution
7f9f9f57b6ca290edce46b110186f155bf63cb4fbf0b3d2e25304d8bfc44ce02,2017-01,City of London Police,City of London Police,-0.096363,51.513377,On or near NEW CHANGE,E01032739,City of London 001F,Local resolution
f59e4b40849d52c98e667582a7d3d66fb0382aad6836d13240446d17545d51ca,2017-01,City of London Police,City of London Police,-0.091084,51.513830,On or near OLD JEWRY,E01032739,City of London 001F,Offender given a caution
9a26ee400c68656803cc15be6282294b98628c1fe76a4870ccf78c385868017b,2017-01,City of London Police,City of London Police,-0.088995,51.512088,On or near ST SWITHIN'S LANE,E01032739,City of London 001F,Offender given penalty notice
9a761f30b613ca19730063c349bfcc05d16ef162875b673a35161f67a59fc833,2017-01,City of London Police,City of London Police,-0.082571,51.514753,On or near GREAT ST HELEN'S,E01032739,City of London 001F,Offender given a caution
77336ae8abe0a56fda6b55d85452f5f89a43c0d9b943e53fc6eff63cb1b1a9e9,2017-01,City of London Police,City of London Police,-0.108231,51.513928,On or near PLEYDELL STREET,E01032740,City of London 001G,Offender given a drugs possession warning
2218012383b5e0ed787961175da5171fd11019037e6dbfc3c35ebc7b454fd286,2017-01,City of London Police,City of London Police,-0.101794,51.516207,On or near NEWGATE STREET,E01032740,City of London 001G,Offender given a drugs possession warning
1824f1191f38870e9c1a14dd39d1401322572f390a7e5a98db57a521c93e776b,2017-01,City of London Police,City of London Police,-0.084251,51.520059,On or near SUN STREET,E01032739,City of London 001F,Offender given a caution
a9d4f3e694ff5945533e3bec9f955b98b23a1db9c40788f1f76de58f490e9f8a,2017-01,City of London Police,City of London Police,-0.095377,51.520789,On or near BRIDGEWATER STREET,E01000003,City of London 001C,Offender given penalty notice
a9d4f3e694ff5945533e3bec9f955b98b23a1db9c40788f1f76de58f490e9f8a,2017-01,City of London Police,City of London Police,-0.095377,51.520789,On or near BRIDGEWATER STREET,E01000003,City of London 001C,Offender given penalty notice
bf8ca27c31f88e1013afe801c4fa0a550c68b195cbf347fed5a2bdac2274968c,2017-01,City of London Police,City of London Police,-0.106922,51.514204,On or near FLEET STREET,E01032740,City of London 001G,Investigation complete; no suspect identified
a1ab8e7b34b7533eea45838b108f45456211f165dac1fc24d04bee8653a35391,2017-01,City of London Police,City of London Police,-0.079283,51.511021,On or near SEETHING LANE,E01032739,City of London 001F,Investigation complete; no suspect identified
2cce02a05134f8e8447ca3c58ed44e87970f23905a5a2b00673b7520dee46d0c,2017-01,City of London Police,City of London Police,-0.083993,51.511440,On or near PHILPOT LANE,E01032739,City of London 001F,Investigation complete; no suspect identified
bdc22311ca3ea2a757eb2e7632be088c21bed31cc8c4f60ffeb8e8226caceec8,2017-01,City of London Police,City of London Police,-0.078856,51.518433,On or near ARTILLERY LANE,E01032739,City of London 001F,Investigation complete; no suspect identified
b6f7d0f95ec46367071cbee74ce515b0dec37719328dad7f405c1e3a0c6d2d07,2017-01,City of London Police,City of London Police,-0.079786,51.517576,On or near Police Station,E01032739,City of London 001F,Investigation complete; no suspect identified
a6b2109f5733c59733bf06aba3626d9ae39246f8460beae1c1580c96b7def048,2017-01,City of London Police,City of London Police,-0.073849,51.514457,On or near Pedestrian Subway,E01032767,Tower Hamlets 021F,Investigation complete; no suspect identified
b59f63e403a27942b8dedb9b707f8d2ebe88c10179ea91d9cb7463da54218b82,2017-01,City of London Police,City of London Police,-0.084618,51.512682,On or near GRACECHURCH STREET,E01032739,City of London 001F,Investigation complete; no suspect identified
6e7d87e8797a3c1cf71fbd4bc3792031498349c9dbb2c8974aa30c31c3da2d31,2017-01,City of London Police,City of London Police,-0.100202,51.513268,On or near DEAN'S COURT,E01032739,City of London 001F,Investigation complete; no suspect identified
575b0d4bfd4db3efd923e6a15f8af5edfe6b1b0d3669068ba965b819ab1daf2d,2017-01,City of London Police,City of London Police,-0.099907,51.512031,On or near QUEEN VICTORIA STREET,E01032739,City of London 001F,Unable to prosecute suspect
69b23215baadcc566bdd28a5f3c489ba5ef18815cce2f5b98cb7f50f09002a04,2017-01,City of London Police,City of London Police,-0.080782,51.514804,On or near ST MARY AXE,E01032739,City of London 001F,Investigation complete; no suspect identified
42c7e94da2716f5e86f92e58609ed7a1645c958f89d3e9e0ab672ed3899bf8a9,2017-01,City of London Police,City of London Police,-0.081938,51.513007,On or near LIME STREET,E01032739,City of London 001F,Investigation complete; no suspect identified
09dd1e71ba7682d6c9326ce1a9a6e7811c0371160c4d2e77bacab9adb4e3321a,2017-01,City of London Police,City of London Police,-0.102721,51.515404,On or near ST GEORGES'S COURT,E01032740,City of London 001G,Investigation complete; no suspect identified
a0d3618c95d688b31d789e046c828f3264b560c87838d7a989c0b2fda2f869eb,2017-01,City of London Police,City of London Police,-0.084618,51.512682,On or near GRACECHURCH STREET,E01032739,City of London 001F,Investigation complete; no suspect identified
50e813754e0fc2943d46bbbe63a5fa86c013c25c349289de77fd77c9d250f3f9,2017-01,City of London Police,City of London Police,-0.078779,51.508971,On or near GLOUCESTER COURT,E01004293,Tower Hamlets 027B,Investigation complete; no suspect identified
1ed1788bc773afd8c020bbbb073c4de932038b99ea89bf06a53f4f3d43a64e58,2017-01,City of London Police,City of London Police,-0.088621,51.518619,On or near MOORFIELDS,E01000002,City of London 001B,Investigation complete; no suspect identified
0cbd27319400830f6d7176573c09abcbe24f78cd17335221e5a4ec05f7b2d319,2017-01,City of London Police,City of London Police,-0.091732,51.521080,On or near Nightclub,E01002704,Islington 023D,Investigation complete; no suspect identified
de5ab0d24f022089cd1f4fbf25a5ebb24fdb5a9f972fced32b6724ac13e11720,2017-01,City of London Police,City of London Police,-0.095960,51.517534,On or near LONDON WALL,E01000001,City of London 001A,Investigation complete; no suspect identified
00612a19774e5462d0400cb5f15793abfb216220fdbb9e6317719df2ba6358d5,2017-01,City of London Police,City of London Police,-0.087118,51.513199,On or near Nightclub,E01032739,City of London 001F,Investigation complete; no suspect identified
55d34409666eb3bdfb68bde76058341a05cc9d07f487fdbd7fb663d89886a485,2017-01,City of London Police,City of London Police,-0.096363,51.513377,On or near NEW CHANGE,E01032739,City of London 001F,Investigation complete; no suspect identified
c70a79fa7d4a5f0e1afaf69a4fd80dd5ab454b62dd99ebd2b8cd88ee1810ec63,2017-01,City of London Police,City of London Police,-0.082458,51.517431,On or near LIVERPOOL STREET,E01032739,City of London 001F,Investigation complete; no suspect identified
793d4c3b07657705c671179a03762a35ff3f351b79efb438ea6446f1bc758f7b,2017-01,City of London Police,City of London Police,-0.073152,51.512206,On or near MANSELL STREET,E01000005,City of London 001E,Investigation complete; no suspect identified
185ecf4c8558fbcdbcf8e676d9cf63dae14ffdc287424accfefbbb56d86c8248,2017-01,City of London Police,City of London Police,-0.086051,51.513569,On or near FINCH LANE,E01032739,City of London 001F,Investigation complete; no suspect identified
8d75f30eeaf74bc8d6fb17e0bb2b8f8301238f06a5d4ec0fda0bdc9883296121,2017-01,City of London Police,City of London Police,-0.080318,51.520678,On or near PRIMROSE STREET,E01032739,City of London 001F,Investigation complete; no suspect identified
5396af64f0edc6e8c38abd93e11c90f603f799d9861c366e1a5a9c50e17b6cfb,2017-01,City of London Police,City of London Police,-0.087118,51.513199,On or near Nightclub,E01032739,City of London 001F,Investigation complete; no suspect identified
33a3ddb8160a854a4bd7825dcc48730170e58389ac8f7dd00d017ffdf6318561,2017-01,City of London Police,City of London Police,-0.077777,51.518046,On or near SANDY'S ROW,E01032739,City of London 001F,Investigation complete; no suspect identified
2f0677d5c1b77898970fd1e9f7bc20db4d40dabd42afe51533f39686b9952f28,2017-01,City of London Police,City of London Police,-0.108164,51.516571,On or near NEW FETTER LANE,E01032740,City of London 001G,Investigation complete; no suspect identified
d720d895e69dc0752c284f1f3187ee251ffe61885670048b66839a09680b05a3,2017-01,City of London Police,City of London Police,-0.102721,51.515404,On or near ST GEORGES'S COURT,E01032740,City of London 001G,Investigation complete; no suspect identified
81921241408bb80cba4a4602322acb372bcdda5af3deb40f35a4665ccb731701,2017-01,City of London Police,City of London Police,-0.092719,51.512652,On or near QUEEN VICTORIA STREET,E01032739,City of London 001F,Investigation complete; no suspect identified
54da000d385788743ddd3af9c2b78e43f8be80a49d3c1070a8c4871da77fe48d,2017-01,City of London Police,City of London Police,-0.079786,51.517576,On or near Police Station,E01032739,City of London 001F,Investigation complete; no suspect identified
4fc7a908dd95f7875b24a80be0e74aa4f06f27ea74845d9150b217115cd239b6,2017-01,City of London Police,City of London Police,-0.105134,51.513869,On or near BRIDE LANE,E01032740,City of London 001G,Investigation complete; no suspect identified
554600377fbf4dfb2d7c4e8d090e932254e498f03d29dd7f9190cf237c85fed3,2017-01,City of London Police,City of London Police,-0.090348,51.519358,On or near MOOR LANE,E01000002,City of London 001B,Investigation complete; no suspect identified
48f31a56fe8439d8365c5fe4242203cf318cfcde7563c825e6e1c0758b97b27c,2017-01,City of London Police,City of London Police,-0.089475,51.513355,On or near Pedestrian Subway,E01032739,City of London 001F,Unable to prosecute suspect
671e58343dd9b849fc283de020fa5a79d82dbb24cd729a815c914bfe2930433f,2017-01,City of London Police,City of London Police,-0.097601,51.520699,On or near CARTHUSIAN STREET,E01000001,City of London 001A,Investigation complete; no suspect identified
3df3dd4f587d26013f80be4d9b5c59cca9fdaa50b0ae865ba02896841ec06059,2017-01,City of London Police,City of London Police,-0.084566,51.517690,On or near BLOMFIELD STREET,E01032739,City of London 001F,Investigation complete; no suspect identified
77b3c3de93a6e0a3fc46cd107e296d785853e71f6695476283ab50b4cf79b1ac,2017-01,City of London Police,City of London Police,-0.096363,51.513377,On or near NEW CHANGE,E01032739,City of London 001F,Investigation complete; no suspect identified
40e2e9d1a7186d4867d625337b73496e6ff00d3fd882bc2bdb463048d6b88f71,2017-01,City of London Police,City of London Police,-0.092719,51.512652,On or near QUEEN VICTORIA STREET,E01032739,City of London 001F,Investigation complete; no suspect identified
3b25da6e0b3a9dc11f09b72c97e512cc54d3e2a917a8bcbfd459489e34d99008,2017-01,City of London Police,City of London Police,-0.085355,51.510563,On or near PUDDING LANE,E01032739,City of London 001F,Unable to prosecute suspect
96ceccec6a2023024d59e922022e2ebdc424e37e5d5ab800a6d9e423f8a2550c,2017-01,City of London Police,City of London Police,-0.093933,51.519812,On or near Conference/Exhibition Centre,E01000002,City of London 001B,Investigation complete; no suspect identified
6ee80e983220cf3b294a2016574bbaaf4dd7ffea8db5c768a3df0b4b5af64338,2017-01,City of London Police,City of London Police,-0.083972,51.510549,On or near LOVAT LANE,E01032739,City of London 001F,Investigation complete; no suspect identified
ee65ab0c62280fc49fec634360c6e01c38440398b1e249310041bfe267df51e8,2017-01,City of London Police,City of London Police,-0.099436,51.519901,On or near HAYNE STREET,E01032740,City of London 001G,Investigation complete; no suspect identified
6083757e038c3a79d264525989266d0da15989e6e227a02ec94d2e04bf343aab,2017-01,City of London Police,City of London Police,-0.083972,51.510549,On or near LOVAT LANE,E01032739,City of London 001F,Investigation complete; no suspect identified
2881aa5c92692df3ddcfd39b1768a1ee8a24616c9fe1935168439e41a183da0e,2017-01,City of London Police,City of London Police,-0.086393,51.510894,On or near EASTCHEAP,E01032739,City of London 001F,Investigation complete; no suspect identified
972585863977a4590dace8f86dabdd86f76f9e605132072f443ed75edab15bc4,2017-01,City of London Police,City of London Police,-0.078779,51.508971,On or near GLOUCESTER COURT,E01004293,Tower Hamlets 027B,Investigation complete; no suspect identified
e0800d7e6616d7c02f1f121c771524d90664e3638c94869f15821a5492a18c8b,2017-01,City of London Police,City of London Police,-0.092851,51.522942,On or near WHITECROSS STREET,E01002704,Islington 023D,Investigation complete; no suspect identified
96cfb8f77c5bf950a8c4cc2e4d1154c80079c463d70c26c47a40a25870ee3b61,2017-01,City of London Police,City of London Police,-0.078924,51.508587,On or near PETTY WALES,E01032739,City of London 001F,Investigation complete; no suspect identified
8b4aed0a037d351190939f7639a3229a102588d88e08ad9f95d67a0dcf1f364d,2017-01,City of London Police,City of London Police,-0.080665,51.509344,On or near Pedestrian Subway,E01032739,City of London 001F,Investigation complete; no suspect identified
2fd9e80eec4e1a228176fe437f82b5982c248be576a756fe7dea7360374c7624,2017-01,City of London Police,City of London Police,-0.082628,51.518189,On or near SUN STREET PASSAGE,E01032739,City of London 001F,Investigation complete; no suspect identified
d7438755260f0183f9ba86092c786f6b7b5010abb0c531c5811dfd54e2075f1e,2017-01,City of London Police,City of London Police,-0.073065,51.511180,On or near GOODMAN'S YARD,E01000005,City of London 001E,Investigation complete; no suspect identified
de19aab2b85b1e12afd59d5573e3bf1239b84c54b98cd0c4ed33ee0c72a7d827,2017-01,City of London Police,City of London Police,-0.094758,51.512829,On or near Nightclub,E01032739,City of London 001F,Investigation complete; no suspect identified
b3b1a37713c1b313663818c2bb03eda57091f59dbb921f8278896cc0f32c495e,2017-01,City of London Police,City of London Police,-0.096363,51.513377,On or near NEW CHANGE,E01032739,City of London 001F,Investigation complete; no suspect identified
f8e792e5b6bd9bc4d7a5c2e14eee3e51070477fbd70ab68a1d9aebe0d8389a83,2017-01,City of London Police,City of London Police,-0.097645,51.515142,On or near ST MARTIN'S LE GRAND,E01032739,City of London 001F,Investigation complete; no suspect identified
073a96a6d73c6a4407a2e58af03f952bf973050a6580d115f504ac826f673d52,2017-01,City of London Police,City of London Police,-0.095484,51.515467,On or near GUTTER LANE,E01000002,City of London 001B,Unable to prosecute suspect
35956c7929c7ded8ecf92e46267ef680803e4012bb375b346d04319e37924aa1,2017-01,City of London Police,City of London Police,-0.084199,51.513394,On or near CORNHILL,E01032739,City of London 001F,Unable to prosecute suspect
1831fff89e70fe09a594f941c4c10a47689bf9e7075e0d4d2d94f435662262e4,2017-01,City of London Police,City of London Police,-0.077777,51.518046,On or near SANDY'S ROW,E01032739,City of London 001F,Investigation complete; no suspect identified
426085c2ed33af598945597baf7cf4fb885fabd4cc0544840be60a6115830e51,2017-01,City of London Police,City of London Police,-0.086051,51.513569,On or near FINCH LANE,E01032739,City of London 001F,Investigation complete; no suspect identified
c8a2c25b96d759521858a43f3d481f708e0f2881ff0cb7d8a8a28492272fc34d,2017-01,City of London Police,City of London Police,-0.102741,51.513885,On or near PAGEANTMASTER COURT,E01032740,City of London 001G,Investigation complete; no suspect identified
d098999d33f9ad8038aeb61b0addf3138c38b26c016ee8f2181d0ad28a6ddfa6,2017-01,City of London Police,City of London Police,-0.085173,51.518680,On or near FINSBURY AVENUE,E01032739,City of London 001F,Investigation complete; no suspect identified
1bfe51ca16acc0bc217f0cb8874f6aa03064ac17806f0cbc13d43da360572538,2017-01,City of London Police,City of London Police,-0.086166,51.510828,On or near EASTCHEAP,E01032739,City of London 001F,Investigation complete; no suspect identified
4cff1985349ab49e8607c85dcaf32876cb4ac564eccdaf42e754a3b6b692b2b8,2017-01,City of London Police,City of London Police,-0.104281,51.516032,On or near BEAR ALLEY,E01032740,City of London 001G,Investigation complete; no suspect identified
4785625465180d1ca630c74195034255c933305aef0312e2dd91ad0bd41afc8d,2017-01,City of London Police,City of London Police,-0.109709,51.517909,On or near HIGH HOLBORN,E01032740,City of London 001G,Investigation complete; no suspect identified
d40ad1fe811b1f693d1261c74afad4f1fb708fbeec959b94315daa00e3c88877,2017-01,City of London Police,City of London Police,-0.102502,51.516165,On or near GREEN ARBOUR COURT,E01032740,City of London 001G,Investigation complete; no suspect identified
f5b24f6066d7e7c9b3a2959a9be1510cfff311136ed417d524f4851b81f9667b,2017-01,City of London Police,City of London Police,-0.081938,51.513007,On or near LIME STREET,E01032739,City of London 001F,Investigation complete; no suspect identified
c213220d18b30463237d2c7abf1c84daa8dce8a7c16385e655f7b8c0e15708cc,2017-01,City of London Police,City of London Police,-0.097973,51.512108,On or near DISTAFF LANE,E01032739,City of London 001F,Investigation complete; no suspect identified
7b859683e3adb2530ccbb70fef8175d249c303abc505da1515e7db946b45ee17,2017-01,City of London Police,City of London Police,-0.086624,51.511923,On or near CLEMENT'S LANE,E01032739,City of London 001F,Investigation complete; no suspect identified
7c7913bd8ad8d85ba8cda54910325199323bbc2c53069b7fd58a9e07b89bab11,2017-01,City of London Police,City of London Police,-0.089838,51.516067,On or near COLEMAN STREET,E01032739,City of London 001F,Investigation complete; no suspect identified
5aa8e3179ab120299fb1830c75160045eb57513e8b7973a9be61957467ba53ea,2017-01,City of London Police,City of London Police,-0.100179,51.514158,On or near Shopping Area,E01032739,City of London 001F,Investigation complete; no suspect identified
5bc871cc906826fee5657406b852f30048b3507b22bd1b12e7aa10b108892613,2017-01,City of London Police,City of London Police,-0.089596,51.518743,On or near NEW UNION STREET,E01000002,City of London 001B,Investigation complete; no suspect identified
72a2538ee956a5a3f595b95a34ab5953e099520d886d27c77193478ac7738cf5,2017-01,City of London Police,City of London Police,-0.101452,51.512650,On or near ST ANDREW'S HILL,E01032739,City of London 001F,Investigation complete; no suspect identified
c322df9977fd9c59e31b7de737c6013e44a0928eefe49a149de18c11ce04b803,2017-01,City of London Police,City of London Police,-0.086051,51.513569,On or near FINCH LANE,E01032739,City of London 001F,Investigation complete; no suspect identified
92de4f62406545c14811f494560e179e11b58bf0869d2c86745b1bbc6779b179,2017-01,City of London Police,City of London Police,-0.096643,51.512545,On or near DISTAFF LANE,E01032739,City of London 001F,Investigation complete; no suspect identified
7d030bce8a3229c6ca3c9d91e5ca89a7019059027c1d4482be2b5f4cae3cedd4,2017-01,City of London Police,City of London Police,-0.080376,51.517244,On or near Supermarket,E01032739,City of London 001F,Investigation complete; no suspect identified
1978f69e97388e383acb883936c008a2c85743942c91a713b55ed7820e83a2fe,2017-01,City of London Police,City of London Police,-0.100884,51.516966,On or near Hospital,E01032740,City of London 001G,Investigation complete; no suspect identified
7bfe0d05a880102002cf474ebb57f0f6c5a96f98b9cadb67b226ca99c487d9cd,2017-01,City of London Police,City of London Police,-0.081832,51.514507,On or near UNDERSHAFT,E01032739,City of London 001F,Investigation complete; no suspect identified
e54618a0aa1f999ff2fec69130d04dc5dc2b7ab1c2898d4eff744c96539a7780,2017-01,City of London Police,City of London Police,-0.089465,51.510855,On or near GOPHIR LANE,E01032739,City of London 001F,Investigation complete; no suspect identified
2ea840ec8fcb30060b743b8323213084996eab108210596eea5ad48f8077db31,2017-01,City of London Police,City of London Police,-0.101274,51.512791,On or near ST ANDREW'S HILL,E01032739,City of London 001F,Investigation complete; no suspect identified
52a4bb1e6772e9706a7ceeed89839d929da0aea9e52b91854c29a360941ffb0b,2017-01,City of London Police,City of London Police,-0.097562,51.518864,On or near Parking Area,E01000001,City of London 001A,Investigation complete; no suspect identified
b893b448f3cc3b0e7355c07701819676af56797aac687c71011995e2f642be59,2017-01,City of London Police,City of London Police,-0.087760,51.517149,On or near LONDON WALL,E01032739,City of London 001F,Investigation complete; no suspect identified
0857cbbb1a7cc9965ebe03165d5a5868bf836a18a227091ccb9488e6ad57589a,2017-01,City of London Police,City of London Police,-0.091494,51.510924,On or near COLLEGE STREET,E01032739,City of London 001F,Investigation complete; no suspect identified
a79bdad034bd89df586ad51859488a1d05e3b49e0fda45e97b1c8cca4cd341d2,2017-01,City of London Police,City of London Police,-0.080376,51.517244,On or near Supermarket,E01032739,City of London 001F,Unable to prosecute suspect
37b8ca801a2e599bb9befadb48ea2ff0c8c5653673fc4fd7c833be7d0b588d7d,2017-01,City of London Police,City of London Police,-0.080318,51.520678,On or near PRIMROSE STREET,E01032739,City of London 001F,Investigation complete; no suspect identified
bb954b59e2e737170a35a9c9878b4c6dcbf1139527a245c28a69b22991237e09,2017-01,City of London Police,City of London Police,-0.084618,51.512682,On or near GRACECHURCH STREET,E01032739,City of London 001F,Investigation complete; no suspect identified
f556810425c31e3798a31ff6b579c79f3fae3afdf1ba8cd5483eea496ee6f96c,2017-01,City of London Police,City of London Police,-0.089838,51.516067,On or near COLEMAN STREET,E01032739,City of London 001F,Investigation complete; no suspect identified
8c06fa8cd66d40cf69cc54740e15b07af22aa79a2687d0530cc35d340e64eda3,2017-01,City of London Police,City of London Police,-0.088203,51.518262,On or near MOORGATE,E01032739,City of London 001F,Investigation complete; no suspect identified
0606a125cef2e0265f2a2aa02b719cc7e45fbeb512f2b5915621f4cc4952a0c6,2017-01,City of London Police,City of London Police,-0.099933,51.519720,On or near LINDSEY STREET,E01032740,City of London 001G,Investigation complete; no suspect identified
e8c01b5e68deed83956b28a43f682e1f52b8a1db219c37a17be747353100175d,2017-01,City of London Police,City of London Police,-0.096814,51.512952,On or near ST PAUL'S CHURCH YARD,E01032739,City of London 001F,Investigation complete; no suspect identified
d90a4fcb07df40b9cbe93ccbabca936b223d9b53eff0679897acf52998db0002,2017-01,City of London Police,City of London Police,-0.099818,51.519017,On or near CLOTH FAIR,E01032740,City of London 001G,Investigation complete; no suspect identified
abef4c23258e171c9072a7597daf3b58e6088dbdbed13983ef17012be30e3858,2017-01,City of London Police,City of London Police,-0.083086,51.511407,On or near ROOD LANE,E01032739,City of London 001F,Investigation complete; no suspect identified
8c749fe4f35a4c04e88492f847ded741a63630b35ccc0c5dd66dc2c33dddb1cb,2017-01,City of London Police,City of London Police,-0.084105,51.515281,On or near Conference/Exhibition Centre,E01032739,City of London 001F,Investigation complete; no suspect identified
6545df4d8a27177934de90b14082331cbecf224fcd6fdd043234d68834c5a6a6,2017-01,City of London Police,City of London Police,-0.105134,51.513869,On or near BRIDE LANE,E01032740,City of London 001G,Investigation complete; no suspect identified
ca2d9907bf2e0787ac7e8e883054e761de3d73098a9a2e66f42e5a999892550a,2017-01,City of London Police,City of London Police,-0.108164,51.516571,On or near NEW FETTER LANE,E01032740,City of London 001G,Investigation complete; no suspect identified
df106489b0bf4a92d4f52940c56386b3693290a2d83b016d4ca54b3300731cb5,2017-01,City of London Police,City of London Police,-0.092723,51.517032,On or near ALDERMANBURY SQUARE,E01000002,City of London 001B,Investigation complete; no suspect identified
22b6ee0bfc13443f9376fde418fad91177fd900258fc4c2f031407f1ff5f75d8,2017-01,City of London Police,City of London Police,-0.085257,51.511200,On or near TALBOT COURT,E01032739,City of London 001F,Investigation complete; no suspect identified
3d9c252608c149ffb22576e54359c3703a1f58254a381d8182b8dcc249417abd,2017-01,City of London Police,City of London Police,-0.083755,51.514358,On or near THREADNEEDLE STREET,E01032739,City of London 001F,Investigation complete; no suspect identified
44146aef616c3b39d31091ad5584c15f2ba42a92babe53c75136b1840eb0b8c2,2017-01,City of London Police,City of London Police,-0.074793,51.511208,On or near Pedestrian Subway,E01000005,City of London 001E,Investigation complete; no suspect identified
549e2dca131cb5dbb0f544f81c6a33846cb39ae6f0f4cc1cf67f96b87bb655c0,2017-01,City of London Police,City of London Police,-0.093257,51.513920,On or near BOW LANE,E01032739,City of London 001F,Investigation complete; no suspect identified
04964e359a8c99f7bbf21ff3ac0b81a3b55dec257bad7fc81e215297b5b03379,2017-01,City of London Police,City of London Police,-0.097645,51.515142,On or near ST MARTIN'S LE GRAND,E01032739,City of London 001F,Investigation complete; no suspect identified
b92fb83a04f46f2886bd0695e0055ee7f53ba90f1f59f8412d7552c4b4171e10,2017-01,City of London Police,City of London Police,-0.100179,51.514158,On or near Shopping Area,E01032739,City of London 001F,Investigation complete; no suspect identified
324b65ef362289b528a3817bd29542af9be10da60046f11392bc7b8636ba721e,2017-01,City of London Police,City of London Police,-0.088203,51.518262,On or near MOORGATE,E01032739,City of London 001F,Investigation complete; no suspect identified
4c40790d42ef4ebf2daf4322f8433a56e15509a7ddcd1c97fc47a877a0756be3,2017-01,City of London Police,City of London Police,-0.101575,51.513857,On or near LUDGATE HILL,E01032739,City of London 001F,Investigation complete; no suspect identified
c4ff7a119a638c4bef445ef12e48346c6e53af3e29974d5f4665b998bae83be1,2017-01,City of London Police,City of London Police,-0.102502,51.516165,On or near GREEN ARBOUR COURT,E01032740,City of London 001G,Investigation complete; no suspect identified
4982536b05e0be7cf0cdd7b1cee94ae862efb3f17fe703403ae23db4e176fcea,2017-01,City of London Police,City of London Police,-0.099818,51.519017,On or near CLOTH FAIR,E01032740,City of London 001G,Investigation complete; no suspect identified
97ec89ba68b7429c9bd2815f3fd52bb1be83c1357d149659bd6ae3bba05f6208,2017-01,City of London Police,City of London Police,-0.093796,51.512391,On or near Pedestrian Subway,E01032739,City of London 001F,Unable to prosecute suspect
74b6a5c5830b294780feff3817ea36e99643815b31392914a5e199651a348a4a,2017-01,City of London Police,City of London Police,-0.093796,51.512391,On or near Pedestrian Subway,E01032739,City of London 001F,Further investigation is not in the public interest
b094dc481d68e6673482c3e4876976a79bc14920f26bfc5a71b4cfba3cb0d7fe,2017-01,City of London Police,City of London Police,-0.082571,51.514753,On or near GREAT ST HELEN'S,E01032739,City of London 001F,Investigation complete; no suspect identified
1307e091538040fc7de5a5a1607f7c872c87f5b67edc26df0fce4a343fb5fef1,2017-01,City of London Police,City of London Police,-0.084095,51.516900,On or near NEW BROAD STREET,E01032739,City of London 001F,Investigation complete; no suspect identified
0387f460d3c7aabbe153d4f3f8311cd02500b5a200d80489217dd0474eaf9449,2017-01,City of London Police,City of London Police,-0.084701,51.509320,On or near LOWER THAMES STREET,E01032739,City of London 001F,Investigation complete; no suspect identified
1ba48929a5dfb0f25652f75406d7f913f65c3a725c64a881de36865a0ad2d3cd,2017-01,City of London Police,City of London Police,-0.076592,51.514367,On or near Pedestrian Subway,E01000005,City of London 001E,Unable to prosecute suspect
2717d81dd878400d37dcc5cdac01657e773cd6d9d8683a4b1f3e081ecaa288d1,2017-01,City of London Police,City of London Police,-0.080146,51.514848,On or near BURY COURT,E01032739,City of London 001F,Unable to prosecute suspect
60732c3230c5b5704268b0f0324dbb3d8f0e8d764e1a3c7bc563ca9c9be5f360,2017-01,City of London Police,City of London Police,-0.080665,51.509344,On or near Pedestrian Subway,E01032739,City of London 001F,Investigation complete; no suspect identified
f9af4d62c5ee964a1fa6ff28e98a9260e4fd6c5f27a0b6403a1c3aebdfe39c9d,2017-01,City of London Police,City of London Police,-0.093341,51.511889,On or near GREAT ST THOMAS APOSTLE,E01032739,City of London 001F,Investigation complete; no suspect identified
cd5196a94a810aeabbcfbbcbad0aef69205fa2147e644f46636e467e9b54c90e,2017-01,City of London Police,City of London Police,-0.104134,51.514699,On or near OLD SEACOAL LANE,E01032740,City of London 001G,Investigation complete; no suspect identified
5da04744e52e732414cd43ba3566455a18978de1d3179d397bf6bca6b9482c42,2017-01,City of London Police,City of London Police,-0.109081,51.515327,On or near WEST HARDING STREET,E01032740,City of London 001G,Investigation complete; no suspect identified
972bd16e4eb20d81d2b577e79e5fc1797e89952e2f1a8352623a8b7f541d45d5,2017-01,City of London Police,City of London Police,-0.082913,51.513463,On or near LEADENHALL STREET,E01032739,City of London 001F,Investigation complete; no suspect identified
5e3ae2a2d56af5fece496191479340e8615f0e94749c1a6fd94bc84ea525507e,2017-01,City of London Police,City of London Police,-0.080376,51.517244,On or near Supermarket,E01032739,City of London 001F,Investigation complete; no suspect identified
be0d4cc99269e67c64f91b1ea8d6e51cd0bfdbce2ae41f15f28204697dc8a03a,2017-01,City of London Police,City of London Police,-0.097645,51.515142,On or near ST MARTIN'S LE GRAND,E01032739,City of London 001F,Investigation complete; no suspect identified
6db74cd62fa5d736ac1f3cae00ca2ab5dbe578fa9f8b73b72fbc413219bfc22f,2017-01,City of London Police,City of London Police,-0.096363,51.513377,On or near NEW CHANGE,E01032739,City of London 001F,Investigation complete; no suspect identified
ffb4905a702be3cb39ebdbe0a2dc5e8496a9a33d172d1c329ac71a420caa304f,2017-01,City of London Police,City of London Police,-0.074793,51.511208,On or near Pedestrian Subway,E01000005,City of London 001E,Investigation complete; no suspect identified
bd59eb91bbbce1135d72d5812d038ffbe16628fd2df959541bb26a4607ecfc1f,2017-01,City of London Police,City of London Police,-0.104973,51.512887,On or near BRIDEWELL PLACE,E01032740,City of London 001G,Investigation complete; no suspect identified
ce4b998d30457e92f1ef4b44d9f0b72aa3a737cae51947a4393d4b4100c05e97,2017-01,City of London Police,City of London Police,-0.084566,51.517690,On or near BLOMFIELD STREET,E01032739,City of London 001F,Investigation complete; no suspect identified
05b7aabace56846463dc1c15beefdfd6fa706fb62237cc08232b5b055fc9382e,2017-01,City of London Police,City of London Police,-0.086278,51.509876,On or near FISH STREET HILL,E01032739,City of London 001F,Investigation complete; no suspect identified
25295fc4c6e6ee358a1cc4d47458cb01a048e9c609e81e7cfda8d2d8c174f1fe,2017-01,City of London Police,City of London Police,-0.094758,51.512829,On or near Nightclub,E01032739,City of London 001F,Further investigation is not in the public interest
d9050cd9e802d7eca8d99275e36139c0fe76c95eb098cb583d1b17892fec37d2,2017-01,City of London Police,City of London Police,-0.092719,51.512652,On or near QUEEN VICTORIA STREET,E01032739,City of London 001F,Unable to prosecute suspect
a37f5d6197054a175d65fc0711f84ac72019c9167fe8d8ecfddb2d9985494b26,2017-01,City of London Police,City of London Police,-0.091823,51.514418,On or near IRONMONGER LANE,E01032739,City of London 001F,Unable to prosecute suspect
d9fd8537c2572d6f709a23660f75edbd79ae36cf89b7b87e4b21e4678559f6cd,2017-01,City of London Police,City of London Police,-0.096363,51.513377,On or near NEW CHANGE,E01032739,City of London 001F,Investigation complete; no suspect identified
dab8d645f05af0699929357c9fcd9734180974455048fa95726ce47a8ef5552d,2017-01,City of London Police,City of London Police,-0.092719,51.512652,On or near QUEEN VICTORIA STREET,E01032739,City of London 001F,Investigation complete; no suspect identified
47d765af6059330116809589a555cf0a91da8d65021626f97721852cb9ee7a20,2017-01,City of London Police,City of London Police,-0.089536,51.516719,On or near NUN COURT,E01032739,City of London 001F,Investigation complete; no suspect identified
972b5e3f95154c5370f06b9c94876b5413c9d5e72e86fce5e7351231782934c1,2017-01,City of London Police,City of London Police,-0.104281,51.516032,On or near BEAR ALLEY,E01032740,City of London 001G,Unable to prosecute suspect
00ed50455a724586f2236217569fd9ed84476b5fe0830f51e8b49cd4810d161a,2017-01,City of London Police,City of London Police,-0.079011,51.509614,On or near Pedestrian Subway,E01032739,City of London 001F,Unable to prosecute suspect
b75d7108212fd7a58d28be309705d403448c69312e83e0fc70d568d6fbcec9aa,2017-01,City of London Police,City of London Police,-0.076270,51.515504,On or near GRAVEL LANE,E01000005,City of London 001E,Investigation complete; no suspect identified
5181ca6b4b0cd99f73c61d341a94390a6a8b0637f7860d4aaa3bd37e3e6c791f,2017-01,City of London Police,City of London Police,-0.098062,51.517577,On or near MONTAGUE STREET,E01000001,City of London 001A,Investigation complete; no suspect identified
d5d86ee711b2f5e3068d80815a72b559f377398ddf15d5fbbd5fd694ec6e99bf,2017-01,City of London Police,City of London Police,-0.105134,51.513869,On or near BRIDE LANE,E01032740,City of London 001G,Investigation complete; no suspect identified
fab36d326ce7aaa6034d4c829c91155abfc546ed54da07b1a144ef873ea3eb4d,2017-01,City of London Police,City of London Police,-0.086051,51.513569,On or near FINCH LANE,E01032739,City of London 001F,Unable to prosecute suspect
41478a8777205ab3f30369c538386d1a2abad97aaf2b2b1a053361b8cd9dc573,2017-01,City of London Police,City of London Police,,,No location,,,Investigation complete; no suspect identified
ef660dcde40037a4d779d37bfd4c85d0fe18658b5f1a9d6c5371f898416d4e14,2017-01,City of London Police,City of London Police,-0.086051,51.513569,On or near FINCH LANE,E01032739,City of London 001F,Offender given a drugs possession warning
e7f72f067183c8f799b66f14cd5afcf4f33a0592f671802507870523a75e45d8,2017-01,City of London Police,City of London Police,-0.102721,51.515404,On or near ST GEORGES'S COURT,E01032740,City of London 001G,Offender given a caution
8286718be3d5cb0f03360c21b7d5a533343b3c073bc6a21eaae14da12b90e981,2017-01,City of London Police,City of London Police,-0.102721,51.515404,On or near ST GEORGES'S COURT,E01032740,City of London 001G,Offender given a caution
2ba8b649edafcd3c9915c4b5dff43af94116b5bde4928b0bd62b81875472dacf,2017-01,City of London Police,City of London Police,-0.109155,51.516668,On or near FETTER LANE,E01032740,City of London 001G,Local resolution
8a1fbd785376843b1d7e8f0024603c0be6922aced233de391c9ab74e43b2ce15,2017-01,City of London Police,City of London Police,-0.085310,51.518511,On or near ELDON STREET,E01032739,City of London 001F,Offender given a caution
ad2e678fc5251e910e5e79a215d97d0db235f50f50ec6bf1fe5d1f39528e22f2,2017-01,City of London Police,City of London Police,-0.092719,51.512652,On or near QUEEN VICTORIA STREET,E01032739,City of London 001F,Offender given a drugs possession warning
d4b249eb9cce0cdfba9bd4d760721dc647188d6ecd207fcf6aa7b492a1aee37d,2017-01,City of London Police,City of London Police,-0.082571,51.514753,On or near GREAT ST HELEN'S,E01032739,City of London 001F,Offender given a caution
e31b9e10e52ec8e566e395acbe0a1a54298affc629b42b49d26b7b1341d109fb,2017-01,City of London Police,City of London Police,-0.082458,51.517431,On or near LIVERPOOL STREET,E01032739,City of London 001F,Local resolution
3a6cb230e69cc4f596369d71878e5446bcc21dd05e5b76691a96491e7348aa12,2017-01,City of London Police,City of London Police,-0.084251,51.520059,On or near SUN STREET,E01032739,City of London 001F,Offender given a caution
bcb48f4d5f9fb99d953c835bcfd42b2023dd7cc120b6e0d76590f3c32d747041,2017-01,City of London Police,City of London Police,-0.104621,51.512692,On or near Supermarket,E01032740,City of London 001G,Offender given penalty notice
9cf97eaca02db106859d6e25c98c95b93749e091def61e8c910715eb93a25fc9,2017-01,City of London Police,City of London Police,,,No location,,,Offender given a drugs possession warning
ba59469914779e5feef93d5a405ff2593c893dc4bf3e83d55e78f43173586e78,2017-01,City of London Police,City of London Police,-0.080376,51.517244,On or near Supermarket,E01032739,City of London 001F,Offender given a caution
11bf87b8d761d271edbabbda4c24924842f603ce4ade4d489248e6aa002d5314,2017-01,City of London Police,City of London Police,-0.096075,51.514766,On or near FOSTER LANE,E01032739,City of London 001F,Offender given a caution
8efca421fd1d6433af089f36fd11fe73ae761c3f3a427ceccb7a20e7d4618c7d,2017-01,City of London Police,City of London Police,-0.102502,51.516165,On or near GREEN ARBOUR COURT,E01032740,City of London 001G,Offender given a drugs possession warning
379869064e850fdc0f09dc6953d58df61eb38539aae2457014b5bd19927e509b,2017-01,City of London Police,City of London Police,-0.104621,51.512692,On or near Supermarket,E01032740,City of London 001G,Local resolution
cd8e9c6161c0b7f4c0b9d4c2438075ac11de31d95e29b3d16d80e6defb4fc801,2017-01,City of London Police,City of London Police,-0.091823,51.514418,On or near IRONMONGER LANE,E01032739,City of London 001F,Offender given a caution
ed647bcf40946d0959a030ab4c6f6a875dac43d8ed0a713d650d4b13f0a495a0,2017-01,City of London Police,City of London Police,-0.086166,51.510828,On or near EASTCHEAP,E01032739,City of London 001F,Offender given a caution
670925c4ffcb09b9d16969141cbd327f85cc39886fa73ef1294847b492f1fa7c,2017-01,City of London Police,City of London Police,-0.083993,51.511440,On or near PHILPOT LANE,E01032739,City of London 001F,Offender given a drugs possession warning
ebcec1be858812830d39608899fa2befb1e304f0d04c951b891eba4de0cce6e7,2017-01,City of London Police,City of London Police,-0.081938,51.513007,On or near LIME STREET,E01032739,City of London 001F,Local resolution
ccd19cf6882f9e7830e2959526a38300a8790cd7db7a24de092eaa8b9648bd6b,2017-01,City of London Police,City of London Police,-0.085014,51.509775,On or near MONUMENT STREET,E01032739,City of London 001F,Offender given a caution
1853c02029be34a23918105646a995e0d64e7dde574f27691458c46bcb303d77,2017-01,City of London Police,City of London Police,-0.090804,51.511560,On or near DOWGATE HILL,E01032739,City of London 001F,Offender given penalty notice
820e01d319c994aeca57dde42978c1aa9eb62f3e9c231494937ac0b40d593785,2017-01,City of London Police,City of London Police,-0.105134,51.513869,On or near BRIDE LANE,E01032740,City of London 001G,Offender given a caution
d487975c07beb81bb5822259b3182ec22fe5df0ba2ddb4683cc32e8d9fe85abd,2017-01,City of London Police,City of London Police,-0.084105,51.515281,On or near Conference/Exhibition Centre,E01032739,City of London 001F,Offender given a caution
947b2ca42eef5d917bb1648a5eef4d2491f7674c265f5498178c5affd2cb1eaa,2017-01,City of London Police,City of London Police,-0.084566,51.517690,On or near BLOMFIELD STREET,E01032739,City of London 001F,Offender given a drugs possession warning
09312a9de658e14458855520820f7e803e6684fd1d979376ba0a2f183e162bf2,2017-01,City of London Police,City of London Police,-0.075508,51.514763,On or near Pedestrian Subway,E01000005,City of London 001E,Local resolution
f5be50b09a2dc286db3364e13c87441ea89b75ecca050e2977d8861acb057bd9,2017-01,City of London Police,City of London Police,-0.107147,51.517130,On or near ST ANDREW STREET,E01032740,City of London 001G,Investigation complete; no suspect identified
e96c6c600717e49ae5c2435b7af2e5d79f06a32075413502e1499d079068981f,2017-01,City of London Police,City of London Police,-0.084566,51.517690,On or near BLOMFIELD STREET,E01032739,City of London 001F,Investigation complete; no suspect identified
43124c5d7197df0e352b2f7430af1a6995283b4fed320444d4bbf56478ce6992,2017-01,City of London Police,City of London Police,-0.087118,51.513199,On or near Nightclub,E01032739,City of London 001F,Investigation complete; no suspect identified
843a3b09e31ace964d47cbca90e2091ed4964f0df11a23aacf154d3785f6edab,2017-01,City of London Police,City of London Police,-0.076095,51.512462,On or near VINE STREET,E01000005,City of London 001E,Investigation complete; no suspect identified
e2409b3a2d1d5165eb8c116d419667c549da048c1c86b8cd0199a8e569c3e5bd,2017-01,City of London Police,City of London Police,-0.088995,51.512088,On or near ST SWITHIN'S LANE,E01032739,City of London 001F,Investigation complete; no suspect identified
6aa4167c071d98db51beebd917b1dc545bdfccee8480af55109f0c17994ddadd,2017-01,City of London Police,City of London Police,-0.076853,51.511916,On or near Nightclub,E01032739,City of London 001F,Investigation complete; no suspect identified
5bd80976c9e0ed623a06862c09f0282625935377455cffeb5b5733da44b4fc52,2017-01,City of London Police,City of London Police,-0.082913,51.513463,On or near LEADENHALL STREET,E01032739,City of London 001F,Investigation complete; no suspect identified
50451f9241af82fef4c5771c25c212e03e1255d1d3f839ef53b18036ed0c5b09,2017-01,City of London Police,City of London Police,-0.105134,51.513869,On or near BRIDE LANE,E01032740,City of London 001G,Investigation complete; no suspect identified
eec10b5f24a6fc78e516800b70e141426db87bb62d1a3f05f27467d69b1d88ea,2017-01,City of London Police,City of London Police,-0.091732,51.521080,On or near Nightclub,E01002704,Islington 023D,Investigation complete; no suspect identified
4127aee238d4b7f0f15c11326049214b2f49d6e47eb09bb4b788b97b0de0878f,2017-01,City of London Police,City of London Police,-0.080665,51.509344,On or near Pedestrian Subway,E01032739,City of London 001F,Investigation complete; no suspect identified
7d377a9f3ae47b8c872dfb5204b5f62ced78f4734e39506fa8c37f5e5c360d96,2017-01,City of London Police,City of London Police,-0.078856,51.518433,On or near ARTILLERY LANE,E01032739,City of London 001F,Investigation complete; no suspect identified
02ff0c4bb3299bc47f48dcfd0353272e75407b8fb26aec153a269ff5ce0ea941,2017-01,City of London Police,City of London Police,-0.090710,51.513132,On or near QUEEN VICTORIA STREET,E01032739,City of London 001F,Investigation complete; no suspect identified
c755b40e87ba23b4e1fe4023ebbda7d0a29f268af1ae33cbc81ae755f6cbde0f,2017-01,City of London Police,City of London Police,-0.089040,51.512745,On or near MANSION HOUSE PLACE,E01032739,City of London 001F,Investigation complete; no suspect identified
99849729e6771ba4550b22bc22893b0c1a28562354a2a7e8b716dfc5e5e8ef28,2017-01,City of London Police,City of London Police,-0.086393,51.510894,On or near EASTCHEAP,E01032739,City of London 001F,Investigation complete; no suspect identified
b266affbe3f0417bcfc65bbb20ffd7d754819e911f2c0f48748125f7fdb96117,2017-01,City of London Police,City of London Police,-0.101794,51.516207,On or near NEWGATE STREET,E01032740,City of London 001G,Suspect charged
c4df7fc4d8ce487484ab993014172d789d6a3a3e63ee598e6098e87b59606b38,2017-01,City of London Police,City of London Police,-0.106680,51.515882,On or near Parking Area,E01032740,City of London 001G,Suspect charged
a05f633c7868a7f203c407ca48c049f485f664e0dc73f58a2fa19878c7db140a,2017-01,City of London Police,City of London Police,-0.085355,51.510563,On or near PUDDING LANE,E01032739,City of London 001F,Suspect charged
2d4a5aa6b2b13e09b45fb87e00d3507078e1ed0fdff05ec6a6396b3f30da13f5,2017-01,City of London Police,City of London Police,-0.087153,51.518910,On or near SOUTH PLACE MEWS,E01032739,City of London 001F,Suspect charged
3556eae28748ed8700927dfcfff0539b1b04d0d54222e6ee02f4e1cc948c5cf4,2017-01,City of London Police,City of London Police,-0.084618,51.512682,On or near GRACECHURCH STREET,E01032739,City of London 001F,Suspect charged
782c47c65da2ea415b5875833bd82c1c26272944fd58ad11798669ff43f65fd3,2017-01,City of London Police,City of London Police,-0.089698,51.511812,On or near OXFORD COURT,E01032739,City of London 001F,Suspect charged
8e21dfd05ca31b38b9136a65caf31a7cd115fe785b9c72ffd6a355bc19385a8f,2017-01,City of London Police,City of London Police,-0.084566,51.517690,On or near BLOMFIELD STREET,E01032739,City of London 001F,Suspect charged
7ad2be81436843055cf8517fc46c6624b846410c9522a3716247058b99b74e53,2017-01,City of London Police,City of London Police,-0.109709,51.517909,On or near HIGH HOLBORN,E01032740,City of London 001G,Suspect charged
733a1d9c2ae99da49120329569b956a3bfb7324eec995fb2cd24507e5b875214,2017-01,City of London Police,City of London Police,-0.080376,51.517244,On or near Supermarket,E01032739,City of London 001F,Suspect charged
48e74b78492466b4a7ab49dbb193ebcb1e66bd1841f340d1365afebcb60b5da8,2017-01,City of London Police,City of London Police,-0.109709,51.517909,On or near HIGH HOLBORN,E01032740,City of London 001G,Suspect charged
7a2288f16ab0799aba39fb776d2db6a5b22bd38d0ca7b6aeaf94e3d49da39a66,2017-01,City of London Police,City of London Police,-0.082571,51.514753,On or near GREAT ST HELEN'S,E01032739,City of London 001F,Suspect charged
926035cbd639b21c09591549e3485e35dcdde7643ba64cc169bc9a481ca4bb92,2017-01,City of London Police,City of London Police,-0.097223,51.515225,On or near ST MARTIN'S LE GRAND,E01000001,City of London 001A,Suspect charged
e58ddca3b1269b328587bcda69bd3ebcb14fd419f4dd46739ea374a915707777,2017-01,City of London Police,City of London Police,-0.084618,51.512682,On or near GRACECHURCH STREET,E01032739,City of London 001F,Suspect charged
6d2de7935474d2b1cb6f6ca1868bb969483579137ab77804b8efb16a300c52ac,2017-01,City of London Police,City of London Police,-0.096363,51.513377,On or near NEW CHANGE,E01032739,City of London 001F,Suspect charged
8fb59965dfccd9b25e075e52cac7b4b4d5fc39983fe2d5f1c859477a62f97a43,2017-01,City of London Police,City of London Police,-0.086393,51.510894,On or near EASTCHEAP,E01032739,City of London 001F,Suspect charged
09c65cae943ef3c52ad29d5fb2038d1c4fb44f391d35c787504f5a35d2d87750,2017-01,City of London Police,City of London Police,-0.097645,51.515142,On or near ST MARTIN'S LE GRAND,E01032739,City of London 001F,Suspect charged
14e07afbca8950678f226969d5bd0624bb30f12d1341f50fc505a05d87010b4f,2017-01,City of London Police,City of London Police,-0.079786,51.517576,On or near Police Station,E01032739,City of London 001F,Suspect charged
9a603374e4d22fad684e90c23060bd8e7b294c6e15ff2b69eb15d0a8d3139097,2017-01,City of London Police,City of London Police,-0.077300,51.512607,On or near CARLISLE AVENUE,E01032739,City of London 001F,Suspect charged
8bebe2040932769c71aede2d016a7fd57c4a293fdb5f94fb70c9b5edf1cedf06,2017-01,City of London Police,City of London Police,-0.079786,51.517576,On or near Police Station,E01032739,City of London 001F,Suspect charged
831cd6243de14900063138611bda3e8021dc8f008d7b67804f39d8040ee9bcf2,2017-01,City of London Police,City of London Police,-0.082965,51.516351,On or near WORMWOOD STREET,E01032739,City of London 001F,Suspect charged
408ba43e4c0cbbd06cc987b920b091dbfac959df9fdffef3e3a47637e8326e04,2017-01,City of London Police,City of London Police,-0.090710,51.513132,On or near QUEEN VICTORIA STREET,E01032739,City of London 001F,Suspect charged
408ba43e4c0cbbd06cc987b920b091dbfac959df9fdffef3e3a47637e8326e04,2017-01,City of London Police,City of London Police,-0.090710,51.513132,On or near QUEEN VICTORIA STREET,E01032739,City of London 001F,Suspect charged
da2d0715b6414958a47ef30056596c40ec1a1dbed3260c707c6440c6443e0b78,2017-01,City of London Police,City of London Police,-0.105134,51.513869,On or near BRIDE LANE,E01032740,City of London 001G,Suspect charged
6b09e2e3640d9912ad41a69b2a1e7aae49c912e40087e063255480cf52eba958,2017-01,City of London Police,City of London Police,-0.082527,51.512027,On or near CULLUM STREET,E01032739,City of London 001F,Suspect charged
83fb7130f89f1b07b1c9e430d6de1a69ddaa41a699f736854293e9f1357af296,2017-01,City of London Police,City of London Police,-0.106922,51.514204,On or near FLEET STREET,E01032740,City of London 001G,Suspect charged
cbf17e18dd4b2de4636175fe67c12831ffa11e7a48d271eedbc3b3ee61b9bd5d,2017-01,City of London Police,City of London Police,-0.083296,51.517058,On or near OLD BROAD STREET,E01032739,City of London 001F,Suspect charged
ef4cac8426da32d00d6aff77898b0918be1841b05c6810cbb6f14d9ccf193574,2017-01,City of London Police,City of London Police,-0.094720,51.514420,On or near WOOD STREET,E01032739,City of London 001F,Suspect charged
8a498b697f045211696c91861c37ff8ada870a1f8efe206340e923029ccfd12e,2017-01,City of London Police,City of London Police,-0.085669,51.515100,On or near AUSTIN FRIARS,E01032739,City of London 001F,Suspect charged
46ebbc77007391097394c42ce6a4ba2e9b29e041f5688b00f056387413632902,2017-01,City of London Police,City of London Police,-0.083296,51.517058,On or near OLD BROAD STREET,E01032739,City of London 001F,Suspect charged
56d5da25bfb92fb20d47ffc7c138eaafef0f6d0728c20cd6ee474a9a894e6ee0,2017-01,City of London Police,City of London Police,-0.086393,51.510894,On or near EASTCHEAP,E01032739,City of London 001F,Suspect charged
352579b86610cd71eb4dde477d4a1ef8cf5c4b7adf31387df6f070398fb1defe,2017-01,City of London Police,City of London Police,-0.109155,51.516668,On or near FETTER LANE,E01032740,City of London 001G,Suspect charged
85b197b6c35f7eef8fc176014fd1da6bd49b44de5082f28606e5fbe6eec14431,2017-01,City of London Police,City of London Police,-0.080376,51.517244,On or near Supermarket,E01032739,City of London 001F,Suspect charged
fd042142d6edae876abb74940c01e4a9e09896990c8802593ab8cf5df3ec5350,2017-01,City of London Police,City of London Police,-0.109155,51.516668,On or near FETTER LANE,E01032740,City of London 001G,Suspect charged
3c2c34af32c05141f9974ee61e9a72a7b2b348b723c11293392a642d89607d1d,2017-01,City of London Police,City of London Police,-0.097562,51.518864,On or near Parking Area,E01000001,City of London 001A,Suspect charged
adf5b4d88b5eb3279b2ce3d88f326a186f9f2df49e7de048035671d22e4d324b,2017-01,City of London Police,City of London Police,-0.085355,51.510563,On or near PUDDING LANE,E01032739,City of London 001F,Suspect charged
6c3d58ad463eb447503a4e1edca21ad6b43e87c6c42fb61f92a749b2eafabd7a,2017-01,City of London Police,City of London Police,-0.094720,51.514420,On or near WOOD STREET,E01032739,City of London 001F,Suspect charged
4d7c18d57f2c1c5c8dfb3474eb4eebfe8d18c02fb7a9e5378ccc942e39017d53,2017-01,City of London Police,City of London Police,-0.085310,51.518511,On or near ELDON STREET,E01032739,City of London 001F,Suspect charged
805f807eceef74709bd094bfa9cb35649fcd73194abaa706b81c89f21ed01861,2017-01,City of London Police,City of London Police,-0.086624,51.511923,On or near CLEMENT'S LANE,E01032739,City of London 001F,Suspect charged
622fe80f87864f8728fc5f58c91d706e88717739bf6344f7e5d6b645036a9be9,2017-01,City of London Police,City of London Police,-0.082571,51.514753,On or near GREAT ST HELEN'S,E01032739,City of London 001F,Suspect charged
a5e44d941fe34aadc225e05a06d923ee0d7cdc178ec7a63da8492edaaf37366f,2017-01,City of London Police,City of London Police,-0.080376,51.517244,On or near Supermarket,E01032739,City of London 001F,Suspect charged
325703704d2d5cf3bc5d1175200e80e670f3276db80221666b93fa3053c6fe34,2017-01,City of London Police,City of London Police,-0.085355,51.510563,On or near PUDDING LANE,E01032739,City of London 001F,Offender fined
85b197b6c35f7eef8fc176014fd1da6bd49b44de5082f28606e5fbe6eec14431,2017-01,City of London Police,City of London Police,-0.080376,51.517244,On or near Supermarket,E01032739,City of London 001F,Offender given conditional discharge
432297c5eff752283f49284e88610abec56616efce92d23781a237bdfae67bfe,2017-01,City of London Police,City of London Police,-0.082571,51.514753,On or near GREAT ST HELEN'S,E01032739,City of London 001F,Offender sent to prison
4c5161b163040dda07b99d92338774d797db772b50a4fd0d0b0b7b161c656a17,2017-01,City of London Police,City of London Police,-0.086393,51.510894,On or near EASTCHEAP,E01032739,City of London 001F,Offender sent to prison
a0451ff70d258f7f337ebb37ebbabbdce1914d4220208e1fbc37693d50290f8f,2017-01,City of London Police,City of London Police,-0.086624,51.511923,On or near CLEMENT'S LANE,E01032739,City of London 001F,Offender fined
ce1211ade247fbd6662ae4f8a373d07bca1feb83569d7feafcfc2c4f84435778,2017-01,City of London Police,City of London Police,-0.092719,51.512652,On or near QUEEN VICTORIA STREET,E01032739,City of London 001F,Court case unable to proceed
e7469c08c7fa522ba509e13d0bcf966d10baa792b5b8753b45c16e61fb8ab76f,2017-01,City of London Police,City of London Police,-0.093919,51.519812,On or near Parking Area,E01000002,City of London 001B,Offender given community sentence
83fb7130f89f1b07b1c9e430d6de1a69ddaa41a699f736854293e9f1357af296,2017-01,City of London Police,City of London Police,-0.106922,51.514204,On or near FLEET STREET,E01032740,City of London 001G,Offender sent to prison
9006be148d3a847008eb96ec805819babb7f3beed76fe04bd218b49d959ac99f,2017-01,City of London Police,City of London Police,-0.105134,51.513869,On or near BRIDE LANE,E01032740,City of London 001G,Offender sent to prison
9a603374e4d22fad684e90c23060bd8e7b294c6e15ff2b69eb15d0a8d3139097,2017-01,City of London Police,City of London Police,-0.077300,51.512607,On or near CARLISLE AVENUE,E01032739,City of London 001F,Offender sent to prison
0301085e557361ae8f48fbf76fe617a41b753e1c6c52333a95bcbf6c93ce2eb7,2017-01,City of London Police,City of London Police,-0.109709,51.517909,On or near HIGH HOLBORN,E01032740,City of London 001G,Court case unable to proceed
408ba43e4c0cbbd06cc987b920b091dbfac959df9fdffef3e3a47637e8326e04,2017-01,City of London Police,City of London Police,-0.090710,51.513132,On or near QUEEN VICTORIA STREET,E01032739,City of London 001F,Offender given community sentence
8c1fd1c1eabfec952d1b37c8bc9fa446414dd6da670ee3096a29b90fa8f3aaef,2017-01,City of London Police,City of London Police,-0.088843,51.509532,On or near Parking Area,E01032739,City of London 001F,Court case unable to proceed
c7976567082bba01c393f6dad6b6f18ea93ea70dd7ca77189006d6a3052eeae4,2017-01,City of London Police,City of London Police,-0.085310,51.518511,On or near ELDON STREET,E01032739,City of London 001F,Offender sent to prison
58f408faccbcc59883561e02a8dbeb856890c1fc6ad41a632cf1ea4dbb54a50b,2017-01,City of London Police,City of London Police,-0.082571,51.514753,On or near GREAT ST HELEN'S,E01032739,City of London 001F,Offender deprived of property
9dddfc7e60ff2287ad9e7b0d5809e9330f1bde45f561ced21b5148b0dcca851d,2017-01,City of London Police,City of London Police,-0.082571,51.514753,On or near GREAT ST HELEN'S,E01032739,City of London 001F,Offender sent to prison
1cde55a2ce13f1e26b354952dddad55a6f75b382fe59c43fea90a25a75443f47,2017-01,City of London Police,City of London Police,-0.090142,51.514292,On or near Conference/Exhibition Centre,E01032739,City of London 001F,Offender sent to prison
06a20603d51d4f08a12946f90d0232076539bd17bd1f10fa793915721dc171f4,2017-01,City of London Police,City of London Police,-0.108283,51.517526,On or near Supermarket,E01032740,City of London 001G,Offender fined
41e11dde4c02b3aaeaf98b8d2e18b88baca9bdf0c552aaa342e2bb6f5cc21661,2017-01,City of London Police,City of London Police,-0.078856,51.518433,On or near ARTILLERY LANE,E01032739,City of London 001F,Offender sent to prison
0dbf72f1caa1d575ab9ec703fc46406a58da88b0f495da5406909b5a0826bd44,2017-01,City of London Police,City of London Police,-0.111242,51.516738,On or near TOOK'S COURT,E01032740,City of London 001G,Offender otherwise dealt with
782c47c65da2ea415b5875833bd82c1c26272944fd58ad11798669ff43f65fd3,2017-01,City of London Police,City of London Police,-0.089698,51.511812,On or near OXFORD COURT,E01032739,City of London 001F,Offender fined
95c694f5136db6bd942610caa4ae4f83d95b87405d7fce6f1ce2dcfeeefa8945,2017-01,City of London Police,City of London Police,-0.085257,51.511200,On or near TALBOT COURT,E01032739,City of London 001F,Offender given conditional discharge
cb7325fd73ef66e8e8954c50af274385a90879fe917a6f1736d379b78dbed7a5,2017-01,City of London Police,City of London Police,-0.084618,51.512682,On or near GRACECHURCH STREET,E01032739,City of London 001F,Offender given conditional discharge
446fb0e8fd40650c3886d4716759fb4852a14e67e9f59bd85872958d93975a9c,2017-01,City of London Police,City of London Police,-0.082571,51.514753,On or near GREAT ST HELEN'S,E01032739,City of London 001F,Offender given suspended prison sentence
8a498b697f045211696c91861c37ff8ada870a1f8efe206340e923029ccfd12e,2017-01,City of London Police,City of London Police,-0.085669,51.515100,On or near AUSTIN FRIARS,E01032739,City of London 001F,Offender sent to prison
50446c1c5eb2676d3138b89ad3ded9c5c58a731a4b3a7077c5e560aa146e756e,2017-01,City of London Police,City of London Police,-0.109647,51.514887,On or near FETTER LANE,E01032740,City of London 001G,Offender sent to prison
f962f5d24f62565cc60fd6f511b2c82c73088da81d95d0b2f24787cf67a5c3b8,2017-01,City of London Police,City of London Police,-0.109647,51.514887,On or near FETTER LANE,E01032740,City of London 001G,Offender sent to prison
56eb82bdced5d6bb26561b6d213fdcd5be4b253a9015672efcc439328f0c4f3a,2017-01,City of London Police,City of London Police,-0.079786,51.517576,On or near Police Station,E01032739,City of London 001F,Defendant found not guilty
524ddfb89c44545ceaae67701b6b1e03885ed20d4c2ddc3e83e6bdf147adb6cb,2017-01,City of London Police,City of London Police,-0.077300,51.512607,On or near CARLISLE AVENUE,E01032739,City of London 001F,Offender sent to prison
c4df7fc4d8ce487484ab993014172d789d6a3a3e63ee598e6098e87b59606b38,2017-01,City of London Police,City of London Police,-0.106680,51.515882,On or near Parking Area,E01032740,City of London 001G,Offender fined
57cc658de11ae6fa0ce8738e468b2e6049edab6fe2fe3faacd6d902788550472,2017-01,City of London Police,City of London Police,-0.093257,51.513920,On or near BOW LANE,E01032739,City of London 001F,Offender given conditional discharge
408ba43e4c0cbbd06cc987b920b091dbfac959df9fdffef3e3a47637e8326e04,2017-01,City of London Police,City of London Police,-0.090710,51.513132,On or near QUEEN VICTORIA STREET,E01032739,City of London 001F,Offender given community sentence
a05f633c7868a7f203c407ca48c049f485f664e0dc73f58a2fa19878c7db140a,2017-01,City of London Police,City of London Police,-0.085355,51.510563,On or near PUDDING LANE,E01032739,City of London 001F,Offender given community sentence
feed897394d1c220c17b1bbc07a870c78d9154d08dd3a264310ee2e37a89632b,2017-01,City of London Police,City of London Police,-0.082571,51.514753,On or near GREAT ST HELEN'S,E01032739,City of London 001F,Offender sent to prison
f1970dc0b289aefcca3fe6a573997ee4c7601399a34671b466b93b8db5a7e013,2017-01,City of London Police,City of London Police,-0.109709,51.517909,On or near HIGH HOLBORN,E01032740,City of London 001G,Offender sent to prison
95f6080952d6cd788562475da27363b483d682999d30ec861ac987d1eb78c491,2017-01,City of London Police,City of London Police,-0.076435,51.513627,On or near ALDGATE,E01000005,City of London 001E,Offender sent to prison
fd042142d6edae876abb74940c01e4a9e09896990c8802593ab8cf5df3ec5350,2017-01,City of London Police,City of London Police,-0.109155,51.516668,On or near FETTER LANE,E01032740,City of London 001G,Offender sent to prison
4a7aa3a1c1ba1b258973d95ed32afcd427a4ae698768eb38c73d3aab1aed84ec,2017-01,City of London Police,City of London Police,-0.083618,51.517288,On or near BROAD STREET AVENUE,E01032739,City of London 001F,Offender fined
6d2de7935474d2b1cb6f6ca1868bb969483579137ab77804b8efb16a300c52ac,2017-01,City of London Police,City of London Police,-0.096363,51.513377,On or near NEW CHANGE,E01032739,City of London 001F,Offender fined
bb24468d0ee79442eb793d1e4a0e1448c4ed4963b61000a3e2c290f988573ac4,2017-01,City of London Police,City of London Police,-0.074958,51.514151,On or near ALDGATE HIGH STREET,E01000005,City of London 001E,Offender fined
be48844d8f119149b342f65e39668ec8d09caa10221c81c2cbf83d6fdd798603,2017-01,City of London Police,City of London Police,-0.087121,51.512102,On or near NICHOLAS LANE,E01032739,City of London 001F,Offender sent to prison
97e0de7db5aba59bd3af87cbcda246ab7eee35701f87967bc0aa751c8091f931,2017-01,City of London Police,City of London Police,-0.086624,51.511923,On or near CLEMENT'S LANE,E01032739,City of London 001F,Offender sent to prison
6b09e2e3640d9912ad41a69b2a1e7aae49c912e40087e063255480cf52eba958,2017-01,City of London Police,City of London Police,-0.082527,51.512027,On or near CULLUM STREET,E01032739,City of London 001F,Offender sent to prison
a0451ff70d258f7f337ebb37ebbabbdce1914d4220208e1fbc37693d50290f8f,2017-01,City of London Police,City of London Police,-0.086624,51.511923,On or near CLEMENT'S LANE,E01032739,City of London 001F,Offender fined
04c77b9967fd40aed42328081a8eaa41a22d569b65d4e7486cd0a42904086965,2017-01,City of London Police,City of London Police,-0.086278,51.509876,On or near FISH STREET HILL,E01032739,City of London 001F,Offender fined
67ade49befc8cb55c7947cbb0d84cb61bd1089d2b524b18b8e9829cfa2751863,2017-01,City of London Police,City of London Police,-0.083755,51.514358,On or near THREADNEEDLE STREET,E01032739,City of London 001F,Offender otherwise dealt with
28f0b6f1671b9edb928357d3db8377c54e98861793c946d6188b24e71405ebc5,2017-01,City of London Police,City of London Police,-0.092719,51.512652,On or near QUEEN VICTORIA STREET,E01032739,City of London 001F,Offender fined
3afa4ce5ec8f8a65ddb8b433bffb69b020b36855a70b4bb4f7ea95e04b8ba902,2017-01,City of London Police,City of London Police,-0.079786,51.517576,On or near Police Station,E01032739,City of London 001F,Offender given community sentence
3e102795192f80b9672771d3f0b1c6b0aa6090bf82f4f275f9fab9b2c5ce0755,2017-01,City of London Police,City of London Police,-0.076435,51.513627,On or near ALDGATE,E01000005,City of London 001E,Offender sent to prison
