Type,Date,Part of a policing operation,Policing operation,Latitude,Longitude,Gender,Age range,Self-defined ethnicity,Officer-defined ethnicity,Legislation,Object of search,Outcome,Outcome linked to object of search,Removal of more than just outer clothing
Person search,2017-10-01T01:26:00+00:00,,,,,Male,25-34,Black/African/Caribbean/Black British - Caribbean,Black,Police and Criminal Evidence Act 1984 (section 1),Evidence of offences under the Act,,False,False
Person search,2017-10-01T10:55:00+00:00,,,,,Male,25-34,Asian/Asian British - Bangladeshi,Asian,Police and Criminal Evidence Act 1984 (section 1),Stolen goods,,True,False
Person search,2017-10-02T02:23:14+00:00,,,,,Male,25-34,Asian/Asian British - Pakistani,Asian,Police and Criminal Evidence Act 1984 (section 1),Article for use in theft,,False,False
Person and Vehicle search,2017-10-02T02:28:55+00:00,,,,,Male,25-34,Asian/Asian British - Pakistani,Asian,Police and Criminal Evidence Act 1984 (section 1),Stolen goods,,False,False
Person search,2017-10-03T01:15:00+00:00,,,,,Male,25-34,Other ethnic group - Not stated,White,Misuse of Drugs Act 1971 (section 23),Controlled drugs,,True,False
Person search,2017-10-03T01:31:00+00:00,,,,,Male,18-24,White - Any other White background,White,Police and Criminal Evidence Act 1984 (section 1),Evidence of offences under the Act,Nothing found - no further action,False,False
Person search,2017-10-03T05:16:00+00:00,,,,,Male,25-34,Other ethnic group - Not stated,Black,Police and Criminal Evidence Act 1984 (section 1),Stolen goods,,True,False
Vehicle search,2017-10-03T08:19:00+00:00,,,51.516347,-0.104887,Other,,Other ethnic group - Not stated,Other,Misuse of Drugs Act 1971 (section 23),Controlled drugs,Offender given drugs possession warning,False,False
Person search,2017-10-04T00:04:00+00:00,,,51.510381,-0.119114,Male,over 34,Asian/Asian British - Bangladeshi,Asian,Firearms Act 1968 (section 47),Firearms,Nothing found - no further action,False,False
Person and Vehicle search,2017-10-04T03:07:00+00:00,,,,,Male,18-24,White - English/Welsh/Scottish/Northern Irish/British,White,Firearms Act 1968 (section 47),Firearms,,False,False
Person search,2017-10-05T00:05:00+00:00,,,,,Male,25-34,White - English/Welsh/Scottish/Northern Irish/British,White,Police and Criminal Evidence Act 1984 (section 1),Anything to threaten or harm anyone,Nothing found - no further action,False,False
Person search,2017-10-05T00:05:00+00:00,,,,,Male,25-34,White - Irish,White,Police and Criminal Evidence Act 1984 (section 1),Anything to threaten or harm anyone,Nothing found - no further action,False,False
Person search,2017-10-05T00:05:00+00:00,,,,,Male,25-34,White - Irish,Other,Police and Criminal Evidence Act 1984 (section 1),Offensive weapons,Nothing found - no further action,False,False
Person search,2017-10-05T00:05:00+00:00,,,51.516703,-0.093558,Male,25-34,Asian/Asian British - Indian,Asian,Police and Criminal Evidence Act 1984 (section 1),Offensive weapons,Nothing found - no further action,False,False
Person search,2017-10-05T00:08:00+00:00,,,,,Male,25-34,White - English/Welsh/Scottish/Northern Irish/British,White,Police and Criminal Evidence Act 1984 (section 1),Anything to threaten or harm anyone,Nothing found - no further action,False,False
Person search,2017-10-05T00:08:00+00:00,,,,,Male,25-34,White - English/Welsh/Scottish/Northern Irish/British,White,Police and Criminal Evidence Act 1984 (section 1),Anything to threaten or harm anyone,Nothing found - no further action,False,False
Person search,2017-10-05T00:09:00+00:00,,,,,Male,25-34,Asian/Asian British - Indian,Asian,Police and Criminal Evidence Act 1984 (section 1),,,True,False
Person search,2017-10-05T00:09:00+00:00,,,,,Male,25-34,Asian/Asian British - Bangladeshi,Asian,Police and Criminal Evidence Act 1984 (section 1),,,True,False
Person search,2017-10-05T00:12:00+00:00,,,,,Male,25-34,White - English/Welsh/Scottish/Northern Irish/British,White,Criminal Justice and Public Order Act 1994 (section 60),Anything to threaten or harm anyone,Nothing found - no further action,False,False
Person search,2017-10-06T00:26:00+00:00,,,,,Male,25-34,White - English/Welsh/Scottish/Northern Irish/British,Asian,Misuse of Drugs Act 1971 (section 23),Controlled drugs,Offender given penalty notice,False,False
Person search,2017-10-07T09:25:00+00:00,,,,,Male,18-24,Asian/Asian British - Bangladeshi,Asian,Misuse of Drugs Act 1971 (section 23),Controlled drugs,Nothing found - no further action,False,False
Person search,2017-10-07T09:25:00+00:00,,,51.523962,-0.064035,Male,18-24,Asian/Asian British - Bangladeshi,Asian,Misuse of Drugs Act 1971 (section 23),Controlled drugs,Nothing found - no further action,False,False
Person search,2017-10-07T09:30:00+00:00,,,,,Male,18-24,Asian/Asian British - Bangladeshi,Asian,Misuse of Drugs Act 1971 (section 23),Controlled drugs,Nothing found - no further action,False,False
Person search,2017-10-08T10:00:00+00:00,,,,,Male,18-24,Asian/Asian British - Any other Asian background,Asian,Police and Criminal Evidence Act 1984 (section 1),Stolen goods,,True,False
Person search,2017-10-08T11:38:00+00:00,,,51.513915,-0.073180,Male,18-24,Asian/Asian British - Pakistani,Asian,Misuse of Drugs Act 1971 (section 23),Controlled drugs,Nothing found - no further action,False,False
Vehicle search,2017-10-09T08:43:00+00:00,,,,,Male,over 34,White - Any other White background,White,Police and Criminal Evidence Act 1984 (section 1),Evidence of offences under the Act,,False,
Person and Vehicle search,2017-10-09T08:43:00+00:00,,,,,Male,over 34,White - Any other White background,White,Police and Criminal Evidence Act 1984 (section 1),Evidence of offences under the Act,Nothing found - no further action,False,False
Person and Vehicle search,2017-10-09T09:00:00+00:00,,,,,Female,18-24,Other ethnic group - Not stated,Asian,Misuse of Drugs Act 1971 (section 23),Controlled drugs,Nothing found - no further action,False,False
Person search,2017-10-09T10:30:00+00:00,,,,,Male,10-17,Black/African/Caribbean/Black British - African,Black,Misuse of Drugs Act 1971 (section 23),Controlled drugs,,True,False
Person search,2017-10-09T10:47:00+00:00,,,52.469100,-1.791971,Male,10-17,Other ethnic group - Not stated,Black,Misuse of Drugs Act 1971 (section 23),Controlled drugs,Nothing found - no further action,False,False
Person search,2017-10-10T01:38:00+00:00,,,51.534162,-0.145962,Female,18-24,White - Any other White background,White,Misuse of Drugs Act 1971 (section 23),Controlled drugs,Nothing found - no further action,False,False
Person search,2017-10-10T04:12:00+00:00,,,,,Male,over 34,White - English/Welsh/Scottish/Northern Irish/British,White,Police and Criminal Evidence Act 1984 (section 1),Article for use in theft,Nothing found - no further action,False,False
Person search,2017-10-10T11:05:00+00:00,,,51.424976,-0.205605,Male,over 34,Other ethnic group - Not stated,Asian,Misuse of Drugs Act 1971 (section 23),Controlled drugs,Nothing found - no further action,False,False
Person search,2017-10-11T04:55:00+00:00,,,51.511200,-0.085257,Male,over 34,White - Irish,White,Police and Criminal Evidence Act 1984 (section 1),Stolen goods,Nothing found - no further action,False,False
Person search,2017-10-11T06:15:00+00:00,,,51.404437,-0.127993,Male,25-34,Other ethnic group - Not stated,White,Police and Criminal Evidence Act 1984 (section 1),Stolen goods,Offender cautioned,False,False
Person search,2017-10-12T09:54:00+00:00,,,,,Male,over 34,White - Any other White background,White,Misuse of Drugs Act 1971 (section 23),Controlled drugs,,True,False
Person search,2017-10-12T10:54:00+00:00,,,51.517032,-0.092723,Male,25-34,White - English/Welsh/Scottish/Northern Irish/British,White,Sporting Events Act 1985 (section 7),Anything to threaten or harm anyone,Nothing found - no further action,False,False
Person search,2017-10-12T10:54:00+00:00,,,51.516703,-0.093558,Male,25-34,White - Any other White background,White,Police and Criminal Evidence Act 1984 (section 1),Offensive weapons,Nothing found - no further action,False,False
Person search,2017-10-12T10:54:00+00:00,,,51.516703,-0.093558,Male,25-34,White - English/Welsh/Scottish/Northern Irish/British,White,Police and Criminal Evidence Act 1984 (section 1),Anything to threaten or harm anyone,Nothing found - no further action,False,False
Person search,2017-10-12T10:54:00+00:00,,,,,Male,25-34,Other ethnic group - Not stated,Other,Police and Criminal Evidence Act 1984 (section 1),Offensive weapons,Nothing found - no further action,False,False
Person search,2017-10-12T10:54:00+00:00,,,,,Male,25-34,White - English/Welsh/Scottish/Northern Irish/British,White,Police and Criminal Evidence Act 1984 (section 1),Anything to threaten or harm anyone,Nothing found - no further action,False,False
Person search,2017-10-12T10:54:00+00:00,,,51.517032,-0.092723,Male,25-34,White - English/Welsh/Scottish/Northern Irish/British,White,Police and Criminal Evidence Act 1984 (section 1),Offensive weapons,Nothing found - no further action,False,False
Person search,2017-10-13T10:29:00+00:00,,,,,Male,25-34,White - English/Welsh/Scottish/Northern Irish/British,White,Misuse of Drugs Act 1971 (section 23),Controlled drugs,,True,False
Person search,2017-10-14T00:44:00+00:00,,,51.518374,-0.088473,Male,over 34,Asian/Asian British - Bangladeshi,Asian,Misuse of Drugs Act 1971 (section 23),Controlled drugs,Nothing found - no further action,False,False
Person search,2017-10-15T09:41:00+00:00,,,,,Male,25-34,White - Any other White background,Asian,Police and Criminal Evidence Act 1984 (section 1),Evidence of offences under the Act,Nothing found - no further action,False,False
Person search,2017-10-15T11:20:00+00:00,,,,,Male,18-24,Asian/Asian British - Any other Asian background,Asian,Misuse of Drugs Act 1971 (section 23),Controlled drugs,Local resolution,False,False
Person search,2017-10-15T11:20:00+00:00,,,,,Male,18-24,Asian/Asian British - Bangladeshi,Asian,Misuse of Drugs Act 1971 (section 23),Controlled drugs,Local resolution,False,False
Person search,2017-10-16T09:12:00+00:00,,,,,Male,over 34,Other ethnic group - Not stated,White,Police and Criminal Evidence Act 1984 (section 1),Anything to threaten or harm anyone,Local resolution,False,False
Person search,2017-10-16T10:00:00+00:00,,,,,Male,18-24,White - Any other White background,White,Misuse of Drugs Act 1971 (section 23),Controlled drugs,,True,False
Person search,2017-10-17T01:31:00+00:00,,,,,Male,18-24,White - Any other White background,White,Police and Criminal Evidence Act 1984 (section 1),Article for use in theft,Local resolution,False,False
Person search,2017-10-17T01:31:00+00:00,,,,,Male,18-24,White - Any other White background,White,Police and Criminal Evidence Act 1984 (section 1),Article for use in theft,Local resolution,False,False
Person search,2017-10-17T09:01:00+00:00,,,,,Male,over 34,White - English/Welsh/Scottish/Northern Irish/British,White,Police and Criminal Evidence Act 1984 (section 1),Stolen goods,Nothing found - no further action,False,False
Person search,2017-10-18T01:12:00+00:00,,,,,Female,over 34,White - English/Welsh/Scottish/Northern Irish/British,White,Police and Criminal Evidence Act 1984 (section 1),Anything to threaten or harm anyone,Nothing found - no further action,False,False
Person search,2017-10-18T01:12:00+00:00,,,,,Male,over 34,Black/African/Caribbean/Black British - Any other Black/African/Caribbean background,Asian,Police and Criminal Evidence Act 1984 (section 1),Anything to threaten or harm anyone,Nothing found - no further action,False,False
Person search,2017-10-18T07:33:00+00:00,,,51.516014,-0.081091,Male,25-34,Other ethnic group - Not stated,White,Police and Criminal Evidence Act 1984 (section 1),Stolen goods,Nothing found - no further action,False,False
Person search,2017-10-19T01:07:00+00:00,,,,,Male,25-34,Mixed/Multiple ethnic groups - White and Asian,White,Police and Criminal Evidence Act 1984 (section 1),Offensive weapons,,True,False
Person search,2017-10-19T03:18:00+00:00,,,,,Male,18-24,White - Irish,White,Police and Criminal Evidence Act 1984 (section 1),Stolen goods,Local resolution,False,False
Person search,2017-10-19T03:19:00+00:00,,,,,Male,10-17,White - Irish,White,Police and Criminal Evidence Act 1984 (section 1),Stolen goods,Nothing found - no further action,False,False
Person search,2017-10-19T03:24:00+00:00,,,,,Male,25-34,Other ethnic group - Not stated,White,Police and Criminal Evidence Act 1984 (section 1),Article for use in theft,Nothing found - no further action,False,False
Person search,2017-10-19T04:03:00+00:00,,,,,Male,10-17,Other ethnic group - Any other ethnic group,Asian,Police and Criminal Evidence Act 1984 (section 1),Stolen goods,Nothing found - no further action,False,False
Person search,2017-10-19T04:04:00+00:00,,,51.515307,-0.097277,Male,10-17,White - Any other White background,White,Police and Criminal Evidence Act 1984 (section 1),Stolen goods,Nothing found - no further action,False,False
Person search,2017-10-19T04:18:00+00:00,,,,,Male,10-17,White - Any other White background,White,Police and Criminal Evidence Act 1984 (section 1),Evidence of offences under the Act,,False,False
Person search,2017-10-20T02:27:00+00:00,,,,,Male,18-24,Asian/Asian British - Pakistani,Asian,Police and Criminal Evidence Act 1984 (section 1),Stolen goods,,True,False
Person search,2017-10-21T02:24:00+00:00,,,,,Male,over 34,White - English/Welsh/Scottish/Northern Irish/British,White,Police and Criminal Evidence Act 1984 (section 1),Stolen goods,Local resolution,False,False
Person search,2017-10-22T01:04:00+00:00,,,,,Male,18-24,Black/African/Caribbean/Black British - African,Black,Police and Criminal Evidence Act 1984 (section 1),Evidence of offences under the Act,,False,False
Person search,2017-10-22T02:34:00+00:00,,,51.517690,-0.084566,Male,18-24,Black/African/Caribbean/Black British - African,Black,Firearms Act 1968 (section 47),Firearms,Nothing found - no further action,False,False
Person search,2017-10-22T04:07:00+00:00,,,51.652585,-0.450187,Female,25-34,White - English/Welsh/Scottish/Northern Irish/British,White,Police and Criminal Evidence Act 1984 (section 1),Stolen goods,,True,False
Person search,2017-10-22T04:29:00+00:00,,,51.515739,-0.100632,Male,25-34,White - Any other White background,White,Police and Criminal Evidence Act 1984 (section 1),Article for use in theft,Nothing found - no further action,False,False
Person search,2017-10-25T00:01:00+00:00,,,,,Male,25-34,White - English/Welsh/Scottish/Northern Irish/British,White,Police and Criminal Evidence Act 1984 (section 1),Anything to threaten or harm anyone,Nothing found - no further action,False,False
Person search,2017-10-25T00:53:00+00:00,,,51.514763,-0.075508,Male,18-24,White - English/Welsh/Scottish/Northern Irish/British,White,Police and Criminal Evidence Act 1984 (section 1),Stolen goods,Nothing found - no further action,False,False
Person search,2017-10-25T01:07:00+00:00,,,51.652585,-0.450187,Male,18-24,Mixed/Multiple ethnic groups - White and Black Caribbean,Black,Police and Criminal Evidence Act 1984 (section 1),Stolen goods,,True,False
Person search,2017-10-25T05:49:00+00:00,,,,,Male,18-24,Asian/Asian British - Bangladeshi,Asian,Misuse of Drugs Act 1971 (section 23),Controlled drugs,Nothing found - no further action,False,False
Person and Vehicle search,2017-10-25T10:30:13+00:00,,,51.512678,-0.079444,Male,18-24,White - Any other White background,White,Police and Criminal Evidence Act 1984 (section 1),,Nothing found - no further action,False,False
Person search,2017-10-25T17:52:36+00:00,,,51.516122,-0.077224,Male,,Other ethnic group - Not stated,Black,Misuse of Drugs Act 1971 (section 23),Controlled drugs,Nothing found - no further action,False,False
Person search,2017-10-25T21:44:04+00:00,,,51.516814,-0.081620,Male,18-24,White - Any other White background,White,Police and Criminal Evidence Act 1984 (section 1),Article for use in theft,Nothing found - no further action,False,False
Person and Vehicle search,2017-10-25T22:09:14+00:00,,,,,Male,18-24,White - English/Welsh/Scottish/Northern Irish/British,White,,,Nothing found - no further action,False,False
Person search,2017-10-25T23:07:04+00:00,,,51.512888,-0.094482,Male,25-34,White - English/Welsh/Scottish/Northern Irish/British,White,Police and Criminal Evidence Act 1984 (section 1),Articles for use in criminal damage,Nothing found - no further action,False,False
Person search,2017-10-27T03:56:20+00:00,,,51.516476,-0.111181,Male,25-34,Other ethnic group - Not stated,Black,Police and Criminal Evidence Act 1984 (section 1),Article for use in theft,Nothing found - no further action,False,False
Person search,2017-10-27T04:24:46+00:00,,,51.516476,-0.111181,Male,25-34,Other ethnic group - Not stated,Black,Police and Criminal Evidence Act 1984 (section 1),Article for use in theft,Nothing found - no further action,False,False
Person search,2017-10-27T04:41:42+00:00,,,51.516476,-0.111181,Male,over 34,Other ethnic group - Not stated,Black,Police and Criminal Evidence Act 1984 (section 1),Article for use in theft,Nothing found - no further action,False,False
Person search,2017-10-27T13:39:46+00:00,,,51.510806,-0.081540,Male,25-34,Other ethnic group - Not stated,White,Police and Criminal Evidence Act 1984 (section 1),Stolen goods,Nothing found - no further action,False,False
Person search,2017-10-27T17:26:52+00:00,,,51.511749,-0.108018,Male,10-17,,,,,,,
Vehicle search,2017-10-27T21:40:21+00:00,,,,,,,,,,,,False,
Person and Vehicle search,2017-10-28T07:17:49+00:00,,,,,Male,over 34,Asian/Asian British - Pakistani,Asian,Misuse of Drugs Act 1971 (section 23),Controlled drugs,Suspect arrested,True,False
Person search,2017-10-30T18:42:34+00:00,,,,,Male,25-34,White - English/Welsh/Scottish/Northern Irish/British,White,Misuse of Drugs Act 1971 (section 23),Controlled drugs,Nothing found - no further action,False,False
Person search,2017-10-30T23:48:13+00:00,,,,,Male,25-34,Other ethnic group - Not stated,White,Police and Criminal Evidence Act 1984 (section 1),Article for use in theft,Nothing found - no further action,False,False
Person search,2017-10-31T15:52:22+00:00,,,,,Male,over 34,White - Any other White background,White,Police and Criminal Evidence Act 1984 (section 1),Article for use in theft,Article found - Detailed outcome unavailable,True,False
