Crime ID,Month,Reported by,Falls within,Longitude,Latitude,Location,LSOA code,LSOA name,Outcome type
286f80548588e08e90a2ad46b9ebad85f729dea590b1d1c3494cfc1b8588ba4b,2018-03,City of London Police,City of London Police,-0.086764,51.510307,On or near FISH STREET HILL,E01032739,City of London 001F,Investigation complete; no suspect identified
e0e132eec6359e75fcd231d4739be1a6621898ee0fdc016178bafdbd85969682,2018-03,City of London Police,City of London Police,-0.106922,51.514204,On or near FLEET STREET,E01032740,City of London 001G,Investigation complete; no suspect identified
66a56f053faa9e65235cf8c94a5c11e533932227d3cade9b16e35efb26991813,2018-03,City of London Police,City of London Police,-0.082458,51.517431,On or near LIVERPOOL STREET,E01032739,City of London 001F,Investigation complete; no suspect identified
54df70c74b0f2928b7b3c408b0ac70d1434a9685a7fb696b732d0c4b779769df,2018-03,City of London Police,City of London Police,-0.094628,51.514203,On or near CHEAPSIDE,E01032739,City of London 001F,Investigation complete; no suspect identified
0ddcd8acd3e484178e0e1e5b0a8eaa34855a185d27038278196f43f602b689c8,2018-03,City of London Police,City of London Police,-0.082913,51.513463,On or near LEADENHALL STREET,E01032739,City of London 001F,Investigation complete; no suspect identified
3fa5d269a57cbebf92b9275998daf5641a22933590ba2e9927fb81fb0bced85f,2018-03,City of London Police,City of London Police,-0.096363,51.513377,On or near NEW CHANGE,E01032739,City of London 001F,Investigation complete; no suspect identified
6fc5868501c7563c9a38ccf797a3705c30ebf84d2625e280091d916523e86641,2018-03,City of London Police,City of London Police,-0.079444,51.512678,On or near FENCHURCH BUILDINGS,E01032739,City of London 001F,Investigation complete; no suspect identified
9a357e3c27d50e3f9d93419570331235343b85a869226dd8b2dec3de62d480d6,2018-03,City of London Police,City of London Police,-0.112039,51.514547,On or near BELL YARD,E01004735,Westminster 018B,Investigation complete; no suspect identified
387f6184b4ccb8699682ba8413d10039a6eccb2a554a468c8fb3e9fcdae84efa,2018-03,City of London Police,City of London Police,-0.091151,51.514992,On or near GRESHAM STREET,E01032739,City of London 001F,Investigation complete; no suspect identified
f07043e964008ae0924693c644f4e6267c57d497988a44b27b778ab03cbdc49d,2018-03,City of London Police,City of London Police,-0.079080,51.519615,On or near BISHOPSGATE,E01004307,Tower Hamlets 015B,Investigation complete; no suspect identified
d3ab9ac027dbf90d7adf640c666558ee1eec2b9b32e608e84c0d23697ce90e32,2018-03,City of London Police,City of London Police,-0.108231,51.513928,On or near PLEYDELL STREET,E01032740,City of London 001G,Investigation complete; no suspect identified
2e2fa4a25131cb8b19c35957b4ecfc02e3e879b222a15a4a70563febe2baa72d,2018-03,City of London Police,City of London Police,-0.078924,51.508587,On or near PETTY WALES,E01032739,City of London 001F,Investigation complete; no suspect identified
d2087793525e346fef54941bf61cabd8a6dca43abbcb62dd5f86cc73778e6077,2018-03,City of London Police,City of London Police,-0.104001,51.513051,On or near APOTHECARY STREET,E01032739,City of London 001F,Investigation complete; no suspect identified
9c421fc53fc0bce8d1e78b532b0c9fe2719d08050bc77dc40fa055ee3bf02dc4,2018-03,City of London Police,City of London Police,-0.096814,51.512952,On or near ST PAUL'S CHURCH YARD,E01032739,City of London 001F,Investigation complete; no suspect identified
3da0515d5b713439a9ed076c5bbda2c651432fbfebb5639577e0941903b83eea,2018-03,City of London Police,City of London Police,-0.079786,51.517576,On or near Police Station,E01032739,City of London 001F,Suspect charged
42a374580218879e3392c58886764aa7ea7e7cb6962c26b0cbcd70efee07662a,2018-03,City of London Police,City of London Police,-0.088013,51.519365,On or near ROPEMAKER STREET,E01032739,City of London 001F,Investigation complete; no suspect identified
cf2809bea1a309978dfd5c93bbae49e03d152f7d19f9904b4c86baa2633d187a,2018-03,City of London Police,City of London Police,-0.104300,51.511761,On or near Pedestrian Subway,E01032740,City of London 001G,Investigation complete; no suspect identified
6d9371a912446f6b7e0966afdbced1b092f67c64763176fa0785bd708bf50f0b,2018-03,City of London Police,City of London Police,-0.112939,51.518231,On or near SOUTHAMPTON BUILDINGS,E01032740,City of London 001G,Investigation complete; no suspect identified
895f4188cacaf9159b0b88b57587a86f772377115c136ac987daa10e1258934d,2018-03,City of London Police,City of London Police,-0.076031,51.509547,On or near TOWER HILL,E01004293,Tower Hamlets 027B,Investigation complete; no suspect identified
9d608d7b6302a855e893a1621526e7b5a7feeeb9cd8ba9426759349bce2ac49a,2018-03,City of London Police,City of London Police,-0.078665,51.509950,On or near MUSCOVY STREET,E01032739,City of London 001F,Investigation complete; no suspect identified
8d98447aacadacafbbdbef83f69d2ce6a7e14774d2bc1319984878aca0fe0498,2018-03,City of London Police,City of London Police,-0.085257,51.511200,On or near TALBOT COURT,E01032739,City of London 001F,Offender given a caution
e236adc61456d01ffe0aba34297640f3557435d57e03a03d928d0640a7987c0c,2018-03,City of London Police,City of London Police,-0.078749,51.520985,On or near NORTON FOLGATE,E01032739,City of London 001F,Unable to prosecute suspect
1cfd625a2e7f5dc4d4057f8bc88d3721fa90d2ac1cc149ed2c2768a6ed978d3c,2018-03,City of London Police,City of London Police,-0.088203,51.518262,On or near MOORGATE,E01032739,City of London 001F,Unable to prosecute suspect
a1ffed5441f4a31bb4d098774a957d61212ec2530c75349009ba1422d9302ca5,2018-03,City of London Police,City of London Police,-0.093969,51.519300,On or near Park/Open Space,E01000002,City of London 001B,Investigation complete; no suspect identified
88abd1533a6a003480234aad903216c28cbf5be29d5f9a2ee99cc0e0cf3f8c79,2018-03,City of London Police,City of London Police,-0.096363,51.513377,On or near NEW CHANGE,E01032739,City of London 001F,Investigation complete; no suspect identified
14cdacf9f0bed0c87e0d755aaebf64c3024c204027d38cfe91542443ee54603b,2018-03,City of London Police,City of London Police,-0.085149,51.517196,On or near BLOMFIELD STREET,E01032739,City of London 001F,Suspect charged
c8098840fced0c568948c23f90d3e42cf811b670beb623fe8cdb9834688c0b84,2018-03,City of London Police,City of London Police,-0.081620,51.516814,On or near ALDERMAN'S WALK,E01032739,City of London 001F,Further investigation is not in the public interest
dd1bc9ca46a32a52b2a4ee9e284542d10aaa7428a9ba4c29539d13c8937da7de,2018-03,City of London Police,City of London Police,-0.106357,51.512549,On or near TUDOR STREET,E01032740,City of London 001G,Investigation complete; no suspect identified
54db00a3719d1693b83fe6a15ce4d673b3ae6b0ad6c57f017a9a12ec6bb1db8b,2018-03,City of London Police,City of London Police,-0.081540,51.510806,On or near MINCING LANE,E01032739,City of London 001F,Further investigation is not in the public interest
77981aa6222f0fbc18b8f39dd89d2ff4ecd7538869839e9646b7259304bbbe54,2018-03,City of London Police,City of London Police,-0.080782,51.514804,On or near ST MARY AXE,E01032739,City of London 001F,Suspect charged
4f95c4a1477ae8c65be3316f8747273a17eb57e6dcd7acf0bc7e77e9fd80ef9d,2018-03,City of London Police,City of London Police,-0.081620,51.516814,On or near ALDERMAN'S WALK,E01032739,City of London 001F,Offender given a caution
5aae02b0bdbac6774f33bec252ffde0f5907028e6b946599e0cb1344ebfe78dc,2018-03,City of London Police,City of London Police,-0.082965,51.516351,On or near WORMWOOD STREET,E01032739,City of London 001F,Unable to prosecute suspect
6f43c9343d5711e1b43491184608744a66a50e012251d6a9f1c62910f5f5700b,2018-03,City of London Police,City of London Police,-0.092926,51.511477,On or near QUEEN STREET,E01032739,City of London 001F,Investigation complete; no suspect identified
579e689d16ab01980a464cd08723c03b4c3ff2838d0de9a4273da965254e131d,2018-03,City of London Police,City of London Police,-0.084980,51.516078,On or near GREAT WINCHESTER STREET,E01032739,City of London 001F,Investigation complete; no suspect identified
f548a05915cdbb8a0ca6a70a98b9d31c4db534bd97afb7eb25f15a19a973aa86,2018-03,City of London Police,City of London Police,-0.078924,51.508587,On or near PETTY WALES,E01032739,City of London 001F,Investigation complete; no suspect identified
ffde76c81df4d857f52ad0f36b67935f8c1f6b96fa12645bf65a10dc38fbaf04,2018-03,City of London Police,City of London Police,,,No location,,,Investigation complete; no suspect identified
a2fdfb05f029265007bb671b8c51e6ba4ec5c37b01d791e8e3a52c353db2eb80,2018-03,City of London Police,City of London Police,-0.094197,51.510734,On or near KENNETT WHARF LANE,E01032739,City of London 001F,Investigation complete; no suspect identified
47596723263205f82afdc9ead16964ab077dd6e522ea4cefae863a6bebe833e2,2018-03,City of London Police,City of London Police,-0.082458,51.517431,On or near LIVERPOOL STREET,E01032739,City of London 001F,Offender given a caution
08b103f7439eca76e56f176c466b6797cfe6b1b3e6f32bb799af014e5154bee7,2018-03,City of London Police,City of London Police,-0.094468,51.521853,On or near GOLDEN LANE,E01000003,City of London 001C,Investigation complete; no suspect identified
a1242b526e77d0a9b5cb01470f37537bb138af79289b03220ab6e0daad6f0ed4,2018-03,City of London Police,City of London Police,-0.109647,51.514887,On or near FETTER LANE,E01032740,City of London 001G,Investigation complete; no suspect identified
46da30beed6651fe30c0163a755a13bdc7f435886cd97829d03680fc45845c33,2018-03,City of London Police,City of London Police,-0.086728,51.510477,On or near KING WILLIAM STREET,E01032739,City of London 001F,Investigation complete; no suspect identified
09f10c43ad96d6c2de6bb4222e7b804c9009361b9f79887c928b0abff211e1ec,2018-03,City of London Police,City of London Police,-0.105134,51.513869,On or near BRIDE LANE,E01032740,City of London 001G,Investigation complete; no suspect identified
5b29231fc08e1145d75290f26dd434289a6328a58ec86d34b9851d19bac064bd,2018-03,City of London Police,City of London Police,-0.097645,51.515142,On or near ST MARTIN'S LE GRAND,E01032739,City of London 001F,Investigation complete; no suspect identified
b3b97206b69feafb730b35305c667dc24cc73a13c56c447620d5e57ac885250f,2018-03,City of London Police,City of London Police,-0.076031,51.509547,On or near TOWER HILL,E01004293,Tower Hamlets 027B,Offender given a caution
cbbcf0d80da13ffc07f8bd42767ba396f542ad10a4ea866d988c314fcc671ff2,2018-03,City of London Police,City of London Police,-0.087486,51.519896,On or near FINSBURY PAVEMENT,E01002704,Islington 023D,Offender given a drugs possession warning
e191f83697f863e4e130d429bbce560d1cc1b0a8d4db3eded7a3b353e650351f,2018-03,City of London Police,City of London Police,-0.109709,51.517909,On or near HIGH HOLBORN,E01032740,City of London 001G,Investigation complete; no suspect identified
ed2e127e31f00f71d4abda7dc6d86e68e47611107e2278e4b6db7d85d7e5dbbe,2018-03,City of London Police,City of London Police,-0.077578,51.510795,On or near PEPYS STREET,E01032739,City of London 001F,Suspect charged
f7c6d302c397a12165374c451aa6ca6684addf0ddba6aa182cb464a899ab4dd1,2018-03,City of London Police,City of London Police,-0.097645,51.515142,On or near ST MARTIN'S LE GRAND,E01032739,City of London 001F,Investigation complete; no suspect identified
f03789873284e54c1694fd7708c016ab7ca37d3f3dfd41d2cf74884d3c6c40e7,2018-03,City of London Police,City of London Police,-0.093257,51.513920,On or near BOW LANE,E01032739,City of London 001F,Suspect charged
e5eba93831114428b834d0c06e4aaef540a188a6ec2cf71ec1b9ed3ba5319491,2018-03,City of London Police,City of London Police,-0.086728,51.510477,On or near KING WILLIAM STREET,E01032739,City of London 001F,Investigation complete; no suspect identified
06f0d26fc367617d3105f16a859d2bd5271f76a38e987ec9295069bd5ee3d5ef,2018-03,City of London Police,City of London Police,-0.097562,51.518864,On or near Parking Area,E01000001,City of London 001A,Investigation complete; no suspect identified
2da364e40357df0c57cf3d3ccb21ae192707f6c870fae9c423b684d3ca63df4b,2018-03,City of London Police,City of London Police,-0.086051,51.513569,On or near FINCH LANE,E01032739,City of London 001F,Investigation complete; no suspect identified
b335deb5c18cc07a9ff3177b485832ce3660c66a64f7f8da6f437012073f38dd,2018-03,City of London Police,City of London Police,-0.109647,51.514887,On or near FETTER LANE,E01032740,City of London 001G,Investigation complete; no suspect identified
d7fb8e39516690861b403216f841d445f8fd840f3be78b3247bf6ef6a47bc6fd,2018-03,City of London Police,City of London Police,-0.076240,51.504245,On or near A100,E01032640,Southwark 003H,Investigation complete; no suspect identified
c3966b13fe9ce290ea946532bf95a08df5b035c521d41e7a0c0c6ebfd696a4b5,2018-03,City of London Police,City of London Police,-0.084967,51.512598,On or near BELL INN YARD,E01032739,City of London 001F,Suspect charged
ce2913cb3aeec826415bb7295cf26df65f7916b3dfd1d99554a72eec32adb7b9,2018-03,City of London Police,City of London Police,-0.081549,51.511625,On or near MINCING LANE,E01032739,City of London 001F,Suspect charged
a574c24ed1ca7754e85ef7e67f9cbefa3bf70377566bfa4ea7c459f85343784b,2018-03,City of London Police,City of London Police,-0.104494,51.509848,On or near A201,E01032739,City of London 001F,Suspect charged
62ee6308accbaba9f594f069137c899272d8dffc22606ea6944016d047c94dfd,2018-03,City of London Police,City of London Police,-0.091108,51.511529,On or near CLOAK LANE,E01032739,City of London 001F,Investigation complete; no suspect identified
d0834963f3517d98c278142fbfc8e1852fa962c2f9f9e8d64b4cd4a200c70296,2018-03,City of London Police,City of London Police,-0.080234,51.516855,On or near DEVONSHIRE ROW,E01032739,City of London 001F,Investigation complete; no suspect identified
7d0d2f5d4f6271381669a56272da1f6b082967e67e62401068074ae4f5b8b4c2,2018-03,City of London Police,City of London Police,-0.079607,51.515657,On or near ST MARY AXE,E01000005,City of London 001E,Investigation complete; no suspect identified
ab07a3d758ab1625e38b8f99a8790fe2bb9febc66caa579b17cc582400fa4c5a,2018-03,City of London Police,City of London Police,-0.094546,51.520658,On or near BEECH STREET,E01000002,City of London 001B,Investigation complete; no suspect identified
68fe551ea0518b513705be67fcc0c9ddc5d4791f26bdf1724730529fb567eef5,2018-03,City of London Police,City of London Police,-0.105134,51.513869,On or near BRIDE LANE,E01032740,City of London 001G,Investigation complete; no suspect identified
56df83fb1fd9964e9b45ef624aa2f70b55ff7f7facd4faa12c09a9653b141e45,2018-03,City of London Police,City of London Police,-0.104134,51.514699,On or near OLD SEACOAL LANE,E01032740,City of London 001G,Investigation complete; no suspect identified
bb3916e3be6f55184ce0550884ee78b018f64080e3a65790b5b7623a61722a24,2018-03,City of London Police,City of London Police,-0.089465,51.510855,On or near GOPHIR LANE,E01032739,City of London 001F,Local resolution
60bf92023cede4382d088f3ef60c6536aac816744bd3cb4f9c8028c579262c59,2018-03,City of London Police,City of London Police,-0.111497,51.518226,On or near Pedestrian Subway,E01000914,Camden 028B,Suspect charged
512a09d16c83704adcaf3fd0ac78a98936b1a18ac7672972d6ba65654c316c44,2018-03,City of London Police,City of London Police,-0.108231,51.513928,On or near PLEYDELL STREET,E01032740,City of London 001G,Investigation complete; no suspect identified
54b0603a7160e320543ee7b13271a86d04d85caf150a89a10147f6c3e4115f86,2018-03,City of London Police,City of London Police,-0.084967,51.512598,On or near BELL INN YARD,E01032739,City of London 001F,Suspect charged
ed268b24ab129f5eea4a685a560c7835e4914b9936bb8190a2ec2008b0292082,2018-03,City of London Police,City of London Police,-0.080376,51.517244,On or near Supermarket,E01032739,City of London 001F,Suspect charged
d9734039814f9d0f01a9787ffb9a8d560b7d283127808ab2ffdaf987b3d504d6,2018-03,City of London Police,City of London Police,-0.092267,51.511745,On or near CLOAK LANE,E01032739,City of London 001F,Investigation complete; no suspect identified
bc28894db90039b52b12a9654f651bb8b9cd989f589cb00051cf0c248ddb32d1,2018-03,City of London Police,City of London Police,-0.081620,51.516814,On or near ALDERMAN'S WALK,E01032739,City of London 001F,Investigation complete; no suspect identified
2d85a831053ec3c4357a6c307f4f9632defd42738fbec686edc20c1750b44481,2018-03,City of London Police,City of London Police,-0.086175,51.510945,On or near GRACECHURCH STREET,E01032739,City of London 001F,Investigation complete; no suspect identified
7236540d51a48f742d461e11cd264e9dd48404f1e7d8f584bf083361c9058a67,2018-03,City of London Police,City of London Police,-0.081549,51.511625,On or near MINCING LANE,E01032739,City of London 001F,Offender given a drugs possession warning
0dae0613fe9a3ebb5997559ccde90fa1381b9f97af234bd43a5c1b3bbd86b74b,2018-03,City of London Police,City of London Police,-0.107148,51.511879,On or near TALLIS STREET,E01032740,City of London 001G,Investigation complete; no suspect identified
8c226c3dc846d1573760886b06c35b42e847d2380ae82cdefa260565061e623a,2018-03,City of London Police,City of London Police,-0.087780,51.508066,On or near BOROUGH HIGH STREET,E01032739,City of London 001F,Investigation complete; no suspect identified
19a0b08a8659f93aa7a4b3b510e54fe279e76a56579a505d241a460900c13e1d,2018-03,City of London Police,City of London Police,-0.094628,51.514203,On or near CHEAPSIDE,E01032739,City of London 001F,Offender given a caution
d1139a20630ee9395f67434bd7df4aa4fe36391e2edee9061ac4fd481a8ce9b9,2018-03,City of London Police,City of London Police,-0.092719,51.512652,On or near QUEEN VICTORIA STREET,E01032739,City of London 001F,Investigation complete; no suspect identified
87e46b0b7a102a516ac56f137061c26a367253902a117d9c8a12ea8abff84cb0,2018-03,City of London Police,City of London Police,-0.109647,51.514887,On or near FETTER LANE,E01032740,City of London 001G,Investigation complete; no suspect identified
7e32b9eee5e56d039dca9423d0a31d53072c9d95466ab1f69ed6f9295cc3731b,2018-03,City of London Police,City of London Police,-0.079786,51.517576,On or near Police Station,E01032739,City of London 001F,Investigation complete; no suspect identified
a19f61635178d379a900d9617d6d9c7ceb96506df8f5ae1cddb1ac4577a2764b,2018-03,City of London Police,City of London Police,-0.081620,51.516814,On or near ALDERMAN'S WALK,E01032739,City of London 001F,Unable to prosecute suspect
9bf80821cc07e686b3faf1f687cf01031b326c995c16ca8692069c12ab6cb012,2018-03,City of London Police,City of London Police,,,No location,,,Investigation complete; no suspect identified
036d367da72bee1791d912124cadf0a5b929593667c4f5d242fdbdbc2a2a6147,2018-03,City of London Police,City of London Police,-0.082458,51.517431,On or near LIVERPOOL STREET,E01032739,City of London 001F,Unable to prosecute suspect
c9ce5f329e940a5029bacc41dd1c462a64e629f4d83a6d7145cb06b26d1f99eb,2018-03,City of London Police,City of London Police,-0.081890,51.515173,On or near ST HELEN'S PLACE,E01032739,City of London 001F,Investigation complete; no suspect identified
31d2d6e2826bb08996b91fca55194cab2da0e673767b723b4c1bb76e3fc2aaba,2018-03,City of London Police,City of London Police,-0.097053,51.518262,On or near ALDERSGATE STREET,E01000001,City of London 001A,Investigation complete; no suspect identified
176631e291c8209db7983683d0a3993b4024048cee33b952d3ecfe346a78db4e,2018-03,City of London Police,City of London Police,-0.097645,51.515142,On or near ST MARTIN'S LE GRAND,E01032739,City of London 001F,Suspect charged
defb3cbc36c9e85335235400dbcd3111cb6607065a6dd3ad1ee1b89665738129,2018-03,City of London Police,City of London Police,-0.108164,51.516571,On or near NEW FETTER LANE,E01032740,City of London 001G,Unable to prosecute suspect
88edb52ed714bc6532c77aabeb1b869112f909cd5c6274fe2bd9bcff3cf54c95,2018-03,City of London Police,City of London Police,-0.085014,51.509775,On or near MONUMENT STREET,E01032739,City of London 001F,Investigation complete; no suspect identified
edb5064a4ee413d1c41fc63f917e2a95829aa250f141f0ecdcadd4f7eccc5e26,2018-03,City of London Police,City of London Police,-0.106922,51.514204,On or near FLEET STREET,E01032740,City of London 001G,Investigation complete; no suspect identified
e27fc8ebb47ec6ac0212d8205fec407f1c036b434a1f121d3f3a1b79cee21927,2018-03,City of London Police,City of London Police,-0.078484,51.517680,On or near CATHERINE WHEEL ALLEY,E01032739,City of London 001F,Investigation complete; no suspect identified
2851fa5d0867c26df0e24242f2caf7f198d723b52d2ff7ec3e677249dd20e453,2018-03,City of London Police,City of London Police,-0.073849,51.514457,On or near Pedestrian Subway,E01032767,Tower Hamlets 021F,Unable to prosecute suspect
b654b252d7529928d52911f335aabb2f1cbb0b14aeb8f6a95e12a9d10a1677dc,2018-03,City of London Police,City of London Police,-0.092625,51.513865,On or near CHEAPSIDE,E01032739,City of London 001F,Investigation complete; no suspect identified
18ee843b49d701bd621b66e1771d0f2a528b96fad699c78f00914bcc250e26e6,2018-03,City of London Police,City of London Police,-0.077601,51.518799,On or near STEWARD STREET,E01004307,Tower Hamlets 015B,Investigation complete; no suspect identified
6cfcfc3776e477f830398855515cd4d7ad2350311d3c3813a1cefccad15d8c0a,2018-03,City of London Police,City of London Police,-0.074210,51.511711,On or near PORTSOKEN STREET,E01000005,City of London 001E,Investigation complete; no suspect identified
045b989966b79a62e90adad7472a941d47e49abafeab704d56bab689a6e344d2,2018-03,City of London Police,City of London Police,-0.086278,51.509876,On or near FISH STREET HILL,E01032739,City of London 001F,Investigation complete; no suspect identified
a3f7b104dafc1d0ee938d6ec92907fcbc95a80dc3eaae51bfa284300f929fe0f,2018-03,City of London Police,City of London Police,-0.080376,51.517244,On or near Supermarket,E01032739,City of London 001F,Suspect charged
447be8fede697ff35e5ea7ab6cef6a6f1e3b0606caa75694b2fece2371f95270,2018-03,City of London Police,City of London Police,-0.091151,51.514992,On or near GRESHAM STREET,E01032739,City of London 001F,Unable to prosecute suspect
c642e84d70145573bd54931209fa7389cdaed3daeb0c70884bc8314ac4bcc983,2018-03,City of London Police,City of London Police,-0.108283,51.517526,On or near Supermarket,E01032740,City of London 001G,Suspect charged
46fc3573eafe1bcdac7808a8faf2462f90d850d9e606c2a7410ac0119dc5fa0a,2018-03,City of London Police,City of London Police,-0.101452,51.512650,On or near ST ANDREW'S HILL,E01032739,City of London 001F,Investigation complete; no suspect identified
3016d0e631fbee56988d163e37bbaf714ee9699daaade8f43fe42509044ccadd,2018-03,City of London Police,City of London Police,-0.089596,51.518743,On or near NEW UNION STREET,E01000002,City of London 001B,Investigation complete; no suspect identified
51a57eec484722b9e382cb65c0a1283d3a023d9a08ecdaffe5de14ff9f28a551,2018-03,City of London Police,City of London Police,-0.079786,51.517576,On or near Police Station,E01032739,City of London 001F,Unable to prosecute suspect
a1ac039a8fd09f228fc35badb42b9d1d7732995004e0222b60036402cacad327,2018-03,City of London Police,City of London Police,-0.104621,51.512692,On or near Supermarket,E01032740,City of London 001G,Unable to prosecute suspect
962574df083b184e2fcac1ec10c57556749e20936dab4bdc1db24dced69f0f52,2018-03,City of London Police,City of London Police,-0.091494,51.510924,On or near COLLEGE STREET,E01032739,City of London 001F,Investigation complete; no suspect identified
fc678da6f59f706ceda14dce47b292409ee66dc7c23b5ccae1f5f62a0f155d0b,2018-03,City of London Police,City of London Police,-0.097562,51.518864,On or near Parking Area,E01000001,City of London 001A,Investigation complete; no suspect identified
14009a8b2923cee440fe3f6eaec6ae964b94c6e4c0df2f869b395689613a6ab9,2018-03,City of London Police,City of London Police,-0.098148,51.517938,On or near ALBION WAY,E01032740,City of London 001G,Investigation complete; no suspect identified
631fbcaf40d12f3fd32c0771459e6f3193deb8fd34beb918957cc4898b4b1bc0,2018-03,City of London Police,City of London Police,-0.089218,51.516057,On or near MOORGATE,E01032739,City of London 001F,Unable to prosecute suspect
028a678beffecf9ad0e22413592534bd4c4cc2c2651fdb69599d46788acfc8b5,2018-03,City of London Police,City of London Police,-0.084360,51.525690,On or near TABERNACLE STREET,E01033708,Hackney 027G,Further investigation is not in the public interest
e20dfca65b138997dbb95d6abe956b9671b745a224b3cb6ae0a33f923cadb8af,2018-03,City of London Police,City of London Police,-0.091732,51.521080,On or near Nightclub,E01002704,Islington 023D,Investigation complete; no suspect identified
2c3c611bab6734fdabc3e5cc61bd3694a38cd86e13bdc1f3b712d372c0cea5fe,2018-03,City of London Police,City of London Police,-0.077451,51.515523,On or near WHITE KENNETT STREET,E01000005,City of London 001E,Suspect charged
d8939e020696b7e755c72a686dfb47213c82e1f31cab8964cf4a92046e297836,2018-03,City of London Police,City of London Police,-0.084105,51.515281,On or near Conference/Exhibition Centre,E01032739,City of London 001F,Formal action is not in the public interest
3f32a2b42eac48a6add65b46e67e4d5b271da1ff9758ebe271d76439fafe289d,2018-03,City of London Police,City of London Police,-0.081540,51.510806,On or near MINCING LANE,E01032739,City of London 001F,Investigation complete; no suspect identified
bc7f5edf32c31a9aab9e644eb2a7047bb062739bae0191a4c9bb9c601522060c,2018-03,City of London Police,City of London Police,-0.082512,51.512387,On or near LIME STREET,E01032739,City of London 001F,Offender given a drugs possession warning
e036e2c0df9815e3d909b275f5947c1127c906b625ebc8083c028844149ed75d,2018-03,City of London Police,City of London Police,,,No location,,,Investigation complete; no suspect identified
2eb9ac607e6fc1eed0b42aeeed3e738a273d2c928dc91311fcacd548c535ea9e,2018-03,City of London Police,City of London Police,-0.108283,51.517526,On or near Supermarket,E01032740,City of London 001G,Further investigation is not in the public interest
a165527f5d1b6154a6cd94a8ad726272af1ed5c766fb0e648f568899c31d8414,2018-03,City of London Police,City of London Police,,,No location,,,Offender given a drugs possession warning
aad8262e14c17c0710485d48c110e24584e2533ed704d4ba039da39d01d3f120,2018-03,City of London Police,City of London Police,-0.108018,51.511749,On or near TEMPLE AVENUE,E01032740,City of London 001G,Investigation complete; no suspect identified
2d22e00d2fe572de8663f99a1f8c424246ccfee0b57153a307a73ffe4f620c8d,2018-03,City of London Police,City of London Police,-0.091732,51.521080,On or near Nightclub,E01002704,Islington 023D,Investigation complete; no suspect identified
eda36512394e7517ffcfe07e19b0fde14c2f6ccd34afdaea7d21997d42c59613,2018-03,City of London Police,City of London Police,-0.081620,51.516814,On or near ALDERMAN'S WALK,E01032739,City of London 001F,Suspect charged
2f213d92b34ef7176bb7b5f14efd9eb5ba0f11ea746e34713dbde5b817261abb,2018-03,City of London Police,City of London Police,-0.083296,51.517058,On or near OLD BROAD STREET,E01032739,City of London 001F,Suspect charged
2f51f8281c849dd2e502ecd30c25a5c0d1c39a94b1538dd08cbe2b27f167b61d,2018-03,City of London Police,City of London Police,-0.105134,51.513869,On or near BRIDE LANE,E01032740,City of London 001G,Investigation complete; no suspect identified
c03d24c395a8269bca22338bdb1f37b1b1c357b2ea873ca17d19d96849897128,2018-03,City of London Police,City of London Police,-0.101959,51.513297,On or near CARTER LANE,E01032739,City of London 001F,Investigation complete; no suspect identified
b92fa01d3d800c7fe2ea83758d113af54848eef855d04b5bbc295be1f616a0e4,2018-03,City of London Police,City of London Police,-0.081580,51.520510,On or near PINDAR STREET,E01032739,City of London 001F,Investigation complete; no suspect identified
b009aa88b893412ae4f121bd4602d439a1e6b7d4435817dd992a0cb227b9b794,2018-03,City of London Police,City of London Police,-0.100632,51.515739,On or near WARWICK LANE,E01032739,City of London 001F,Investigation complete; no suspect identified
3541628d93f37fc328dba11b2f9d617b047a9d5a109c6cd380388fd95ae7ad60,2018-03,City of London Police,City of London Police,-0.094468,51.521853,On or near GOLDEN LANE,E01000003,City of London 001C,Investigation complete; no suspect identified
e89945ef312c1b543978002a6a49a1c9b2371136c6b1d921f5c025d9e983e753,2018-03,City of London Police,City of London Police,-0.094750,51.511624,On or near LITTLE TRINITY LANE,E01032739,City of London 001F,Investigation complete; no suspect identified
035124d5d9e2a9dfe0ac0c8a2f98da1e56dbfab403ff375021682f25528fdca8,2018-03,City of London Police,City of London Police,-0.108164,51.516571,On or near NEW FETTER LANE,E01032740,City of London 001G,Investigation complete; no suspect identified
3580e61ce7fc8447546aebadcc9b817a13c5babd7e1d527502a9faca33501c01,2018-03,City of London Police,City of London Police,-0.079786,51.517576,On or near Police Station,E01032739,City of London 001F,Suspect charged
99dd9c76ba1db43e897354568e04781215d83f903d2417d2f55b5b129e787aae,2018-03,City of London Police,City of London Police,-0.079607,51.515657,On or near ST MARY AXE,E01000005,City of London 001E,Unable to prosecute suspect
89ab4806ebe29e46930f7df055e7416b90659e64eac286abb0f9d785564465da,2018-03,City of London Police,City of London Police,-0.087760,51.517149,On or near LONDON WALL,E01032739,City of London 001F,Further investigation is not in the public interest
50a2947d47473d533fa41dec6fdb6494d8718444e63cf06e4c6391042f65885a,2018-03,City of London Police,City of London Police,-0.086764,51.510307,On or near FISH STREET HILL,E01032739,City of London 001F,Suspect charged
520b0ada9d5e53e10a0101c881d236c8cf9fe0944a24745fa26d170ea9d5d53c,2018-03,City of London Police,City of London Police,-0.085310,51.518511,On or near ELDON STREET,E01032739,City of London 001F,Suspect charged
f0113546e9e864d976d3e6a4c7e3832c09688002e360c848986ed2bac00ae2fd,2018-03,City of London Police,City of London Police,-0.078484,51.517680,On or near CATHERINE WHEEL ALLEY,E01032739,City of London 001F,Investigation complete; no suspect identified
5d39d1e1c1cd3b32707c2146cf8e5a5407b31099adabfa073f77df068488adca,2018-03,City of London Police,City of London Police,-0.085014,51.509775,On or near MONUMENT STREET,E01032739,City of London 001F,Investigation complete; no suspect identified
42cd4a1cf79ca36a10c24f722a0da27e81c0411796c16617207cdee1a8089266,2018-03,City of London Police,City of London Police,-0.079283,51.511021,On or near SEETHING LANE,E01032739,City of London 001F,Investigation complete; no suspect identified
aa473f64d55b745478ee4524ffac21d4aef32d49fea0c77c0ab27baa7f2e5710,2018-03,City of London Police,City of London Police,-0.076031,51.509547,On or near TOWER HILL,E01004293,Tower Hamlets 027B,Investigation complete; no suspect identified
cb944e05389b80c67a1a879ac163dd4c90e391443bfea3ea7509973b6a49ac49,2018-03,City of London Police,City of London Police,-0.079786,51.517576,On or near Police Station,E01032739,City of London 001F,Suspect charged
048467b8e735509c929d56b9a2d0bce783870456d6f8888e92c66a1d92fee353,2018-03,City of London Police,City of London Police,-0.097645,51.515142,On or near ST MARTIN'S LE GRAND,E01032739,City of London 001F,Investigation complete; no suspect identified
108d1b8aa3e59dedd45bd3ec9d553a223ff68097a1bb7a11b46ebc2f08fd23c4,2018-03,City of London Police,City of London Police,-0.101959,51.513297,On or near CARTER LANE,E01032739,City of London 001F,Investigation complete; no suspect identified
b0c5321997ba2792893ade810496b07b1add599ed9662bcaf54bddb26a1abfdc,2018-03,City of London Police,City of London Police,-0.104500,51.511449,On or near VICTORIA EMBANKMENT,E01032740,City of London 001G,Investigation complete; no suspect identified
f98ad4096fafc4233f056b2158b904949fdce753e45720b3c009a701993a94c7,2018-03,City of London Police,City of London Police,-0.090710,51.513132,On or near QUEEN VICTORIA STREET,E01032739,City of London 001F,Investigation complete; no suspect identified
260387ea93bfe445ceb01391efaa8bcbfc483309bfbd645b79eac9df74b225df,2018-03,City of London Police,City of London Police,,,No location,,,Unable to prosecute suspect
0f2dc4e9bc91e6614ffabf6f71ed40366693e50b2fbe39c63a943c3d26a77a7f,2018-03,City of London Police,City of London Police,-0.076853,51.511916,On or near Nightclub,E01032739,City of London 001F,Unable to prosecute suspect
4d19b199eb6ddf3811cec1993fb12ee8d55e6da2495c2d18a54dd91e371075a7,2018-03,City of London Police,City of London Police,-0.081580,51.520510,On or near PINDAR STREET,E01032739,City of London 001F,Investigation complete; no suspect identified
6e698390212660edee7573410a1b4f03945c7cb1cd3c42396986d497201148e5,2018-03,City of London Police,City of London Police,-0.084199,51.513394,On or near CORNHILL,E01032739,City of London 001F,Unable to prosecute suspect
b065527116977310d427a0b659d9d5944da36c0f8493a8b6c599231802419a59,2018-03,City of London Police,City of London Police,-0.108231,51.513928,On or near PLEYDELL STREET,E01032740,City of London 001G,Suspect charged
588fd2e06cccadfcb6eebb6685b85daf27ad8c0aa355b8068facc2fc938d854d,2018-03,City of London Police,City of London Police,-0.105134,51.513869,On or near BRIDE LANE,E01032740,City of London 001G,Unable to prosecute suspect
e699cdd058b83a8099503795d68b300daacd2032db0a6b086d297d2fa0594d82,2018-03,City of London Police,City of London Police,-0.081620,51.516814,On or near ALDERMAN'S WALK,E01032739,City of London 001F,Offender given a drugs possession warning
92cce71f4227297b1c690b02b62b9541094c9319944e863af4648651a6243911,2018-03,City of London Police,City of London Police,-0.098062,51.517577,On or near MONTAGUE STREET,E01000001,City of London 001A,Investigation complete; no suspect identified
b0eac7365afecebcc1ba77b49a1a4af670646a600ae9b04f3437d02502fa057f,2018-03,City of London Police,City of London Police,-0.075389,51.511775,On or near MINORIES,E01000005,City of London 001E,Investigation complete; no suspect identified
51d43d74fd69d635437ec6101800ab351c25da2ed9aa9613d6ce1dfd85b49918,2018-03,City of London Police,City of London Police,-0.089698,51.511812,On or near OXFORD COURT,E01032739,City of London 001F,Investigation complete; no suspect identified
adb817d4cf6f626ce33d3f4c5ccae85eeacb17f957edc04904495ad6a375f2ec,2018-03,City of London Police,City of London Police,-0.083417,51.513148,On or near WHITTINGTON AVENUE,E01032739,City of London 001F,Unable to prosecute suspect
683550bba473158dbf016165e3d5533c608eb3abb669f634112678489507051f,2018-03,City of London Police,City of London Police,-0.089451,51.517032,On or near Bus/Coach Station,E01032739,City of London 001F,Investigation complete; no suspect identified
b84417e4b17f8bc95a21aa4dc27f82e0d44df8c60209b5b841dab99700ce1001,2018-03,City of London Police,City of London Police,-0.084768,51.512882,On or near CORBET COURT,E01032739,City of London 001F,Unable to prosecute suspect
8c3734896bec702b543fea3058d4d047256149adee4d3fcef009dff00f4de750,2018-03,City of London Police,City of London Police,-0.101452,51.512650,On or near ST ANDREW'S HILL,E01032739,City of London 001F,Suspect charged
e61f4055efac4b5e285177888e58588767e48e3a92fc4cd701fa932a4b34f717,2018-03,City of London Police,City of London Police,-0.094628,51.514203,On or near CHEAPSIDE,E01032739,City of London 001F,Investigation complete; no suspect identified
2f7b57ce93011a0a56711df49adcf0bf348cf52820255c4315f37602fd82de9a,2018-03,City of London Police,City of London Police,-0.082913,51.513463,On or near LEADENHALL STREET,E01032739,City of London 001F,Suspect charged
86a6d4d5faca287b77054e6d9b40fab534dab0c63f0deedd88ad3b86368f6ef5,2018-03,City of London Police,City of London Police,,,No location,,,Investigation complete; no suspect identified
bfa81c1ac90052009799568673170b3de0e1f9949b2a1d302937c893eb4a2bb4,2018-03,City of London Police,City of London Police,-0.074958,51.514151,On or near ALDGATE HIGH STREET,E01000005,City of London 001E,Investigation complete; no suspect identified
987681bd6f155af324794af04326c0767e2e2d0ff1090a198466422b33efafae,2018-03,City of London Police,City of London Police,-0.073065,51.511180,On or near GOODMAN'S YARD,E01000005,City of London 001E,Investigation complete; no suspect identified
edb5dc5adb227e30732c3475edd7a35a48b497495f406054a0bcbe2decc2f8f1,2018-03,City of London Police,City of London Police,-0.084967,51.512598,On or near BELL INN YARD,E01032739,City of London 001F,Suspect charged
d27c7061314ba144f346c0d13b23d6ec8f4709d13790a839a0854b0ce0fd9e11,2018-03,City of London Police,City of London Police,-0.083993,51.511440,On or near PHILPOT LANE,E01032739,City of London 001F,Suspect charged
153c5ea0576edf26fe53e2276b79f20d6a0ddc02bc8e668c575f19c1c5ffdac9,2018-03,City of London Police,City of London Police,-0.087780,51.508066,On or near BOROUGH HIGH STREET,E01032739,City of London 001F,Suspect charged
f85823fdfec68d836612c67f5ecd275d8f4ace87b5d49483cc887f07cbf41b3a,2018-03,City of London Police,City of London Police,-0.107672,51.517678,On or near A40,E01032740,City of London 001G,Investigation complete; no suspect identified
edaa1b85b6b932e2ca9afcb5693d6cb589a038c86b7c8218672de287570bd45b,2018-03,City of London Police,City of London Police,-0.086626,51.510844,On or near KING WILLIAM STREET,E01032739,City of London 001F,Unable to prosecute suspect
eaba59e6f03aaa33938f5decb1515369f84109b43ce1382db79565f3049c00eb,2018-03,City of London Police,City of London Police,-0.110710,51.513914,On or near FLEET STREET,E01032740,City of London 001G,Suspect charged
f8f06292fb6dbc7f4cc8c5f25eb642b7c47e64677f094e89754355faecfb8ec2,2018-03,City of London Police,City of London Police,-0.108965,51.516386,On or near PLOUGH PLACE,E01032740,City of London 001G,Unable to prosecute suspect
57b86f5624d9b9d3863b142fbadc577eea9a16011eb0fecff1b318c39821097d,2018-03,City of London Police,City of London Police,,,No location,,,Unable to prosecute suspect
057096f53d9f5d33f6a8698437050a5ee7bde72df1c7d60c6e6be544a1421aab,2018-03,City of London Police,City of London Police,-0.108965,51.516386,On or near PLOUGH PLACE,E01032740,City of London 001G,Investigation complete; no suspect identified
a2f87dffd42b97ec0af1027a52abfcae8648cbfad817ddb67f202496ccc86c4d,2018-03,City of London Police,City of London Police,-0.109647,51.514887,On or near FETTER LANE,E01032740,City of London 001G,Investigation complete; no suspect identified
d0aff77b32a40433920703471408485e6fb22168a252cc10e3117fc4ae0d268c,2018-03,City of London Police,City of London Police,-0.078484,51.517680,On or near CATHERINE WHEEL ALLEY,E01032739,City of London 001F,Investigation complete; no suspect identified
b5f623c1a1c88a2d016b4a7bebf8b38a4eb53a7db1ffd623832d0ca3b146d6fa,2018-03,City of London Police,City of London Police,-0.079786,51.517576,On or near Police Station,E01032739,City of London 001F,Suspect charged
28bcc86fe6206a559eb0dce9d10107e70de8386aebe05c02cf9e76938e5edf51,2018-03,City of London Police,City of London Police,-0.088203,51.518262,On or near MOORGATE,E01032739,City of London 001F,Investigation complete; no suspect identified
5c105f2616f71b053cebb30a01543bfed2cc13647454c2c506d3f2963b3b34bd,2018-03,City of London Police,City of London Police,-0.095436,51.514890,On or near GUTTER LANE,E01032739,City of London 001F,Investigation complete; no suspect identified
acc7e3291e1d19e5be486cb2c0d5a934078081cfbc305f0ed3fc353f8a90944e,2018-03,City of London Police,City of London Police,-0.084967,51.512598,On or near BELL INN YARD,E01032739,City of London 001F,Suspect charged
26fe52e4db7c623a9822796340f791e72293a2a726021f8f0c3f1faffda56428,2018-03,City of London Police,City of London Police,-0.081620,51.516814,On or near ALDERMAN'S WALK,E01032739,City of London 001F,Suspect charged
418b47cb096ce3ac1c41dc093eecba835a30af964482c0eec9af07766c8ce848,2018-03,City of London Police,City of London Police,-0.088766,51.519620,On or near ROPEMAKER STREET,E01002704,Islington 023D,Investigation complete; no suspect identified
a33e5167ae52ab578f7c9f44f8024ec639996bc465405775390f6763f8f8a713,2018-03,City of London Police,City of London Police,-0.078806,51.516193,On or near DEVONSHIRE SQUARE,E01000005,City of London 001E,Unable to prosecute suspect
dda89916f60bf32cea62a5fe5315de8d6ca4a5c7ada699bbde7f211d4ef555a0,2018-03,City of London Police,City of London Police,-0.089451,51.517032,On or near Bus/Coach Station,E01032739,City of London 001F,Further investigation is not in the public interest
991dd0e7a7174001b11d9c654511abceacb539692011bc53b2cf9761eb0bfda3,2018-03,City of London Police,City of London Police,-0.079398,51.516508,On or near DEVONSHIRE SQUARE,E01032739,City of London 001F,Investigation complete; no suspect identified
73ece5be99a9727c4902141640c443870e49f5d9d29c2bde904f52bbdb679c2c,2018-03,City of London Police,City of London Police,-0.079607,51.515657,On or near ST MARY AXE,E01000005,City of London 001E,Unable to prosecute suspect
3c73e6105588be0bf2197dbb939f7ef424247b81b3b3b05f14c66ab589dea5a0,2018-03,City of London Police,City of London Police,-0.082458,51.517431,On or near LIVERPOOL STREET,E01032739,City of London 001F,Investigation complete; no suspect identified
1c26b268cffdc13730d284e9b7d243ad1592493f2aac7ad16987e75046875431,2018-03,City of London Police,City of London Police,-0.087787,51.510647,On or near MARTIN LANE,E01032739,City of London 001F,Investigation complete; no suspect identified
cfead16c277778f3d7b6007fb9aaf3ac1fad1178d7b248779e6014e5394e3d90,2018-03,City of London Police,City of London Police,-0.084723,51.514986,On or near Conference/Exhibition Centre,E01032739,City of London 001F,Suspect charged
74c3950c9d5c2849dbea12d4bf4cbc991a662cfd9f393119cd75f3cc8923b97f,2018-03,City of London Police,City of London Police,-0.091258,51.514157,On or near FREDERICK'S PLACE,E01032739,City of London 001F,Offender given a drugs possession warning
ffcb2d4e22888aa4f5c23e93fc2791ca047b3b8ce602e0bf8411321541dac30c,2018-03,City of London Police,City of London Police,-0.079786,51.517576,On or near Police Station,E01032739,City of London 001F,Unable to prosecute suspect
78951dde45070717864d66b8f4c994423f19837340b6920760ed5692e66056e4,2018-03,City of London Police,City of London Police,-0.081620,51.516814,On or near ALDERMAN'S WALK,E01032739,City of London 001F,Investigation complete; no suspect identified
1095a50021379e7e58ea3a1d95cca67bbef35a995f9f6cd1ea7747f3be007941,2018-03,City of London Police,City of London Police,-0.103419,51.514921,On or near LIMEBURNER LANE,E01032740,City of London 001G,Investigation complete; no suspect identified
d5e5d6ace54051c1cfb72aff59cea4617b219b475d30fc153b14ed913043d785,2018-03,City of London Police,City of London Police,-0.082965,51.516351,On or near WORMWOOD STREET,E01032739,City of London 001F,Investigation complete; no suspect identified
2cb06f89cdc5316089bbbf9969d48937300de626b4d8f88e8959d0a03271a05e,2018-03,City of London Police,City of London Police,-0.077578,51.510795,On or near PEPYS STREET,E01032739,City of London 001F,Investigation complete; no suspect identified
09e5929e142a110ae7c624d427aa3540e6ce1047514b95aae351eecc12079233,2018-03,City of London Police,City of London Police,-0.082913,51.513463,On or near LEADENHALL STREET,E01032739,City of London 001F,Unable to prosecute suspect
5d915f5bbe54a640dbad8b7c28ebd5b0f647023c0e858dc634aa2e594744dc72,2018-03,City of London Police,City of London Police,-0.082458,51.517431,On or near LIVERPOOL STREET,E01032739,City of London 001F,Suspect charged
c7dc68bf769d25a87efb4650ff804db04d9da00aa35c75ccdf5ca643936ca8dc,2018-03,City of London Police,City of London Police,-0.080665,51.509344,On or near Pedestrian Subway,E01032739,City of London 001F,Investigation complete; no suspect identified
192af568d6247fa23c2924916e3577edacfbcccbf610d9d1ddc6732cf9772cfe,2018-03,City of London Police,City of London Police,-0.087780,51.508066,On or near BOROUGH HIGH STREET,E01032739,City of London 001F,Offender given a drugs possession warning
2693bf9bd5a9877a1f2b4ca8cda26b92af8adb5321498f1d2b9b6900c5e5e435,2018-03,City of London Police,City of London Police,-0.105134,51.513869,On or near BRIDE LANE,E01032740,City of London 001G,Investigation complete; no suspect identified
71c8d61516fd894ecee6b4bc6f25313b18cc094d8658a9feb0cc3438339ab881,2018-03,City of London Police,City of London Police,-0.078856,51.518433,On or near ARTILLERY LANE,E01032739,City of London 001F,Investigation complete; no suspect identified
91a3ce428a4e015e3df276670343ff05dcaea0e747371e8602ae1c31753b60a6,2018-03,City of London Police,City of London Police,-0.085014,51.509775,On or near MONUMENT STREET,E01032739,City of London 001F,Investigation complete; no suspect identified
7f0d96d8f68c74cd3a4d6ba63d4af6bb60af497155505d831741920d1466958f,2018-03,City of London Police,City of London Police,-0.093933,51.519812,On or near Conference/Exhibition Centre,E01000002,City of London 001B,Investigation complete; no suspect identified
4ebe32e68a029b1af84dc945320410b7541ce60f09e0bf9c4503060dbda7c22c,2018-03,City of London Police,City of London Police,-0.090710,51.513132,On or near QUEEN VICTORIA STREET,E01032739,City of London 001F,Unable to prosecute suspect
4aa2e0c9d531df9d3e2fe47f8f0041e5b7dd307bcc0b890f86205ea873652796,2018-03,City of London Police,City of London Police,,,No location,,,Investigation complete; no suspect identified
631c7b90bb0c85a3cd12e622d5551a086345b79e055b1a07c81609146bb3868c,2018-03,City of London Police,City of London Police,-0.076113,51.511014,On or near Conference/Exhibition Centre,E01000005,City of London 001E,Investigation complete; no suspect identified
5b98d44bccacda913a8be6f7fb9b456e1c5c676c0dc1f2b68d04db3e68f5b88d,2018-03,City of London Police,City of London Police,-0.084967,51.512598,On or near BELL INN YARD,E01032739,City of London 001F,Suspect charged
9e79422e9e9bfedea2f4603724570ca1f784f8b19438381d923a3bd0707a7137,2018-03,City of London Police,City of London Police,-0.079786,51.517576,On or near Police Station,E01032739,City of London 001F,Suspect charged
19a0b08a8659f93aa7a4b3b510e54fe279e76a56579a505d241a460900c13e1d,2018-03,City of London Police,City of London Police,-0.094628,51.514203,On or near CHEAPSIDE,E01032739,City of London 001F,Offender given a caution
776ce1af1b2fbaf32463f4f0ea6cd382ac2a276eb7a192ac3c6766890e28268f,2018-03,City of London Police,City of London Police,-0.091151,51.516026,On or near BASINGHALL STREET,E01032739,City of London 001F,Suspect charged
afae9ed006914f4795fca145baa21ad2c249bcd1de22a64e1d42809acff37b0b,2018-03,City of London Police,City of London Police,-0.086728,51.510477,On or near KING WILLIAM STREET,E01032739,City of London 001F,Investigation complete; no suspect identified
adb7801c4b7bfa32159ca5059bb86265485c316b7552313a9fc5e41f5031b318,2018-03,City of London Police,City of London Police,-0.082913,51.513463,On or near LEADENHALL STREET,E01032739,City of London 001F,Offender given a caution
c47c0d177581d8684601d4d771d7d91c371bff51c935ccb1341ab8ac2dc93e56,2018-03,City of London Police,City of London Police,-0.091258,51.514157,On or near FREDERICK'S PLACE,E01032739,City of London 001F,Investigation complete; no suspect identified
e92c72b14fab771a3d316c821431d527b0188b6ba1f96450ccc072b227bb3396,2018-03,City of London Police,City of London Police,-0.110471,51.517265,On or near FURNIVAL STREET,E01032740,City of London 001G,Investigation complete; no suspect identified
1bc3a604d1d216d135e8db82e2d5d5aee6f343efcb179cfd9a67d3cb4b67a9d5,2018-03,City of London Police,City of London Police,-0.077578,51.510795,On or near PEPYS STREET,E01032739,City of London 001F,Investigation complete; no suspect identified
0cf9434439be2ad062ecb02bb49d53b766a336fd93c979c0873227a4ba520130,2018-03,City of London Police,City of London Police,-0.097601,51.520699,On or near CARTHUSIAN STREET,E01000001,City of London 001A,Investigation complete; no suspect identified
24584593b071181d9ce3d5b86a6c09c22a82d8875dda6b17b02a51f4c5a34354,2018-03,City of London Police,City of London Police,-0.108283,51.517526,On or near Supermarket,E01032740,City of London 001G,Suspect charged
6288217e24268ab69903e6508b1a46acbe4a8eaccd32b6082f28e7f9a692b38e,2018-03,City of London Police,City of London Police,-0.081620,51.516814,On or near ALDERMAN'S WALK,E01032739,City of London 001F,Investigation complete; no suspect identified
833cac57c7fc7092200e4951212e297cfb2e9abd1af2546352df2299c211b42c,2018-03,City of London Police,City of London Police,-0.081620,51.516814,On or near ALDERMAN'S WALK,E01032739,City of London 001F,Investigation complete; no suspect identified
b35d893f72995f64ad76a91838669d8ad777ccff49da7281ad281a70ca6eeb73,2018-03,City of London Police,City of London Police,-0.102502,51.516165,On or near GREEN ARBOUR COURT,E01032740,City of London 001G,Unable to prosecute suspect
e602ec58a1f89bf221bfdedecd3e61a054357f0c96d266c0d5a3377f6a747092,2018-03,City of London Police,City of London Police,-0.060565,51.526567,On or near VIADUCT STREET,E01004211,Tower Hamlets 013D,Suspect charged
1e9fd1c73f18eda77d9e8247d9076d21a871c6a5b88f7ce8cef2f9298f03d04c,2018-03,City of London Police,City of London Police,-0.104001,51.513051,On or near APOTHECARY STREET,E01032739,City of London 001F,Investigation complete; no suspect identified
92f31bf3ef8931473c02675ad954ab6e752b6667df1b9ae95e107c54b72742d3,2018-03,City of London Police,City of London Police,-0.108231,51.513928,On or near PLEYDELL STREET,E01032740,City of London 001G,Investigation complete; no suspect identified
9086c72eb127929392e06ca2350732d36c17211e9e20432862d681a341a4541f,2018-03,City of London Police,City of London Police,-0.096075,51.514766,On or near FOSTER LANE,E01032739,City of London 001F,Investigation complete; no suspect identified
3cd729e050fa49928a57f9bec97f33b219cd66bda3ed566242a449344d8ed22b,2018-03,City of London Police,City of London Police,-0.080376,51.517244,On or near Supermarket,E01032739,City of London 001F,Unable to prosecute suspect
8ccc935b2dd4556ea1a474b0fd9486a89d03e05a23f15a94a09e8ecf99630f5e,2018-03,City of London Police,City of London Police,-0.106922,51.514204,On or near FLEET STREET,E01032740,City of London 001G,Unable to prosecute suspect
758c5ddda7a0cc835e7ed9a531eff723ad4969010268b760b5b770707fb534eb,2018-03,City of London Police,City of London Police,-0.108283,51.517526,On or near Supermarket,E01032740,City of London 001G,Unable to prosecute suspect
d94cb61e516d41928afcf9b265d15b936b62163fc4022da8fefc2829fde85fe2,2018-03,City of London Police,City of London Police,-0.089475,51.513355,On or near Pedestrian Subway,E01032739,City of London 001F,Investigation complete; no suspect identified
1705267409bf8bfd4278d7ceedb4c34c879a0ed8d2b061488e0b4d1eb19f0085,2018-03,City of London Police,City of London Police,-0.080322,51.510651,On or near MARK LANE,E01032739,City of London 001F,Investigation complete; no suspect identified
953c0e94d1cf9a39a112a44d6d3af2ebc05d07fdeeecd3f76d9060ad38e56a29,2018-03,City of London Police,City of London Police,-0.073515,51.510414,On or near Parking Area,E01000005,City of London 001E,Investigation complete; no suspect identified
1afa2db8b3cdd7628f6e721b782c84d26b072b120dd78fd401e5a5181c057758,2018-03,City of London Police,City of London Police,-0.093057,51.520085,On or near Theatre/Concert Hall,E01000002,City of London 001B,Investigation complete; no suspect identified
aca50e5f9050138310c847fb4ed08c65f7d1b8422b3097741a6e9ee046a73512,2018-03,City of London Police,City of London Police,-0.109155,51.516668,On or near FETTER LANE,E01032740,City of London 001G,Investigation complete; no suspect identified
0d963119dc60e91d0c6185b57973c1d585c340492074a1a5dd918189b584ff15,2018-03,City of London Police,City of London Police,-0.084967,51.512598,On or near BELL INN YARD,E01032739,City of London 001F,Suspect charged
dd6710bf4a8246baa83142334c8edd8ad5ab54f1064b63fc164f88c02f6312f0,2018-03,City of London Police,City of London Police,-0.105134,51.513869,On or near BRIDE LANE,E01032740,City of London 001G,Suspect charged
1f7584ea603a01fe94a7e5ed2deaa42c9a5aaba741a8a918c87fcffc33aad080,2018-03,City of London Police,City of London Police,-0.087760,51.517149,On or near LONDON WALL,E01032739,City of London 001F,Unable to prosecute suspect
94776ba7dd8e3c64d31af4b62c03c28a9ae5a0de891667f2608f3b1f05cb4fab,2018-03,City of London Police,City of London Police,-0.079786,51.517576,On or near Police Station,E01032739,City of London 001F,Suspect charged
10a20f588544623095d960480c5a4ea890d239a97b765f7fc331eb0b23023806,2018-03,City of London Police,City of London Police,-0.076113,51.511014,On or near Conference/Exhibition Centre,E01000005,City of London 001E,Suspect charged
384fbfc03ccd11c0c41c2919d2883e35b076edd4b1462c472180c27f50283ca2,2018-03,City of London Police,City of London Police,-0.085149,51.517196,On or near BLOMFIELD STREET,E01032739,City of London 001F,Investigation complete; no suspect identified
d301055c6f0966d1b6b5e52bd427b256a7371427b5323bc45eb785f4fa1c0e45,2018-03,City of London Police,City of London Police,-0.111181,51.516476,On or near CURSITOR STREET,E01032740,City of London 001G,Investigation complete; no suspect identified
a9f55bc66a70594e85be989fbf27a8bdac91f9d58e7427c42803e2967855aa35,2018-03,City of London Police,City of London Police,-0.086764,51.510307,On or near FISH STREET HILL,E01032739,City of London 001F,Investigation complete; no suspect identified
17d22cff1d6b9c1092a1fbc037a4ed103f0b5737ff214e4f71e882c513098b80,2018-03,City of London Police,City of London Police,-0.094628,51.514203,On or near CHEAPSIDE,E01032739,City of London 001F,Investigation complete; no suspect identified
1ef931d4a8a64d80e907b2dfb631a9ceae408382a84c29d4b1573420e96ef7d3,2018-03,City of London Police,City of London Police,-0.080376,51.517244,On or near Supermarket,E01032739,City of London 001F,Suspect charged
59210d8ad299502fdd967957ae45305a55d04a8808107cf85ae61fe4eb728313,2018-03,City of London Police,City of London Police,-0.084967,51.512598,On or near BELL INN YARD,E01032739,City of London 001F,Suspect charged
1327fd7cfec0a405c5ff581f7901d9d3936d75976d6605d6a4c3c8901265651c,2018-03,City of London Police,City of London Police,-0.087118,51.513199,On or near Nightclub,E01032739,City of London 001F,Investigation complete; no suspect identified
de630f65e6398c4207eaf7047c3c545afaeb8ec259cce0ac093a81e784db1fe6,2018-03,City of London Police,City of London Police,-0.080782,51.514804,On or near ST MARY AXE,E01032739,City of London 001F,Investigation complete; no suspect identified
bdb962c86162f1deea6241b3c5956fb42759c2010325eacda5ecb4f7c4864373,2018-03,City of London Police,City of London Police,-0.091151,51.514992,On or near GRESHAM STREET,E01032739,City of London 001F,Investigation complete; no suspect identified
eebdd19749b63f42b176ef151252b5d53ab4d34990ced3936622b85317470ad6,2018-03,City of London Police,City of London Police,-0.082913,51.513463,On or near LEADENHALL STREET,E01032739,City of London 001F,Investigation complete; no suspect identified
9735ce68adc1c91eeea289a5915912f8e886200154203aa8533e3b85100355b4,2018-03,City of London Police,City of London Police,-0.078856,51.518433,On or near ARTILLERY LANE,E01032739,City of London 001F,Investigation complete; no suspect identified
2d44bfe546571e1137786165b069da6f4c3a82f01cb68fce844d7fbab0968f42,2018-03,City of London Police,City of London Police,-0.089435,51.511223,On or near BUSH LANE,E01032739,City of London 001F,Investigation complete; no suspect identified
fcb3bdc5f5e1536adea1d9210b49ec748815e8154987dbeaee317fed28395c21,2018-03,City of London Police,City of London Police,-0.084199,51.513394,On or near CORNHILL,E01032739,City of London 001F,Suspect charged
f152b7da7ed50bbdecfb8a6b99e2cfdb158146c45d06952cb2b936190a22d036,2018-03,City of London Police,City of London Police,-0.106922,51.514204,On or near FLEET STREET,E01032740,City of London 001G,Unable to prosecute suspect
33db13ad1157471f7279493e4bd5f08e6a1ca6413219a3feb650830514b2eb04,2018-03,City of London Police,City of London Police,-0.090348,51.519358,On or near MOOR LANE,E01000002,City of London 001B,Investigation complete; no suspect identified
b05817187e3931b13a52c7ae5d8bfafdb051441d1d2689234195562d24837ae2,2018-03,City of London Police,City of London Police,-0.077392,51.516233,On or near HARROW PLACE,E01000005,City of London 001E,Investigation complete; no suspect identified
c7e7ff1bec3258096ae80b8f244730a1bcab679164af1c7a821976b20d4d020f,2018-03,City of London Police,City of London Police,-0.084967,51.512598,On or near BELL INN YARD,E01032739,City of London 001F,Investigation complete; no suspect identified
b409b929a39c84dba25f9a50306391f8b5809914c07367cfb57bc818331cb0ad,2018-03,City of London Police,City of London Police,-0.099848,51.519350,On or near LONG LANE,E01032740,City of London 001G,Investigation complete; no suspect identified
82182dc23e6134fc3f8a400845bc97fb024dc27a65452e9731282dd7c7f73ddd,2018-03,City of London Police,City of London Police,-0.098886,51.519254,On or near KINGHORN STREET,E01032740,City of London 001G,Suspect charged
10d0b50314504962e36b6dab4b1437ccb0833d4275edacc395e13f199ac6ccd6,2018-03,City of London Police,City of London Police,-0.088203,51.518262,On or near MOORGATE,E01032739,City of London 001F,Investigation complete; no suspect identified
09d41ae07aca0881f40cd020a152285527a59437f3c4f01f2d3795b4eaadb284,2018-03,City of London Police,City of London Police,-0.073152,51.512206,On or near MANSELL STREET,E01000005,City of London 001E,Investigation complete; no suspect identified
9c357382c1fdb27f52b5f030e1329ec26f5d5b598c6a302c4b6794b237c9e836,2018-03,City of London Police,City of London Police,-0.078856,51.518433,On or near ARTILLERY LANE,E01032739,City of London 001F,Investigation complete; no suspect identified
00a3943f62e97c0dd7aeb1792c75dc3bf73bd86cb4935f8bd3cd80b77bd577a4,2018-03,City of London Police,City of London Police,-0.080376,51.517244,On or near Supermarket,E01032739,City of London 001F,Offender given a caution
416f32f2f7a215110eeae174282be687f3b76a9babf194e733c73fcdf0d0ec48,2018-03,City of London Police,City of London Police,-0.081549,51.511625,On or near MINCING LANE,E01032739,City of London 001F,Investigation complete; no suspect identified
07e9523007c392eda255d1408c1257e74eec2de17d188dab1d224ae987dbcb81,2018-03,City of London Police,City of London Police,-0.094094,51.515606,On or near GRESHAM STREET,E01000002,City of London 001B,Unable to prosecute suspect
5ec1d528c75035cefef9481e38dced3b8d220524b0f75b8b221d6e8f61c52d37,2018-03,City of London Police,City of London Police,-0.087118,51.513199,On or near Nightclub,E01032739,City of London 001F,Investigation complete; no suspect identified
b81bb4e99d09699fd7847675c043c5b30100326c0f4a399c221bfa8061c1ae9e,2018-03,City of London Police,City of London Police,-0.098572,51.516767,On or near KING EDWARD STREET,E01000001,City of London 001A,Investigation complete; no suspect identified
30ca3cd37bce34748422757636f6fe26961262a13b9e9b070a925e268ee9274e,2018-03,City of London Police,City of London Police,-0.083079,51.511578,On or near FENCHURCH STREET,E01032739,City of London 001F,Further investigation is not in the public interest
94c02d748de5018fdfcdf6f9fb55ed5a6f7792ac4335104a094c5fb8d819d25b,2018-03,City of London Police,City of London Police,-0.086728,51.510477,On or near KING WILLIAM STREET,E01032739,City of London 001F,Investigation complete; no suspect identified
441d1f67acda031d1db66f09c9c45b743874c29e5bd57806eb8384a8d6693e6c,2018-03,City of London Police,City of London Police,-0.078665,51.509950,On or near MUSCOVY STREET,E01032739,City of London 001F,Investigation complete; no suspect identified
88234fd582087c73ac3d9d75723380e25a3b289fa15a65d855e7b18c8db3685e,2018-03,City of London Police,City of London Police,-0.111181,51.516476,On or near CURSITOR STREET,E01032740,City of London 001G,Investigation complete; no suspect identified
1425574b5663f555916b3f373e727f77af7bc97d6db22addcc8719dd3f6c5bc4,2018-03,City of London Police,City of London Police,-0.074210,51.511711,On or near PORTSOKEN STREET,E01000005,City of London 001E,Unable to prosecute suspect
bcb5aa86d6c3acfae87a87c3e91e879ae405ac5d70c47d52a704caa8ec714709,2018-03,City of London Police,City of London Police,-0.080376,51.517244,On or near Supermarket,E01032739,City of London 001F,Unable to prosecute suspect
cf97f715fa5a123a5bea3aa2d5093856dfeec3026521a76eae723b0970cd45b4,2018-03,City of London Police,City of London Police,-0.101959,51.513297,On or near CARTER LANE,E01032739,City of London 001F,Investigation complete; no suspect identified
6145fdc092f29ab192b737662c44e27233df6f780824482b1efc6560a37fdf71,2018-03,City of London Police,City of London Police,-0.088241,51.510835,On or near LAURENCE POUNTNEY LANE,E01032739,City of London 001F,Suspect charged
133298e12a59f1e5d024061bf3930e69adbbbece333e9f0126ec28cfb318187d,2018-03,City of London Police,City of London Police,-0.097645,51.515142,On or near ST MARTIN'S LE GRAND,E01032739,City of London 001F,Investigation complete; no suspect identified
555fcc7dec7f1919fc5e184e3ff5cd0480083df04ff9f3b3fc88f298031b3058,2018-03,City of London Police,City of London Police,-0.084967,51.512598,On or near BELL INN YARD,E01032739,City of London 001F,Local resolution
e044af0577a57d071b2e048e5a6cc8385f10080cef8113e5f3c96d2823e1c67f,2018-03,City of London Police,City of London Police,-0.107926,51.516414,On or near BARTLETT COURT,E01032740,City of London 001G,Investigation complete; no suspect identified
0457f6828feed05c7a500b7df87c40e5d44901932243f29a2b74261e588597f8,2018-03,City of London Police,City of London Police,-0.089536,51.516719,On or near NUN COURT,E01032739,City of London 001F,Investigation complete; no suspect identified
688e311f49e1ac8fd15f6933f4de238fecaa511456f8385fc87929a5dd6be96e,2018-03,City of London Police,City of London Police,-0.085310,51.518511,On or near ELDON STREET,E01032739,City of London 001F,Investigation complete; no suspect identified
7a471ad69bf057c50b16ef6401c061f7b02707a51c6d8450738b521dac168835,2018-03,City of London Police,City of London Police,-0.085149,51.517196,On or near BLOMFIELD STREET,E01032739,City of London 001F,Unable to prosecute suspect
18dd2f8b8cb5c0ecf207fe41d1c8d001e03fb0f705d8c2cd872cc6052b652b40,2018-03,City of London Police,City of London Police,-0.104887,51.516347,On or near FARRINGDON STREET,E01032740,City of London 001G,Investigation complete; no suspect identified
f80403107401cdb0d666b3630acef8aaa60564a3ec12f5725273a52948532fd8,2018-03,City of London Police,City of London Police,-0.099716,51.511435,On or near WHITE LION HILL,E01032739,City of London 001F,Investigation complete; no suspect identified
0c1043e31f6874bba88d28199b55ee5b03fb8280dad8fe5002544a32c157cf06,2018-03,City of London Police,City of London Police,-0.084983,51.510494,On or near Supermarket,E01032739,City of London 001F,Local resolution
a54da960d35777b75a935eb2c3d6fe806df094682e5f1b2f500d7e999642d406,2018-03,City of London Police,City of London Police,-0.087118,51.513199,On or near Nightclub,E01032739,City of London 001F,Suspect charged
bdadf969dac725522a8e1c0a06e8396fba48eb89c552bfc16cab8fb49b22faa7,2018-03,City of London Police,City of London Police,-0.086166,51.510828,On or near EASTCHEAP,E01032739,City of London 001F,Investigation complete; no suspect identified
4d57b5d780e95acbb087485c6431524f67fb52c34a9b5f721642d0d47deddb9f,2018-03,City of London Police,City of London Police,-0.078806,51.516193,On or near DEVONSHIRE SQUARE,E01000005,City of London 001E,Investigation complete; no suspect identified
7150f538676f0b1d888d7db88a7120b7cc102c270d1505159098e3ea7894a476,2018-03,City of London Police,City of London Police,-0.084967,51.512598,On or near BELL INN YARD,E01032739,City of London 001F,Local resolution
574e1fe0bbccd612c4bf7f477d1232f9fa678f5c4c4f5e62bcf32c72185310c7,2018-03,City of London Police,City of London Police,-0.088042,51.511794,On or near ABCHURCH LANE,E01032739,City of London 001F,Investigation complete; no suspect identified
9c68b26be87cb1814ca089b161052aeefab023f86f4c884bbe93240988ad928c,2018-03,City of London Police,City of London Police,-0.079786,51.517576,On or near Police Station,E01032739,City of London 001F,Offender given a caution
5f6603b44a226d97f834b3809de2d3dda51bb7a6e1c7e5255002b5e325d56638,2018-03,City of London Police,City of London Police,-0.112939,51.518231,On or near SOUTHAMPTON BUILDINGS,E01032740,City of London 001G,Suspect charged
86082cd5e7e2a385efbb0c038481ed4a27c8c3fb298396cf7976cbacba92667d,2018-03,City of London Police,City of London Police,-0.082458,51.517431,On or near LIVERPOOL STREET,E01032739,City of London 001F,Offender given a drugs possession warning
a02194f7f7e0072a6b4d0fa0523b13d314170069178d8b9f4b20d72e3eaf2ffb,2018-03,City of London Police,City of London Police,-0.087780,51.508066,On or near BOROUGH HIGH STREET,E01032739,City of London 001F,Suspect charged
a3e1f4d3d82be6c01e9972cf4725bb4ff10a474063ab586f5742f7195a7e01b7,2018-03,City of London Police,City of London Police,-0.095892,51.516391,On or near NOBLE STREET,E01000001,City of London 001A,Investigation complete; no suspect identified
622890abab62c8a1d752a4b690671fcfb4977f9b078b3ee874dafb45aa9105a9,2018-03,City of London Police,City of London Police,-0.093057,51.520085,On or near Theatre/Concert Hall,E01000002,City of London 001B,Investigation complete; no suspect identified
0b8a3078a99ea031a171c12ac9c1e8890ebd5a3966b69ff2bf9e08cc69e63a0a,2018-03,City of London Police,City of London Police,-0.104134,51.514699,On or near OLD SEACOAL LANE,E01032740,City of London 001G,Local resolution
f685d00ae1ff6fd67ef8bf40d1cc49eb014063df908c12734d4b543dc0a74c50,2018-03,City of London Police,City of London Police,-0.086051,51.513569,On or near FINCH LANE,E01032739,City of London 001F,Investigation complete; no suspect identified
18204014220e92f977f80957cbdccbfce4093d0969bf47df968a6d52b63b01df,2018-03,City of London Police,City of London Police,-0.098886,51.519254,On or near KINGHORN STREET,E01032740,City of London 001G,Investigation complete; no suspect identified
5be783c61d14854b8b373f0d3ae8518ec7d205145e7617e49f16d155b4fe91b0,2018-03,City of London Police,City of London Police,-0.081516,51.510014,On or near GREAT TOWER STREET,E01032739,City of London 001F,Investigation complete; no suspect identified
1441a3bc0a6c3d4dd366cdafd82d752b1ef9b2c0597e15c5610c0d434d0e204e,2018-03,City of London Police,City of London Police,-0.083417,51.513148,On or near WHITTINGTON AVENUE,E01032739,City of London 001F,Unable to prosecute suspect
54d67f68123607a5aebe4d1cee8fb25294d12ddc8768c19ccc9fe81159f992db,2018-03,City of London Police,City of London Police,-0.110710,51.513914,On or near FLEET STREET,E01032740,City of London 001G,Investigation complete; no suspect identified
837e9a27e87a9382cdb74701e4c0ed1b1b9495eb2ffa5a91d1b836e6f19868a3,2018-03,City of London Police,City of London Police,-0.102721,51.515404,On or near ST GEORGES'S COURT,E01032740,City of London 001G,Unable to prosecute suspect
555ac45a3617245cb2ecf371bc58ce22c243d58d8d015e0fbfb548f90171c8ac,2018-03,City of London Police,City of London Police,-0.088766,51.519620,On or near ROPEMAKER STREET,E01002704,Islington 023D,Unable to prosecute suspect
5ad251136c77ee7904a91ea579a5f0f2fa3f947711b3be9dea4d9a7799f95ee7,2018-03,City of London Police,City of London Police,-0.083993,51.511440,On or near PHILPOT LANE,E01032739,City of London 001F,Suspect charged
de6ea98dfa68de53b7a911cc14e7c5c4eafd4f37dabbccb3f43a76eb051863cb,2018-03,City of London Police,City of London Police,-0.076435,51.513627,On or near ALDGATE,E01000005,City of London 001E,Local resolution
4b8b058327427074ef9e62afc7625fc6a3aa388d3b3364937f7aa5ef7ecebc1a,2018-03,City of London Police,City of London Police,-0.096363,51.513377,On or near NEW CHANGE,E01032739,City of London 001F,Suspect charged
f0de32135bf3756f32ad0adeb0be7b0e0fce975dfe603b5510fa30915116e2ae,2018-03,City of London Police,City of London Police,-0.087780,51.508066,On or near BOROUGH HIGH STREET,E01032739,City of London 001F,Suspect charged
c12bf1d42ad2bfc920245de7dc8880f490c01d6bb21cff9c3e350a3f7e1c675b,2018-03,City of London Police,City of London Police,-0.104275,51.511661,On or near VICTORIA EMBANKMENT,E01032739,City of London 001F,Investigation complete; no suspect identified
3dd8fbc40f7090e6b9137b41994ad29ef9f3d7ff97cc28d2951fab2b4bf17c3d,2018-03,City of London Police,City of London Police,-0.087153,51.518910,On or near SOUTH PLACE MEWS,E01032739,City of London 001F,Offender given a drugs possession warning
ddda0d5db1f7245d3f1ee01783c0ab46881c81b169ce02fceb7e561bed719e19,2018-03,City of London Police,City of London Police,-0.084967,51.512598,On or near BELL INN YARD,E01032739,City of London 001F,Offender given a caution
8fb172b1c08810f334c5ecdf97147d1025170e6826131a53c31a1e8d83350e19,2018-03,City of London Police,City of London Police,-0.097562,51.518864,On or near Parking Area,E01000001,City of London 001A,Suspect charged
f8239c6c8ae6af115c7aab1b38c5b780aefdb172301973556b763319dc8867a4,2018-03,City of London Police,City of London Police,-0.079786,51.517576,On or near Police Station,E01032739,City of London 001F,Suspect charged
b92097f8ff39f2ba8dfa674971b23354df01aab65df4bf70bb1b1fb53609bc86,2018-03,City of London Police,City of London Police,-0.102721,51.515404,On or near ST GEORGES'S COURT,E01032740,City of London 001G,Investigation complete; no suspect identified
b227a4b891c54c7087d4d96fe32626d8acef942389b0c34f43dda9103b84ab88,2018-03,City of London Police,City of London Police,-0.105134,51.513869,On or near BRIDE LANE,E01032740,City of London 001G,Investigation complete; no suspect identified
d90107180fe3bccd277a8c9cf16d815273321572947161b71d8bdd7fcee56092,2018-03,City of London Police,City of London Police,-0.068161,51.509930,On or near DOCK STREET,E01004294,Tower Hamlets 026B,Offender given a drugs possession warning
4002c329985ebb3670e6c479c5d434b453799b354f58152351f1d5f6eeac4a95,2018-03,City of London Police,City of London Police,-0.080318,51.520678,On or near PRIMROSE STREET,E01032739,City of London 001F,Investigation complete; no suspect identified
c57cbe9240798c26cf28307f1ecc89d3d0dec2dfb8822e675f28b9cb9a9fd56b,2018-03,City of London Police,City of London Police,-0.084967,51.512598,On or near BELL INN YARD,E01032739,City of London 001F,Suspect charged
16714abef6b8a98b2f9328add29002d99510a816b744323412bc57546086d16d,2018-03,City of London Police,City of London Police,-0.092517,51.520580,On or near WHITECROSS STREET,E01000002,City of London 001B,Investigation complete; no suspect identified
4e2ca6897184c815bf86414405ad6ab4d5b2a704b09b158a3c059cfd0c651722,2018-03,City of London Police,City of London Police,-0.096363,51.513377,On or near NEW CHANGE,E01032739,City of London 001F,Investigation complete; no suspect identified
989ef0fc08e945c4ef57c1b7de5d65624aae11dd9cf98c488d5002945c8155e6,2018-03,City of London Police,City of London Police,-0.088614,51.516371,On or near MOORGATE PLACE,E01032739,City of London 001F,Investigation complete; no suspect identified
de794e92256416cbafb708b449a72238426ff032b31bdd637d8d174f20be7ba4,2018-03,City of London Police,City of London Police,-0.098572,51.516767,On or near KING EDWARD STREET,E01000001,City of London 001A,Investigation complete; no suspect identified
5529f8a0c664e971062db7be5f6e96ec046997effced74759e0213b75032fb4d,2018-03,City of London Police,City of London Police,-0.102812,51.517042,On or near Police Station,E01032740,City of London 001G,Investigation complete; no suspect identified
e60c36b0b127a4ef8ae3857897026c015902c0c55afb4571300acc411a3a9bbd,2018-03,City of London Police,City of London Police,-0.097645,51.515142,On or near ST MARTIN'S LE GRAND,E01032739,City of London 001F,Suspect charged
802843b4d8a7d80adfb36c0f145c120ee62347b582dddeb9585aca152070f191,2018-03,City of London Police,City of London Police,-0.084967,51.512598,On or near BELL INN YARD,E01032739,City of London 001F,Offender given a caution
f3fe77bb939aec79d36b49422720a8f88741a1a3e3187795dc1128d433d308c5,2018-03,City of London Police,City of London Police,-0.080322,51.510651,On or near MARK LANE,E01032739,City of London 001F,Investigation complete; no suspect identified
98f97cdd9772350bb8bb4d30d45ba6de5faca7e3690f0ff486fcd591dc11321a,2018-03,City of London Police,City of London Police,-0.080376,51.517244,On or near Supermarket,E01032739,City of London 001F,Offender given a caution
90ca3b612f38f75d2646d2b4f8d7b5defae5ca88562decc01fdcecb0d06cd568,2018-03,City of London Police,City of London Police,-0.091108,51.511529,On or near CLOAK LANE,E01032739,City of London 001F,Investigation complete; no suspect identified
e17f048e643cf1f74768d74357128829913587d88b21a611678df067197a827a,2018-03,City of London Police,City of London Police,,,No location,,,Offender sent to prison
6593e3ee443ccdd018e96451e889a40fc17a95826db352f31ca74ad7f0329f77,2018-03,City of London Police,City of London Police,-0.091720,51.513454,On or near Supermarket,E01032739,City of London 001F,Offender fined
f03789873284e54c1694fd7708c016ab7ca37d3f3dfd41d2cf74884d3c6c40e7,2018-03,City of London Police,City of London Police,-0.093257,51.513920,On or near BOW LANE,E01032739,City of London 001F,Offender fined
d63cdf993c05a4cfacfe44dc63d8a802d9c25e49ab8281068fc6674ade183dea,2018-03,City of London Police,City of London Police,-0.082458,51.517431,On or near LIVERPOOL STREET,E01032739,City of London 001F,Defendant found not guilty
a58b016b913240771479b063a01c6886b0929ac6ed2a7c43c443d68225f56866,2018-03,City of London Police,City of London Police,-0.084967,51.512598,On or near BELL INN YARD,E01032739,City of London 001F,Offender sent to prison
59210d8ad299502fdd967957ae45305a55d04a8808107cf85ae61fe4eb728313,2018-03,City of London Police,City of London Police,-0.084967,51.512598,On or near BELL INN YARD,E01032739,City of London 001F,Offender sent to prison
a3f7b104dafc1d0ee938d6ec92907fcbc95a80dc3eaae51bfa284300f929fe0f,2018-03,City of London Police,City of London Police,-0.080376,51.517244,On or near Supermarket,E01032739,City of London 001F,Offender fined
a54da960d35777b75a935eb2c3d6fe806df094682e5f1b2f500d7e999642d406,2018-03,City of London Police,City of London Police,-0.087118,51.513199,On or near Nightclub,E01032739,City of London 001F,Court case unable to proceed
5b98d44bccacda913a8be6f7fb9b456e1c5c676c0dc1f2b68d04db3e68f5b88d,2018-03,City of London Police,City of London Police,-0.084967,51.512598,On or near BELL INN YARD,E01032739,City of London 001F,Offender sent to prison
ed969328534320f70454b92c578b12410cc794e6052eacbbb102ee45be245af7,2018-03,City of London Police,City of London Police,-0.079786,51.517576,On or near Police Station,E01032739,City of London 001F,Offender given community sentence
013bb5ab258807a8ee544fb7f7a25931dadef2a4e132687f3aa05099fb4169a3,2018-03,City of London Police,City of London Police,-0.086624,51.511923,On or near CLEMENT'S LANE,E01032739,City of London 001F,Offender sent to prison
c642e84d70145573bd54931209fa7389cdaed3daeb0c70884bc8314ac4bcc983,2018-03,City of London Police,City of London Police,-0.108283,51.517526,On or near Supermarket,E01032740,City of London 001G,Offender given conditional discharge
44a0211c8d8784b7a6d39f0b04d9e6180092c845879fb92fa7ace073556e6d68,2018-03,City of London Police,City of London Police,-0.080665,51.509344,On or near Pedestrian Subway,E01032739,City of London 001F,Offender given community sentence
54b0603a7160e320543ee7b13271a86d04d85caf150a89a10147f6c3e4115f86,2018-03,City of London Police,City of London Police,-0.084967,51.512598,On or near BELL INN YARD,E01032739,City of London 001F,Offender given conditional discharge
fcb3bdc5f5e1536adea1d9210b49ec748815e8154987dbeaee317fed28395c21,2018-03,City of London Police,City of London Police,-0.084199,51.513394,On or near CORNHILL,E01032739,City of London 001F,Offender fined
2ba3d9d06cdf969f6bf041a0e0dc042bd9406df39f04b9a8e4fe5cafa452b41a,2018-03,City of London Police,City of London Police,-0.083972,51.510549,On or near LOVAT LANE,E01032739,City of London 001F,Court case unable to proceed
33f9d2e3d65584a8d622b9015aed0ecf75ae637d9777ea4d976ff38d3e80e19c,2018-03,City of London Police,City of London Police,-0.087780,51.508066,On or near BOROUGH HIGH STREET,E01032739,City of London 001F,Offender sent to prison
804432ab65d92506e11527410ca41c3e7f58a9d6d0d272477bd14f0deefb86fe,2018-03,City of London Police,City of London Police,-0.097223,51.515225,On or near ST MARTIN'S LE GRAND,E01000001,City of London 001A,Court case unable to proceed
9d0fc0f209118b8e6303eb79acc2a6a7529d71b1fdbe06e206756f1c1bbef755,2018-03,City of London Police,City of London Police,-0.108283,51.517526,On or near Supermarket,E01032740,City of London 001G,Offender given community sentence
9e79422e9e9bfedea2f4603724570ca1f784f8b19438381d923a3bd0707a7137,2018-03,City of London Police,City of London Police,-0.079786,51.517576,On or near Police Station,E01032739,City of London 001F,Offender given conditional discharge
c57cbe9240798c26cf28307f1ecc89d3d0dec2dfb8822e675f28b9cb9a9fd56b,2018-03,City of London Police,City of London Police,-0.084967,51.512598,On or near BELL INN YARD,E01032739,City of London 001F,Offender sent to prison
1ef931d4a8a64d80e907b2dfb631a9ceae408382a84c29d4b1573420e96ef7d3,2018-03,City of London Police,City of London Police,-0.080376,51.517244,On or near Supermarket,E01032739,City of London 001F,Offender fined
e7625d119db6803b1dd7b7aa3e84612c0a486d861bbbc8aa0cd693f4830e3c7e,2018-03,City of London Police,City of London Police,-0.080376,51.517244,On or near Supermarket,E01032739,City of London 001F,Offender given community sentence
a574c24ed1ca7754e85ef7e67f9cbefa3bf70377566bfa4ea7c459f85343784b,2018-03,City of London Police,City of London Police,-0.104494,51.509848,On or near A201,E01032739,City of London 001F,Offender sent to prison
24584593b071181d9ce3d5b86a6c09c22a82d8875dda6b17b02a51f4c5a34354,2018-03,City of London Police,City of London Police,-0.108283,51.517526,On or near Supermarket,E01032740,City of London 001G,Offender fined
77981aa6222f0fbc18b8f39dd89d2ff4ecd7538869839e9646b7259304bbbe54,2018-03,City of London Police,City of London Police,-0.080782,51.514804,On or near ST MARY AXE,E01032739,City of London 001F,Offender sent to prison
903c1c77272a2ff2e753b0f657f00e716b99cc7eef91670982f5739a6d38838a,2018-03,City of London Police,City of London Police,,,No location,,,Offender sent to prison
cf056078fa2b1d1e0e1fd7ea365f94599556628bcbcc69688697664ecfe272ae,2018-03,City of London Police,City of London Police,-0.077601,51.518799,On or near STEWARD STREET,E01004307,Tower Hamlets 015B,Offender fined
50a2947d47473d533fa41dec6fdb6494d8718444e63cf06e4c6391042f65885a,2018-03,City of London Police,City of London Police,-0.086764,51.510307,On or near FISH STREET HILL,E01032739,City of London 001F,Offender fined
92a4c03a00544def101a106b2091db9e02cf3a2e2e90181c5be7f72fd9cad221,2018-03,City of London Police,City of London Police,-0.084983,51.510494,On or near Supermarket,E01032739,City of London 001F,Offender given conditional discharge
5ad240abd1ae7907ef5187fc84f5546d11f3144bd7104675c01534343ff67e8c,2018-03,City of London Police,City of London Police,-0.087780,51.508066,On or near BOROUGH HIGH STREET,E01032739,City of London 001F,Offender sent to prison
d72d4f50ea8f62ae05d466203b721a45867a6c54ed8ef290528f2205313b419d,2018-03,City of London Police,City of London Police,-0.079786,51.517576,On or near Police Station,E01032739,City of London 001F,Offender fined
ed268b24ab129f5eea4a685a560c7835e4914b9936bb8190a2ec2008b0292082,2018-03,City of London Police,City of London Police,-0.080376,51.517244,On or near Supermarket,E01032739,City of London 001F,Offender fined
ebdfe15a46c43cffdcf717657383a34d93f4d719647534b3c97f4811581ea2da,2018-03,City of London Police,City of London Police,-0.078484,51.517680,On or near CATHERINE WHEEL ALLEY,E01032739,City of London 001F,Offender sent to prison
c3966b13fe9ce290ea946532bf95a08df5b035c521d41e7a0c0c6ebfd696a4b5,2018-03,City of London Police,City of London Police,-0.084967,51.512598,On or near BELL INN YARD,E01032739,City of London 001F,Offender sent to prison
4c50b6285ab9857a46a739ec56c44e2bab9c9e4f724a4a3abdf1d7f96b6074df,2018-03,City of London Police,City of London Police,-0.087760,51.517149,On or near LONDON WALL,E01032739,City of London 001F,Offender sent to prison
f7129c0d40d6e4625323b51cc7d57cffbccb74450630a52238cf67d26bb29540,2018-03,City of London Police,City of London Police,,,No location,,,Suspect charged
bb6c234611f1616b7f8f80acae50f8d05e20e7b18ec6d9a2e1a48d9b8af2b54b,2018-03,City of London Police,City of London Police,,,No location,,,Local resolution
01c26bc1f4a8788427e0cd9a1e81e5839a8dbe1119dc08c1c50b30f57e264ffe,2018-03,City of London Police,City of London Police,,,No location,,,Investigation complete; no suspect identified
6cce24be22fbd9f0231fe08cadef356d17501c87bcc3580d5410dd76faa50801,2018-03,City of London Police,City of London Police,,,No location,,,Investigation complete; no suspect identified
bff0d3bead8e3683daefd1b99f24d4909e22df32779887141cabee63b03b3746,2018-03,City of London Police,City of London Police,,,No location,,,Investigation complete; no suspect identified
fdb0b6426f2a95892d88119d6fa0638e5051379cffab35252b9d4b575830ba84,2018-03,City of London Police,City of London Police,,,No location,,,Investigation complete; no suspect identified
cb67ce30eeea4cee2dfd104393cd9b8c107a829b45a1ab1fed9784ed6dbdf071,2018-03,City of London Police,City of London Police,,,No location,,,Investigation complete; no suspect identified
e4bb650d564473878ea8edf08c0deebdbac59822781250c08704e0712610a412,2018-03,City of London Police,City of London Police,,,No location,,,Investigation complete; no suspect identified
b220835d2a112e03c03943cb5c5ece2bc74d7ea3c8967f9fcb87dba4ced1756d,2018-03,City of London Police,City of London Police,-0.081620,51.516814,On or near ALDERMAN'S WALK,E01032739,City of London 001F,Further investigation is not in the public interest
b6aa31d10435beabfd588c49803508606bbbac0795a7530d1741ea37f077edf0,2018-03,City of London Police,City of London Police,,,No location,,,Investigation complete; no suspect identified
bc4e42d5745f485cc9946331ca93e2c99dad93da0d7015ffa549c76d294041b0,2018-03,City of London Police,City of London Police,-0.085310,51.518511,On or near ELDON STREET,E01032739,City of London 001F,Investigation complete; no suspect identified
afd86e03d11c29b3b7b50e6c8465d7bf35a1d0f9a9f38157e9abe24865bf2b35,2018-03,City of London Police,City of London Police,-0.081620,51.516814,On or near ALDERMAN'S WALK,E01032739,City of London 001F,Investigation complete; no suspect identified
5fc480c5afea1add807c80416179e4317f4725c90db96270d870c2bf219eafab,2018-03,City of London Police,City of London Police,-0.081580,51.520510,On or near PINDAR STREET,E01032739,City of London 001F,Investigation complete; no suspect identified
bff4c9ed76363cc1bcab6ce56eccac248d56041fc25c22d0e287d91a33f14b36,2018-03,City of London Police,City of London Police,-0.092719,51.512652,On or near QUEEN VICTORIA STREET,E01032739,City of London 001F,Investigation complete; no suspect identified
a577cade075a23d04559053933b1b723c3d0758d1c2c301abaabe637cfb90f88,2018-03,City of London Police,City of London Police,-0.093198,51.510834,On or near UPPER THAMES STREET,E01032739,City of London 001F,Investigation complete; no suspect identified
1962b3d7fae23a3226643dedc6b1911157f66631db0749e9a640a346d1a5dd91,2018-03,City of London Police,City of London Police,-0.096814,51.512952,On or near ST PAUL'S CHURCH YARD,E01032739,City of London 001F,Formal action is not in the public interest
4fccc1776fb8c174006ed5f037fde893b8bdc42b2590bbdee0fcb46364b7b2b4,2018-03,City of London Police,City of London Police,-0.081580,51.520510,On or near PINDAR STREET,E01032739,City of London 001F,Investigation complete; no suspect identified
1867cdeba042d35f3dd07ff5f23488d8c14385aa7dfdd80601a7c447651f1ac8,2018-03,City of London Police,City of London Police,,,No location,,,Investigation complete; no suspect identified
ee425772fd664feebb3349be8378e1daf5f5e40a22f839b7eafecda676ca2639,2018-03,City of London Police,City of London Police,-0.097562,51.518864,On or near Parking Area,E01000001,City of London 001A,Investigation complete; no suspect identified
37106a1cc1ff72d6c99ac5f5c3e9df364da9dd5b30baf1982adae5481f42d4a8,2018-03,City of London Police,City of London Police,-0.096075,51.514766,On or near FOSTER LANE,E01032739,City of London 001F,Investigation complete; no suspect identified
483016f181dc21f10f2eee7f0c241c7c19887ce2bf04c8d0150beaa47f8e2a0e,2018-03,City of London Police,City of London Police,-0.096363,51.513377,On or near NEW CHANGE,E01032739,City of London 001F,Investigation complete; no suspect identified
4b8879b5f39abfcc1ff7b95b6b0bef89059a27961e6369462f6f60238a4af8a0,2018-03,City of London Police,City of London Police,-0.080782,51.514804,On or near ST MARY AXE,E01032739,City of London 001F,Investigation complete; no suspect identified
5da2ec9a4ad2a26032789f697861ff26366ca77b8b113414a769e53eb0d2ed6a,2018-03,City of London Police,City of London Police,-0.087760,51.517149,On or near LONDON WALL,E01032739,City of London 001F,Investigation complete; no suspect identified
7a0198bd148b905d055f403df34330e70726788249c6e51d8d3be9ee5f277771,2018-03,City of London Police,City of London Police,,,No location,,,Investigation complete; no suspect identified
6d792a3f1bd9d34d0c46077c2b34963a1c00a5f9e7098094f7c6b26b32590ca8,2018-03,City of London Police,City of London Police,-0.097645,51.515142,On or near ST MARTIN'S LE GRAND,E01032739,City of London 001F,Investigation complete; no suspect identified
b0b215c0d2dea7f6150d396579bf363b3989c44310c99642929a7543b87ec872,2018-03,City of London Police,City of London Police,,,No location,,,Investigation complete; no suspect identified
731523c15a85468d0219c87fe70630c417c94a81e62e71a7738ad3f18552bee4,2018-03,City of London Police,City of London Police,-0.086728,51.510477,On or near KING WILLIAM STREET,E01032739,City of London 001F,Investigation complete; no suspect identified
bb7c33980cb7dc00a3aba4537098ea826d18037ca03688f7a07af527a9a1d05d,2018-03,City of London Police,City of London Police,-0.078665,51.509950,On or near MUSCOVY STREET,E01032739,City of London 001F,Investigation complete; no suspect identified
cf8a99135baa18f839018e5f18a6ca85d4cfb587be7aece05e6825d056d2da7f,2018-03,City of London Police,City of London Police,-0.104252,51.516733,On or near Supermarket,E01032740,City of London 001G,Investigation complete; no suspect identified
af4df618ba251e4c7270ca7e2007ede5ede58e42fc1a862e53708dfc746546d0,2018-03,City of London Police,City of London Police,-0.087760,51.517149,On or near LONDON WALL,E01032739,City of London 001F,Investigation complete; no suspect identified
8858feba0a98f854f6c75360716c22552c9fa122411e7bcf891fa27910bd0e63,2018-03,City of London Police,City of London Police,-0.105900,51.516966,On or near PLUMTREE COURT,E01032740,City of London 001G,Investigation complete; no suspect identified
8943b7d0a5e3a00eb05b32a959c558bced1b7de406a38685ea7d1bc6b04c7e63,2018-03,City of London Police,City of London Police,-0.082512,51.512387,On or near LIME STREET,E01032739,City of London 001F,Investigation complete; no suspect identified
e786df430514ace3f4f8c810468521f9f659822f164b0b1849cb1012dcb7c198,2018-03,City of London Police,City of London Police,-0.100884,51.516966,On or near Hospital,E01032740,City of London 001G,Investigation complete; no suspect identified
9efc084e743359aef45a473c8d6d3bab2cd7f03922852250617c94354665f28b,2018-03,City of London Police,City of London Police,-0.097053,51.518262,On or near ALDERSGATE STREET,E01000001,City of London 001A,Investigation complete; no suspect identified
f02612aef8c66e3381ded2d8b58bfb8df1213f66c913314bf75d74fa3f51c881,2018-03,City of London Police,City of London Police,-0.087780,51.508066,On or near BOROUGH HIGH STREET,E01032739,City of London 001F,Investigation complete; no suspect identified
34f3f4d207f6a488222520150318b398d0ac79b91bca479a11f3f700e2adcc25,2018-03,City of London Police,City of London Police,-0.098500,51.519526,On or near MIDDLE STREET,E01032740,City of London 001G,Suspect charged
0a10d1223f6003184f9b45947d92222bb990b306abc7e41e7fb6316dcb29af05,2018-03,City of London Police,City of London Police,-0.084967,51.512598,On or near BELL INN YARD,E01032739,City of London 001F,Local resolution
028bd456dfa6a56ce3f2105ed14fad2d5e6aa213e6174dcbe629eb0ff7cec774,2018-03,City of London Police,City of London Police,-0.082458,51.517431,On or near LIVERPOOL STREET,E01032739,City of London 001F,Local resolution
81b13dbc00c2392a96598081d50e132b34cb2f9966d05b6e9824249b645238c4,2018-03,City of London Police,City of London Police,-0.080376,51.517244,On or near Supermarket,E01032739,City of London 001F,Offender given a caution
389bbdcce24b870df39bb9d108566b16fd66219012ccdd904a0909fc91ac1f55,2018-03,City of London Police,City of London Police,-0.077777,51.518046,On or near SANDY'S ROW,E01032739,City of London 001F,Suspect charged
6ea012d1c027c01420b8892818c72231b956e55fd87eae205849dd0687b9d95d,2018-03,City of London Police,City of London Police,-0.087780,51.508066,On or near BOROUGH HIGH STREET,E01032739,City of London 001F,Suspect charged
b26ff3af410c08ded9980dafada38b647cef41ff347190b026ce4af8adfbf91c,2018-03,City of London Police,City of London Police,,,No location,,,Offender given a caution
d7f20aa6bdddf0cf2bb72eb258fcd0b564ad6bcbf39ec8d090886f514b35ea84,2018-03,City of London Police,City of London Police,-0.097334,51.521567,On or near FANN STREET,E01000001,City of London 001A,Investigation complete; no suspect identified
5619d2d1bd0ef304adcf3d55c1792398d8d8dc596fa5f315ca48d97a035f0a0a,2018-03,City of London Police,City of London Police,-0.111181,51.516476,On or near CURSITOR STREET,E01032740,City of London 001G,Investigation complete; no suspect identified
28c032e1fcfe81a137d011839535a2cbf4fc1bbe189d352dc806b5c849e5cd7b,2018-03,City of London Police,City of London Police,,,No location,,,Investigation complete; no suspect identified
