Crime ID,Month,Reported by,Falls within,Longitude,Latitude,Location,LSOA code,LSOA name,Outcome type
79300244722a2ddcb9e6d0ba94aa15bee0ec7da4f6571c88608745a6e94954d8,2018-12,City of London Police,City of London Police,,,No location,,,Offender given a drugs possession warning
97ed7a0391c793dfecba3a868228ee602f52c15b5336e821f444682bb2ad0de9,2018-12,City of London Police,City of London Police,,,No location,,,Suspect charged
6f4c7eea4232c80716a7783dfeb2e0c4b406d8123a6c29ca82f1e28951db0512,2018-12,City of London Police,City of London Police,-0.087760,51.517149,On or near LONDON WALL,E01032739,City of London 001F,Investigation complete; no suspect identified
d499997c7acb649dce75a4cc025482161a751448db79421e9682e9d2919ebf81,2018-12,City of London Police,City of London Police,,,No location,,,Investigation complete; no suspect identified
abb7c6b6ee05869e059e67fe365c9a914fb6646ee5c6907ea684724f6d72bb08,2018-12,City of London Police,City of London Police,,,No location,,,Action to be taken by another organisation
c64867339516086553cfe8f404de060e980937a314a5012d393b07cf87663b9a,2018-12,City of London Police,City of London Police,,,No location,,,Investigation complete; no suspect identified
043edc13ef78e9ad7b59278c92be1d62aba282f8068678a5b03681f90fefd7d6,2018-12,City of London Police,City of London Police,,,No location,,,Investigation complete; no suspect identified
d01c9eca1720dea29c703cb94f37d81c730758ec560167d5a79966ff74081b2a,2018-12,City of London Police,City of London Police,,,No location,,,Investigation complete; no suspect identified
88ed6464cf58d65d9e8c3ad6b6847c2c97c7d7332b211afd2ea8a3b80ffa4d80,2018-12,City of London Police,City of London Police,,,No location,,,Investigation complete; no suspect identified
4e4a7b419900c92f8bfe7dea8fe9d2e277b0c2fb424658018bde048d4fcdca57,2018-12,City of London Police,City of London Police,,,No location,,,Investigation complete; no suspect identified
7d98a874489caa66baff37216338aeed8bc70401bedb60b0550e6b1d474c36a7,2018-12,City of London Police,City of London Police,,,No location,,,Investigation complete; no suspect identified
7d767b50b2939d30aabdaa38e0504b4c989e42eb0a4ba3ca974006f5c49192e3,2018-12,City of London Police,City of London Police,,,No location,,,Investigation complete; no suspect identified
c71a6f78283bc89af2833fca409676655bff5ba99d09aa400d4ec869516e2caa,2018-12,City of London Police,City of London Police,-0.089596,51.518743,On or near NEW UNION STREET,E01000002,City of London 001B,Investigation complete; no suspect identified
4788d2595694b2f773a339bddba32c3a2278f5536e41a36e8b5d0427b8974234,2018-12,City of London Police,City of London Police,-0.074901,51.506255,On or near A100,E01004293,Tower Hamlets 027B,Investigation complete; no suspect identified
63870cc34c029004755b6bb0872a8b3251269194b0206c958c73181d8e1a666e,2018-12,City of London Police,City of London Police,-0.096511,51.511922,On or near QUEEN VICTORIA STREET,E01032739,City of London 001F,Investigation complete; no suspect identified
cd3c08538986f802818e6b8e4be563a0de67c65cea82d6d906242b038c5495a1,2018-12,City of London Police,City of London Police,,,No location,,,Unable to prosecute suspect
81b7f20d0262715f47c7c01e2978a47ea5dd0436123e5a8c490ac0981f9a1886,2018-12,City of London Police,City of London Police,,,No location,,,Investigation complete; no suspect identified
4694547ba102c85d98a34e19a994a8c707ada2b6dc0d9fcd6d66912eb92e38d6,2018-12,City of London Police,City of London Police,-0.082628,51.518189,On or near SUN STREET PASSAGE,E01032739,City of London 001F,Investigation complete; no suspect identified
aa40d44b542069ef872db682aecba7f09117cbce94da7aa59d2bc9e4700a6274,2018-12,City of London Police,City of London Police,,,No location,,,Investigation complete; no suspect identified
1b2ecdac9134fac7cfa5342a00547f80c8438fc0658a1d9e48e90042e2deb63e,2018-12,City of London Police,City of London Police,-0.102930,51.518375,On or near WEST SMITHFIELD,E01032740,City of London 001G,Investigation complete; no suspect identified
a83bac1a95d12d1a838b5e4042034c5f37a0773c2ba75cbad77a8fc53ff3bf86,2018-12,City of London Police,City of London Police,-0.079875,51.510995,On or near HART STREET,E01032739,City of London 001F,Investigation complete; no suspect identified
9469614206259d9ce564bb037c5b0bf1c0672e426c8944780816140f1477f943,2018-12,City of London Police,City of London Police,-0.083645,51.512504,On or near LIME STREET PASSAGE,E01032739,City of London 001F,Investigation complete; no suspect identified
b21628e27dd01cd969984474b4a57c68588a98f3263f2e509004a232b2915eed,2018-12,City of London Police,City of London Police,-0.080782,51.514804,On or near ST MARY AXE,E01032739,City of London 001F,Investigation complete; no suspect identified
250bdcf7a004fae63441507595647f6bb1158799d50c7fac80e1a75cbff40518,2018-12,City of London Police,City of London Police,-0.104909,51.517912,On or near Parking Area,E01032740,City of London 001G,Investigation complete; no suspect identified
a565dadd4808552d57f0c34325199f02d13369a59f2ae1a2a836e339510350f2,2018-12,City of London Police,City of London Police,-0.096561,51.514513,On or near CHEAPSIDE,E01032739,City of London 001F,Investigation complete; no suspect identified
d71d7b328667aa6ebf3b966d8bf139f8f0a0d42bcd7dcf77a3d12bd600a8b179,2018-12,City of London Police,City of London Police,-0.089004,51.504642,On or near Hospital,E01003939,Southwark 002E,Investigation complete; no suspect identified
5eab53b54e82af7182bd6dc3b705f4d93f589edbef4324b668ea12eac5d8c037,2018-12,City of London Police,City of London Police,,,No location,,,Investigation complete; no suspect identified
86faa7bc15ec4f286fd97b0c3e4ab697552286bc9a1007e3e5115ca0f8e8f33d,2018-12,City of London Police,City of London Police,,,No location,,,Investigation complete; no suspect identified
1853a1774d0f83f20c059b7f6cdacbe7373a4d8328b42b6e71725bc57eef1422,2018-12,City of London Police,City of London Police,-0.086175,51.510945,On or near GRACECHURCH STREET,E01032739,City of London 001F,Investigation complete; no suspect identified
3ef1ccdbf0990d0f4645630dbe4a10429d77fa5d4fdd6e98d71a9bb3ed3f5f42,2018-12,City of London Police,City of London Police,-0.093493,51.513447,On or near BOW LANE,E01032739,City of London 001F,Investigation complete; no suspect identified
05bce85f817378144a69865eba999463c3e139ee4bc64d7b3a6a6d882148d129,2018-12,City of London Police,City of London Police,-0.078856,51.518433,On or near ARTILLERY LANE,E01032739,City of London 001F,Investigation complete; no suspect identified
e3b2c39783d7969c0a4430ecdff30e0896153fc6b42bee2a91b12fcd6ab25f2f,2018-12,City of London Police,City of London Police,-0.092077,51.512147,On or near TOWER ROYAL,E01032739,City of London 001F,Unable to prosecute suspect
a10df2a719f7730a1418e1e8a6b59431092b4bb9d4ee9bd0a3d7ccb5802138fc,2018-12,City of London Police,City of London Police,-0.078856,51.518433,On or near ARTILLERY LANE,E01032739,City of London 001F,Investigation complete; no suspect identified
2a1bd8e2d5eb87bc439395037dd2fd4963eaf857a71b1f9bc382a09bef4e13b2,2018-12,City of London Police,City of London Police,-0.108283,51.517526,On or near Supermarket,E01032740,City of London 001G,Investigation complete; no suspect identified
640761ab0382c3647e2238572b066464a46545b09fe9fdc4afd4b0157a628624,2018-12,City of London Police,City of London Police,-0.082913,51.513463,On or near LEADENHALL STREET,E01032739,City of London 001F,Investigation complete; no suspect identified
e0708742dd140f9f9193d81254b801455d4a46f0831e2a5dd6e260c06c921f8e,2018-12,City of London Police,City of London Police,-0.085833,51.513952,On or near FINCH LANE,E01032739,City of London 001F,Investigation complete; no suspect identified
ad44b1f34c6f2b277e818a336103570bbc0f1bf85047c3bc98f91f11e8467350,2018-12,City of London Police,City of London Police,-0.082628,51.518189,On or near SUN STREET PASSAGE,E01032739,City of London 001F,Investigation complete; no suspect identified
6ad89b04bdb6b5b7aaa0a86b2e7254b7154f81819450302dad885f58f5724b2f,2018-12,City of London Police,City of London Police,-0.085257,51.511200,On or near TALBOT COURT,E01032739,City of London 001F,Unable to prosecute suspect
3b3f3939594f151a8987300786c134e835d32a69b3256ed30b793b3ac9f4f38f,2018-12,City of London Police,City of London Police,-0.091720,51.513454,On or near Supermarket,E01032739,City of London 001F,Investigation complete; no suspect identified
b335d4f7662702e081fec947981527fb08c53b435c848a5fb143c4618b8e88b9,2018-12,City of London Police,City of London Police,-0.089451,51.517032,On or near Bus/Coach Station,E01032739,City of London 001F,Investigation complete; no suspect identified
63a128d5d4fd6a41f17abc666834b4cee55727625118eaf765f031acb263eeb2,2018-12,City of London Police,City of London Police,-0.074901,51.506255,On or near A100,E01004293,Tower Hamlets 027B,Investigation complete; no suspect identified
1314f7de4cd308b60969c74818c94e93b9e029f890be52a69e697eda51300765,2018-12,City of London Police,City of London Police,-0.078856,51.518433,On or near ARTILLERY LANE,E01032739,City of London 001F,Unable to prosecute suspect
e632c723e8ca4ee6010281708ea3d1b8a51c2600aedce501aaf53dcdd1cc1dce,2018-12,City of London Police,City of London Police,-0.088901,51.505396,On or near Supermarket,E01003981,Southwark 006F,Investigation complete; no suspect identified
f1498fb293f5fa19bb1ebf6521544bb156113b9f593bca0ce1cd912730e109c3,2018-12,City of London Police,City of London Police,-0.086626,51.510844,On or near KING WILLIAM STREET,E01032739,City of London 001F,Investigation complete; no suspect identified
92e8001149fa7af49263c68f044f6d5041648df424ff871fb670fc54e1086a9c,2018-12,City of London Police,City of London Police,-0.086175,51.510945,On or near GRACECHURCH STREET,E01032739,City of London 001F,Investigation complete; no suspect identified
0150792af0bb18fc99032d3fdb4b79b71e6ef914d252f86c9e2457413531b3f0,2018-12,City of London Police,City of London Police,-0.109826,51.516814,On or near NORWICH STREET,E01032740,City of London 001G,Investigation complete; no suspect identified
765d5fe1041fa143567ea81824789fddaecfaa212d5fa556097748d91db24311,2018-12,City of London Police,City of London Police,-0.086626,51.510844,On or near KING WILLIAM STREET,E01032739,City of London 001F,Investigation complete; no suspect identified
26f524bec14361dd1bbf5c74066f40a1bd3e4f2b6d8a6b6ac0b115da3c35841c,2018-12,City of London Police,City of London Police,-0.081549,51.511625,On or near MINCING LANE,E01032739,City of London 001F,Investigation complete; no suspect identified
4140362bd51eb71a48cbaf0a04a03b5f1cd7d408cac055b5b6d94c36f980dcfe,2018-12,City of London Police,City of London Police,-0.080376,51.517244,On or near Supermarket,E01032739,City of London 001F,Formal action is not in the public interest
d4b0db7575d0c7f42732aae0b72afbd7d3134fd25c28eaf1d1eaa934c8e97ecf,2018-12,City of London Police,City of London Police,-0.105134,51.513869,On or near BRIDE LANE,E01032740,City of London 001G,Further investigation is not in the public interest
20921123b78a3cebc0357e6e8ed62158f610009076fc84fa1723ec183f710156,2018-12,City of London Police,City of London Police,-0.092719,51.512652,On or near QUEEN VICTORIA STREET,E01032739,City of London 001F,Investigation complete; no suspect identified
dd535290d30d1c9f88507223f323d985be21ccab67d687bfe13e47a5b0b241f5,2018-12,City of London Police,City of London Police,-0.097562,51.518864,On or near Parking Area,E01000001,City of London 001A,Investigation complete; no suspect identified
31edd4cfa1f0ef202ff61c6e4ac66f3ff7d5e9131de0989346edaac5ca529b07,2018-12,City of London Police,City of London Police,-0.089838,51.516067,On or near COLEMAN STREET,E01032739,City of London 001F,Investigation complete; no suspect identified
34bf08fd09e6f897d974b62686892958d5bfdbbd522f94881ddd4d9b52897776,2018-12,City of London Police,City of London Police,-0.102741,51.513885,On or near PAGEANTMASTER COURT,E01032740,City of London 001G,Unable to prosecute suspect
4eac8645408ce73ee240ba8676f2865e63c52a9ba85acc6f86876ae8d48be987,2018-12,City of London Police,City of London Police,-0.097053,51.518262,On or near ALDERSGATE STREET,E01000001,City of London 001A,Investigation complete; no suspect identified
857b1ccdd27cb23c3a8ae481491cf26825c88190bbad5f665e507f5b83e6e56a,2018-12,City of London Police,City of London Police,-0.079786,51.517576,On or near Police Station,E01032739,City of London 001F,Investigation complete; no suspect identified
e26ccad086ee5984b51cb30db17986d2b5ee4715ce08cb085fe45b0af42cbe6d,2018-12,City of London Police,City of London Police,-0.091151,51.514992,On or near GRESHAM STREET,E01032739,City of London 001F,Investigation complete; no suspect identified
f37cf63839b4d8c683e22421446c99544d5f5f0b1d826c712a467396d2f45b65,2018-12,City of London Police,City of London Police,-0.074901,51.506255,On or near A100,E01004293,Tower Hamlets 027B,Investigation complete; no suspect identified
45e14e6af0309cddc989c5d190c219c043bae26286e898e23a5f54cce528b0c8,2018-12,City of London Police,City of London Police,-0.074901,51.506255,On or near A100,E01004293,Tower Hamlets 027B,Investigation complete; no suspect identified
826d105582dfd65a1af9f1b9eec0d3a3653f0789670551de3a3b39cab0f964ac,2018-12,City of London Police,City of London Police,-0.079786,51.517576,On or near Police Station,E01032739,City of London 001F,Investigation complete; no suspect identified
7682ec71be778c7d9d4cfd359867bf3db636468fc9f8ea17bf848515ba118ab0,2018-12,City of London Police,City of London Police,,,No location,,,Investigation complete; no suspect identified
129d951991c7638ea4ae3c398950ced6187c5fe958f32bd9cafe5483280cfb7c,2018-12,City of London Police,City of London Police,-0.107443,51.515552,On or near PRINTER STREET,E01032740,City of London 001G,Investigation complete; no suspect identified
7d69ea2f8315ccdf646ca5bc4580dbf6e4599156e105f0f015ed327c2511ced6,2018-12,City of London Police,City of London Police,-0.099848,51.519350,On or near LONG LANE,E01032740,City of London 001G,Investigation complete; no suspect identified
996833f4b7796b901a2325a46685803db477b29bd8739f842cb2c9962ee940f1,2018-12,City of London Police,City of London Police,,,No location,,,Investigation complete; no suspect identified
d7c71a5df87430612fb43203d5001ba39ae47f41cc879765574e6f66ce4d8c20,2018-12,City of London Police,City of London Police,-0.081549,51.511625,On or near MINCING LANE,E01032739,City of London 001F,Investigation complete; no suspect identified
0acff169f2d0b69116b478dad3d43a10d0704676e282793784e8347a4e252b41,2018-12,City of London Police,City of London Police,-0.098777,51.512526,On or near KNIGHTRIDER STREET,E01032739,City of London 001F,Investigation complete; no suspect identified
4fe5cd2d1ae56efa90f96e857320bcdc0007584b6b50e43b481d1d6877dcaf90,2018-12,City of London Police,City of London Police,-0.074901,51.506255,On or near A100,E01004293,Tower Hamlets 027B,Investigation complete; no suspect identified
23959cdf2c954497ecfed873dae78d4133621abd33ab5be53163101a572cf48f,2018-12,City of London Police,City of London Police,-0.085310,51.518511,On or near ELDON STREET,E01032739,City of London 001F,Investigation complete; no suspect identified
0ab8b3a1b274c0130523de6e40619b35a4fc1b1b249f6a19b4db0ce830835263,2018-12,City of London Police,City of London Police,-0.081620,51.516814,On or near ALDERMAN'S WALK,E01032739,City of London 001F,Investigation complete; no suspect identified
a823e0f53d22f16a49f09f53a38f79b1dd5155b481258d4af395bd32ea0c5095,2018-12,City of London Police,City of London Police,-0.079130,51.507808,On or near Ferry Terminal,E01004293,Tower Hamlets 027B,Investigation complete; no suspect identified
882f892c75187a2bc997e38695f4b3d3764358a16327c90b26ab14ecc9c526a9,2018-12,City of London Police,City of London Police,-0.104134,51.514699,On or near OLD SEACOAL LANE,E01032740,City of London 001G,Investigation complete; no suspect identified
22564d34ea61fd0602ff68f0ca54285ea60d719175b44dfd136e275521d23efb,2018-12,City of London Police,City of London Police,-0.086626,51.510844,On or near KING WILLIAM STREET,E01032739,City of London 001F,Investigation complete; no suspect identified
af9e82f042beec127f98cb544092584d696b0bb9a2e217ef81839cbc3a55d70e,2018-12,City of London Police,City of London Police,-0.079780,51.512243,On or near FENCHURCH STREET,E01032739,City of London 001F,Investigation complete; no suspect identified
0c8a183fe079bf57db0804338f0b13497b638072f0a71e0e7b24e02131664835,2018-12,City of London Police,City of London Police,-0.092297,51.518949,On or near Park/Open Space,E01000002,City of London 001B,Investigation complete; no suspect identified
68d112234aa54cecd9e32bda05be972028c3911e7b4795280aa92da0603881d1,2018-12,City of London Police,City of London Police,-0.079786,51.517576,On or near Police Station,E01032739,City of London 001F,Investigation complete; no suspect identified
c6a6a441375d8eb52ed0dd45a7daaf3150b9acf0969531165cfc7e8287405986,2018-12,City of London Police,City of London Police,-0.093057,51.520085,On or near Theatre/Concert Hall,E01000002,City of London 001B,Investigation complete; no suspect identified
17a25d47aa212352a5121259eb4661085012a2fd3af8d37c66724d6fe9e41f02,2018-12,City of London Police,City of London Police,-0.082571,51.514753,On or near GREAT ST HELEN'S,E01032739,City of London 001F,Investigation complete; no suspect identified
c779b7b2f4515e65d31ea7608ca2c9a4545311cf2acdb6e429e0c61e2b34278f,2018-12,City of London Police,City of London Police,-0.106922,51.514204,On or near FLEET STREET,E01032740,City of London 001G,Further investigation is not in the public interest
36fa2d7ee3f6a66a880f2c9214561a39c4fbb4a52d13368f2f2af66d4c74594f,2018-12,City of London Police,City of London Police,-0.083296,51.517058,On or near OLD BROAD STREET,E01032739,City of London 001F,Investigation complete; no suspect identified
91bc185ba50a45ec02fb1659130773e1925e356774341dc8eca110282a07818a,2018-12,City of London Police,City of London Police,-0.081620,51.516814,On or near ALDERMAN'S WALK,E01032739,City of London 001F,Unable to prosecute suspect
93603b9e6165f7bd9c13b0cbd207c6272f5b19f217f96ff753e8edc022cf169d,2018-12,City of London Police,City of London Police,-0.083993,51.511440,On or near PHILPOT LANE,E01032739,City of London 001F,Unable to prosecute suspect
52ed9fa39d18abe94690f3fe9f885760fb1da7f57e5bcd51379525a32113cb4c,2018-12,City of London Police,City of London Police,-0.079130,51.507808,On or near Ferry Terminal,E01004293,Tower Hamlets 027B,Investigation complete; no suspect identified
b8c4cb679878f5d7ceb9dc4b97889137de5caf6f1483a2df63b1933e117804e7,2018-12,City of London Police,City of London Police,-0.098572,51.516767,On or near KING EDWARD STREET,E01000001,City of London 001A,Investigation complete; no suspect identified
4ef9c97e610786b9ee27f66312e19fc3ffb3ef49dcf4cae2c47f37eda555188c,2018-12,City of London Police,City of London Police,-0.093398,51.512951,On or near WATLING STREET,E01032739,City of London 001F,Investigation complete; no suspect identified
ba0be370bd9e3d08c02d05eebc8f23ff7597991c4db7de59d7135eded52e6f29,2018-12,City of London Police,City of London Police,-0.086272,51.513114,On or near BIRCHIN LANE,E01032739,City of London 001F,Investigation complete; no suspect identified
d6e7ac858227cc64c15b1dce819979ef8fceffc86757aef384a6bf48c8d6363d,2018-12,City of London Police,City of London Police,-0.090506,51.513524,On or near POULTRY,E01032739,City of London 001F,Investigation complete; no suspect identified
6f073bc0e6180eef0c7fbb1a6f00405b3e1f46308e40d39651b1fc64e0101630,2018-12,City of London Police,City of London Police,-0.086764,51.510307,On or near FISH STREET HILL,E01032739,City of London 001F,Investigation complete; no suspect identified
40f173905aab27c6b9560e0697f6de1df08b484ee8675b29d3528883e82a6619,2018-12,City of London Police,City of London Police,-0.092865,51.510182,On or near Parking Area,E01032739,City of London 001F,Investigation complete; no suspect identified
168020021699de93c3dfd1fbc29da6af3ab897c5f00f22f2be372beee59cc3c4,2018-12,City of London Police,City of London Police,-0.086166,51.510828,On or near EASTCHEAP,E01032739,City of London 001F,Investigation complete; no suspect identified
fe82b9e4f13e4bafd9add15b85ad9ccdca8bbe5326d254893aa476642fb3c154,2018-12,City of London Police,City of London Police,-0.100884,51.516966,On or near Hospital,E01032740,City of London 001G,Investigation complete; no suspect identified
a446107fbfcd8c9741be4ea21251e755d24407e953e5e266ba45e4d7c2fddc64,2018-12,City of London Police,City of London Police,-0.088843,51.509532,On or near Parking Area,E01032739,City of London 001F,Investigation complete; no suspect identified
936bb0ae053436bcfbdfd9dcbcecce6c0da1c93226d597800fef04fa63ce35b1,2018-12,City of London Police,City of London Police,-0.092321,51.513194,On or near PANCRAS LANE,E01032739,City of London 001F,Investigation complete; no suspect identified
40aabb6ff14cc8649da5d8e2d2e9529f54b7fc3448945d6ff6314482818dc8f3,2018-12,City of London Police,City of London Police,-0.082458,51.517431,On or near LIVERPOOL STREET,E01032739,City of London 001F,Investigation complete; no suspect identified
82ec9c9ac630d82390c757148b23a4729bd73d7b0093f5c46f3339ff1969465c,2018-12,City of London Police,City of London Police,-0.088227,51.506338,On or near BOROUGH HIGH STREET,E01004027,Southwark 003E,Investigation complete; no suspect identified
6c5cb094ea77de2e455aaa991ac612f8205a6a94dcb70a6aa24babbcaa581ed5,2018-12,City of London Police,City of London Police,-0.086175,51.510945,On or near GRACECHURCH STREET,E01032739,City of London 001F,Investigation complete; no suspect identified
2a9dbec6526753e17672652247d9cf613a7690cd2e027be937ea264cf69102bc,2018-12,City of London Police,City of London Police,-0.086175,51.510945,On or near GRACECHURCH STREET,E01032739,City of London 001F,Investigation complete; no suspect identified
1e070e21b063f4569e1ec074b8a90955f62a5213686777303599255412bd605d,2018-12,City of London Police,City of London Police,-0.074901,51.506255,On or near A100,E01004293,Tower Hamlets 027B,Investigation complete; no suspect identified
dc3b74f845470f26cf720ab11ea8f81a7305b70bb03c7f05f7bdc71cc67124f5,2018-12,City of London Police,City of London Police,-0.073850,51.509313,On or near MANSELL STREET,E01004293,Tower Hamlets 027B,Investigation complete; no suspect identified
1058f2e79844ff57a53d8ebd82740bb258b1e68f024945d0320b6f794a1fa19c,2018-12,City of London Police,City of London Police,-0.089218,51.516057,On or near MOORGATE,E01032739,City of London 001F,Investigation complete; no suspect identified
634976917dfabebc4fdb3f33b2e9534753990ad61a1e078c5f6ef8d0bd5686cb,2018-12,City of London Police,City of London Police,-0.089858,51.520744,On or near CHISWELL STREET,E01002704,Islington 023D,Investigation complete; no suspect identified
d6bdd06dad4936b890f00f1b33e95347a31161a8a4c961fc5acd28b6df7a426f,2018-12,City of London Police,City of London Police,-0.086175,51.510945,On or near GRACECHURCH STREET,E01032739,City of London 001F,Investigation complete; no suspect identified
1ffc5fcd2243d6880e24f661bd2a3bdd47c3930d435fbd1caacfba6ca71965e6,2018-12,City of London Police,City of London Police,-0.095860,51.521660,On or near FANN STREET,E01000003,City of London 001C,Investigation complete; no suspect identified
c0c5bbda8c40d9de684516e1f5b085d7596711d174774531014b68e18f78bd92,2018-12,City of London Police,City of London Police,-0.077777,51.518046,On or near SANDY'S ROW,E01032739,City of London 001F,Investigation complete; no suspect identified
b60c2d65bad41c17189834a7757cebb148a44852923920cdb5ef8ea621470066,2018-12,City of London Police,City of London Police,-0.079786,51.517576,On or near Police Station,E01032739,City of London 001F,Investigation complete; no suspect identified
3d3fc5ed7a85a33736dbed83ac7126ceed31efb8644e77e3a7e0004cb0f4b921,2018-12,City of London Police,City of London Police,-0.095892,51.516391,On or near NOBLE STREET,E01000001,City of London 001A,Investigation complete; no suspect identified
444135b8562cfe796667e7593a0eadaf374a69d7c1bb3477918ef1b6d817b22a,2018-12,City of London Police,City of London Police,-0.080146,51.514848,On or near BURY COURT,E01032739,City of London 001F,Investigation complete; no suspect identified
5129a01a50b8918821ca244eeca163b59f204090bd0c61bc2cbc813391277705,2018-12,City of London Police,City of London Police,-0.094720,51.514420,On or near WOOD STREET,E01032739,City of London 001F,Investigation complete; no suspect identified
76d3809215669c913800696134874cc2d5a05e13075241f569a522db45840330,2018-12,City of London Police,City of London Police,-0.082913,51.513463,On or near LEADENHALL STREET,E01032739,City of London 001F,Investigation complete; no suspect identified
2b98ae76f57abef3ee5802ce3691687feb06d969d67b4be956f8ccd101fc8e6a,2018-12,City of London Police,City of London Police,-0.104973,51.512887,On or near BRIDEWELL PLACE,E01032740,City of London 001G,Unable to prosecute suspect
d03afb528cbf8576f5ebbdbdc5eecdc6edc52d5f5f1ab2622b0d83a1fb9561e2,2018-12,City of London Police,City of London Police,-0.097645,51.515142,On or near ST MARTIN'S LE GRAND,E01032739,City of London 001F,Investigation complete; no suspect identified
4cf4c412a1cdc208a7204dedd9a779066d3c15ac09606c24e1a7c7249043485a,2018-12,City of London Police,City of London Police,-0.091494,51.510924,On or near COLLEGE STREET,E01032739,City of London 001F,Investigation complete; no suspect identified
c43541f9c30defbd8ef1cf917a323052593a9deb08490f4f8b394d7a7517dd7a,2018-12,City of London Police,City of London Police,-0.084983,51.510494,On or near Supermarket,E01032739,City of London 001F,Investigation complete; no suspect identified
53489b5b577e834d2f3aa47173df62e84b3cbbcd349960ee9edbd2e5741d4e06,2018-12,City of London Police,City of London Police,-0.102741,51.513885,On or near PAGEANTMASTER COURT,E01032740,City of London 001G,Investigation complete; no suspect identified
bb9ded18dd5d3639eb1ff5336329db5232211ee6de72f823abac25461b02645b,2018-12,City of London Police,City of London Police,-0.082458,51.517431,On or near LIVERPOOL STREET,E01032739,City of London 001F,Investigation complete; no suspect identified
f78ec8e9b9c22619f4f8094ee17edbbaeb947f2d40cd2f169dbddc875d5d7a43,2018-12,City of London Police,City of London Police,-0.082965,51.516351,On or near WORMWOOD STREET,E01032739,City of London 001F,Investigation complete; no suspect identified
342cdc01350b43ec7fb3f6854b23475be4973fd651893511d5bee8303fef89d1,2018-12,City of London Police,City of London Police,-0.096075,51.514766,On or near FOSTER LANE,E01032739,City of London 001F,Investigation complete; no suspect identified
cafbf2aeb1536409330cc1d8e10158dcf5e0979bf7f941e095e419bde222984c,2018-12,City of London Police,City of London Police,-0.102741,51.513885,On or near PAGEANTMASTER COURT,E01032740,City of London 001G,Investigation complete; no suspect identified
6301b02a5c4f91a899faf9a5c6c8895a5f14fcea52efb863506fc74e62d1bd08,2018-12,City of London Police,City of London Police,-0.096814,51.512952,On or near ST PAUL'S CHURCH YARD,E01032739,City of London 001F,Investigation complete; no suspect identified
a5e34204187131919f09e809597ec667690377699786c9c2694e2f149cf06227,2018-12,City of London Police,City of London Police,-0.085149,51.517196,On or near BLOMFIELD STREET,E01032739,City of London 001F,Investigation complete; no suspect identified
ac113b280ee938d3c70fd724743e31f39c2b9b8529ae1022043739002e46eaad,2018-12,City of London Police,City of London Police,-0.086728,51.510477,On or near KING WILLIAM STREET,E01032739,City of London 001F,Investigation complete; no suspect identified
4f4d1b10e988512302d7df88685285e0699a4d029f70d863158f3e577e5657f9,2018-12,City of London Police,City of London Police,-0.099818,51.519017,On or near CLOTH FAIR,E01032740,City of London 001G,Investigation complete; no suspect identified
8c9a10d9344a58d7ff764674cefabf8fb55c75297f7ac0d79262f9e8199d4aa9,2018-12,City of London Police,City of London Police,-0.077451,51.515523,On or near WHITE KENNETT STREET,E01000005,City of London 001E,Unable to prosecute suspect
a214a42dd89cacf12da80cdb2eb28ef906143f2aeb2c1df393de5e337914297f,2018-12,City of London Police,City of London Police,-0.082458,51.517431,On or near LIVERPOOL STREET,E01032739,City of London 001F,Investigation complete; no suspect identified
71cf78dad7d3bfb181b676ca317a8e8436cbe83088615c3d7996d539e8fb4dfd,2018-12,City of London Police,City of London Police,-0.078856,51.518433,On or near ARTILLERY LANE,E01032739,City of London 001F,Investigation complete; no suspect identified
c339a6fb0ada747afe6aecaf65786dd8e9cd3babade5c6c88306d2cc42fb341f,2018-12,City of London Police,City of London Police,-0.091494,51.510924,On or near COLLEGE STREET,E01032739,City of London 001F,Investigation complete; no suspect identified
f78b04c0f2a0cdcd413b0745a7a1ed990f8b5e00e8cdf91bd5f74b06ef0ab5d2,2018-12,City of London Police,City of London Police,-0.097645,51.515142,On or near ST MARTIN'S LE GRAND,E01032739,City of London 001F,Unable to prosecute suspect
418c39ee32a5071c4cfc1e7f0dd45f63238e415a71e00f2b6cc3f76524ebdeb2,2018-12,City of London Police,City of London Police,-0.097645,51.515142,On or near ST MARTIN'S LE GRAND,E01032739,City of London 001F,Investigation complete; no suspect identified
b36a35b928ee0c6903b1c9de33e65b44f72ff662be38fd0ab56dd80bf09fe091,2018-12,City of London Police,City of London Police,-0.078856,51.518433,On or near ARTILLERY LANE,E01032739,City of London 001F,Investigation complete; no suspect identified
c70b817c55c6bf99dad83b59d4a5431c4720f8d8de3ce165dd29dc1a360ca115,2018-12,City of London Police,City of London Police,-0.079786,51.517576,On or near Police Station,E01032739,City of London 001F,Investigation complete; no suspect identified
ce1e96fbd08c6a1b8ca04ceebc602c62040aa70afcdca6d5daddc286ae53ed66,2018-12,City of London Police,City of London Police,-0.087549,51.514276,On or near BARTHOLOMEW LANE,E01032739,City of London 001F,Investigation complete; no suspect identified
6b42f1ae258608f82a6b76796902063215fc8a252b6f32eede5f8dde4d4b6434,2018-12,City of London Police,City of London Police,-0.084105,51.515281,On or near Conference/Exhibition Centre,E01032739,City of London 001F,Investigation complete; no suspect identified
cdb77745133e3900bd7318a89c50781a9cc1ef47bde21518765e8cd37ac5d42b,2018-12,City of London Police,City of London Police,-0.082458,51.517431,On or near LIVERPOOL STREET,E01032739,City of London 001F,Investigation complete; no suspect identified
a293bf148947921926ea91d548dd3ce1b5a264bafc0639f0159e9f1c2cdbadcb,2018-12,City of London Police,City of London Police,-0.090506,51.513524,On or near POULTRY,E01032739,City of London 001F,Investigation complete; no suspect identified
ec770d99f7047f56aceff1b52ddd1ce66b438b887abea3ca142b659691945579,2018-12,City of London Police,City of London Police,-0.104887,51.516347,On or near FARRINGDON STREET,E01032740,City of London 001G,Investigation complete; no suspect identified
cac7d8ef68d846552d33b34e2312b4390519525857bcff165e1ad68ce51f56d9,2018-12,City of London Police,City of London Police,,,No location,,,Investigation complete; no suspect identified
8249ebcb4596c2f8ee421df52aa70714dd0a41301f7be7a190ef876769c6eb44,2018-12,City of London Police,City of London Police,-0.092077,51.512147,On or near TOWER ROYAL,E01032739,City of London 001F,Investigation complete; no suspect identified
1a9cc6b9e5fcf8ff5df374a4b277fe26429db16d6e59f53c377467f3ab7bffff,2018-12,City of London Police,City of London Police,-0.094959,51.522868,On or near GOLDEN LANE,E01002706,Islington 023E,Investigation complete; no suspect identified
abb2f7e9fe354d614b377b7f153c7c28d002b30e5de3ff5a44843c21a18d3b64,2018-12,City of London Police,City of London Police,,,No location,,,Investigation complete; no suspect identified
8e1e7288094bc79e965a7048b0238bdc367bd7b5c3c63ca04842f07d1b36e50b,2018-12,City of London Police,City of London Police,-0.078665,51.509950,On or near MUSCOVY STREET,E01032739,City of London 001F,Investigation complete; no suspect identified
de062308a6023c777e19fa4e7860aa49fdb0804a14705225a321688d1d0035ff,2018-12,City of London Police,City of London Police,-0.080376,51.517244,On or near Supermarket,E01032739,City of London 001F,Investigation complete; no suspect identified
ffb8b16575c76b60400ad45e7e24ebd28eb1c8960741686f949acf6023cebbea,2018-12,City of London Police,City of London Police,,,No location,,,Investigation complete; no suspect identified
db4d1f9f5a295e4e520b79641b50fc3dd11de6b0ecf87de2134ebeddd1ff885d,2018-12,City of London Police,City of London Police,,,No location,,,Investigation complete; no suspect identified
1da8fc65e298a55e78f1dd84796555b5961ea19728d7ad311948acb1a68652b3,2018-12,City of London Police,City of London Police,-0.076031,51.509547,On or near TOWER HILL,E01004293,Tower Hamlets 027B,Investigation complete; no suspect identified
9727365afa8f1058c60fe5110994ba4ce62d5efd8ac264e9e4776ef847023dcf,2018-12,City of London Police,City of London Police,,,No location,,,Suspect charged
345bf59eb978f097591841c7d85cea5e20c229afa4088175b21e16e3c72dc9df,2018-12,City of London Police,City of London Police,,,No location,,,Suspect charged
765f20d5f295cd18461312e9f71fb16a0cc666a907db0b336e3656bd5917a6ac,2018-12,City of London Police,City of London Police,,,No location,,,Offender given a caution
8dc0ddc9a10e134fe8d9c73e4787d485e213479ba6e35aabe23a4753c95fd47c,2018-12,City of London Police,City of London Police,-0.092865,51.510182,On or near Parking Area,E01032739,City of London 001F,Suspect charged
e9240893b0d4fb6e45dbcfd4319d3fd36705cd925663a9cc47c1cbb95a6fef19,2018-12,City of London Police,City of London Police,,,No location,,,Suspect charged
a6be51406dec33300bfa8da546d7188b8486aba2ee56d5d90f7362152f06a612,2018-12,City of London Police,City of London Police,-0.100632,51.515739,On or near WARWICK LANE,E01032739,City of London 001F,Suspect charged
75a449b274bfe78c651a5b2e837ca1fcdab4cec2755c90b07c3dd4b2d0a18d9b,2018-12,City of London Police,City of London Police,-0.090348,51.519358,On or near MOOR LANE,E01000002,City of London 001B,Suspect charged
10e86584b9f4c4e570e86d3cb6efcbac5401139a62938247a9c1112805595402,2018-12,City of London Police,City of London Police,-0.094720,51.514420,On or near WOOD STREET,E01032739,City of London 001F,Suspect charged
a34b4ee2f6b5b71980cbf56d9e9fc7463ddcd93227ce8f146e88f26b2264a785,2018-12,City of London Police,City of London Police,-0.102741,51.513885,On or near PAGEANTMASTER COURT,E01032740,City of London 001G,Suspect charged
729300f8e1c03a83da86cf1ae42c3c3ca5718823e04c2307ed59f7e61de6aceb,2018-12,City of London Police,City of London Police,-0.077392,51.516233,On or near HARROW PLACE,E01000005,City of London 001E,Suspect charged
6325499ab160eede55b5373a239311bf7b9651b79b32843594f175e7edbf864d,2018-12,City of London Police,City of London Police,-0.084980,51.516078,On or near GREAT WINCHESTER STREET,E01032739,City of London 001F,Suspect charged
3097fd52f3431784cba7c201acd03b3856e290990e0e199035a27b1628f9bcd3,2018-12,City of London Police,City of London Police,-0.079786,51.517576,On or near Police Station,E01032739,City of London 001F,Local resolution
fd946648061c7bcd844009fc26c2eb9143808eaea05dd7e525e2bddb66153784,2018-12,City of London Police,City of London Police,-0.080389,51.512820,On or near BILLITER STREET,E01032739,City of London 001F,Suspect charged
a3228daed69487f487e49c62d199daad0aeb0116b65364e901fc3bc83fdf087e,2018-12,City of London Police,City of London Police,-0.076031,51.509547,On or near TOWER HILL,E01004293,Tower Hamlets 027B,Suspect charged
4f7be63757a0134609347e3107f4133a6b7073a0c3a7fe98d5482e80cc702de0,2018-12,City of London Police,City of London Police,-0.077392,51.516233,On or near HARROW PLACE,E01000005,City of London 001E,Offender given a caution
1f20ca14cd58463bcbd6e00bf29b7b429e67fdfa3e4c18fe4638f147dfb03ccd,2018-12,City of London Police,City of London Police,-0.080376,51.517244,On or near Supermarket,E01032739,City of London 001F,Suspect charged
1f20ca14cd58463bcbd6e00bf29b7b429e67fdfa3e4c18fe4638f147dfb03ccd,2018-12,City of London Police,City of London Police,-0.080376,51.517244,On or near Supermarket,E01032739,City of London 001F,Suspect charged
fab8864bf8090add1c9008ba707015e39a384c2cd40545b9ed08b467924bc973,2018-12,City of London Police,City of London Police,-0.076080,51.511445,On or near AMERICA SQUARE,E01000005,City of London 001E,Suspect charged
d6112f11e21b474b6dd9a6d78d975e402734ad4973a3e6437c88431e741f95e9,2018-12,City of London Police,City of London Police,-0.102668,51.513560,On or near LUDGATE BROADWAY,E01032739,City of London 001F,Suspect charged
17c4e2893062dcec4cc44e7a5587691fe42e9203016e09ad8d9281279d9f9838,2018-12,City of London Police,City of London Police,-0.106922,51.514204,On or near FLEET STREET,E01032740,City of London 001G,Local resolution
505a1738aaabda97818b2383f13dcb94b42af9e5f6c4a99ca3db366923289712,2018-12,City of London Police,City of London Police,-0.079786,51.517576,On or near Police Station,E01032739,City of London 001F,Suspect charged
505a1738aaabda97818b2383f13dcb94b42af9e5f6c4a99ca3db366923289712,2018-12,City of London Police,City of London Police,-0.079786,51.517576,On or near Police Station,E01032739,City of London 001F,Suspect charged
9726f856ada2f5df41f77da12840fd9db67467efb0b029f34bbe54c87bd4a827,2018-12,City of London Police,City of London Police,-0.086764,51.510307,On or near FISH STREET HILL,E01032739,City of London 001F,Suspect charged
1d06f62e76b4be5ef830db91f46f7d19ab8ffedf9fa97646ec3fbe0e2efb65e4,2018-12,City of London Police,City of London Police,-0.081890,51.515173,On or near ST HELEN'S PLACE,E01032739,City of London 001F,Suspect charged
f1d246b89ad6467e7e301a85f5662e2c717e74b24f618a5b717b7d69134e0f0b,2018-12,City of London Police,City of London Police,-0.105900,51.516966,On or near PLUMTREE COURT,E01032740,City of London 001G,Suspect charged
68c8171c9809a9f17095465f5bacf373ac8c51b677a3a588cb6b734b5eff6c0f,2018-12,City of London Police,City of London Police,-0.085257,51.511200,On or near TALBOT COURT,E01032739,City of London 001F,Suspect charged
396aad88327a352ef5320d140f7a7a19e504310a8a0d8deecd5385adc5759992,2018-12,City of London Police,City of London Police,-0.084967,51.512598,On or near BELL INN YARD,E01032739,City of London 001F,Suspect charged
16e8e7697f00c7553b82db425f0f68bfeb3a58541e88ee0db935c280fdf5de03,2018-12,City of London Police,City of London Police,-0.084967,51.512598,On or near BELL INN YARD,E01032739,City of London 001F,Suspect charged
44d6cad7756c614b86487722b8428a8f79c83485833cabb49a21d5e3dab91dda,2018-12,City of London Police,City of London Police,-0.100974,51.514450,On or near AMEN CORNER,E01032739,City of London 001F,Suspect charged
8fb695e9c6d64d935d1630425a1a1d2de029506ac2976abb63142bee23597551,2018-12,City of London Police,City of London Police,-0.084967,51.512598,On or near BELL INN YARD,E01032739,City of London 001F,Suspect charged
0e3985e7fbdc84e1d6d00e1d91096a44f9f8ddf34e23224c60e875fa29a27ee4,2018-12,City of London Police,City of London Police,-0.079786,51.517576,On or near Police Station,E01032739,City of London 001F,Suspect charged
b9b6a6a4e90bd608f71acd399be3264efd68039bd731104e87795e19bd2cedf2,2018-12,City of London Police,City of London Police,-0.075844,51.511594,On or near CROSSWALL,E01000005,City of London 001E,Offender given a caution
c25cbb676514caf3917dc56576d36f535c4c6a400a073494cc66d052fd4cafa7,2018-12,City of London Police,City of London Police,-0.079786,51.517576,On or near Police Station,E01032739,City of London 001F,Suspect charged
70a163ffba34e5ab8397ce82b7711941d0365fe1429f8bba034545a6970f62d5,2018-12,City of London Police,City of London Police,-0.081620,51.516814,On or near ALDERMAN'S WALK,E01032739,City of London 001F,Offender given a caution
73520eb82d4091ce64b9176dd7185e39e4d8763ce28ff0903a662210955343bf,2018-12,City of London Police,City of London Police,-0.092719,51.512652,On or near QUEEN VICTORIA STREET,E01032739,City of London 001F,Offender given a caution
bda4f36d83e6c72988cde27c76798cf62b30f9084dc6d499a0d583d6519a7803,2018-12,City of London Police,City of London Police,-0.078484,51.517680,On or near CATHERINE WHEEL ALLEY,E01032739,City of London 001F,Offender given a drugs possession warning
ca02446e22f0eefc406f92e6a73b5f4ffad0c341222edca32fe9926fe2ce0c4d,2018-12,City of London Police,City of London Police,-0.074901,51.506255,On or near A100,E01004293,Tower Hamlets 027B,Local resolution
515b85777d10b9302c9c6cfeec4cf16348c4316afe530b0f1b1240c5ca797319,2018-12,City of London Police,City of London Police,-0.089451,51.517032,On or near Bus/Coach Station,E01032739,City of London 001F,Suspect charged
551b34da6cd96aacd7a8b826e25d0f66d19b7fc17d61e96388e041119be23f3c,2018-12,City of London Police,City of London Police,-0.085257,51.511200,On or near TALBOT COURT,E01032739,City of London 001F,Suspect charged
b5542d13464e44a044061c08f785ed74a685d45a33b32e8ded49cfd3fa9ce47c,2018-12,City of London Police,City of London Police,-0.089451,51.517032,On or near Bus/Coach Station,E01032739,City of London 001F,Suspect charged
5427e361736053752070444db47735dd79cbb576763e2c9d389469288caf04c7,2018-12,City of London Police,City of London Police,,,No location,,,Offender given a drugs possession warning
a14cbdcb906f57a744972461677d1352f1c8fb6ae79b3b51f1c362c5c666d102,2018-12,City of London Police,City of London Police,-0.082965,51.516351,On or near WORMWOOD STREET,E01032739,City of London 001F,Offender given a caution
dcd654b9d79b5f0edd24dcdee5a92c2dfd87d4ecad0daeed1a7e1442dc93ba7d,2018-12,City of London Police,City of London Police,-0.078591,51.520290,On or near SPITAL YARD,E01004307,Tower Hamlets 015B,Suspect charged
6b17411bd4160ec2c674cd4a3475680db53b22f7fa652bad9e2db0e429fdcb11,2018-12,City of London Police,City of London Police,-0.086655,51.519783,On or near LACKINGTON STREET,E01002704,Islington 023D,Offender given a drugs possession warning
96a9c369ad836037ea233334586812ed134b189750d41ea805391a71b26751fa,2018-12,City of London Police,City of London Police,-0.076686,51.517588,On or near Parking Area,E01004307,Tower Hamlets 015B,Offender given a drugs possession warning
3a79a65e1fb28bb2251293f1d0522c351cbbbeb3a888b0bc9ede538d5d3d2829,2018-12,City of London Police,City of London Police,-0.092625,51.513865,On or near CHEAPSIDE,E01032739,City of London 001F,Suspect charged
d04113dd3c64dedc5278ecf18b5f59904535a6e370670fdd8cc8be529bb5362c,2018-12,City of London Police,City of London Police,-0.081620,51.516814,On or near ALDERMAN'S WALK,E01032739,City of London 001F,Offender given a drugs possession warning
68785b47936cb0b5d0f5e74786c21de9f0d5bd39d3ac7db7c252f4f7fe703a2a,2018-12,City of London Police,City of London Police,-0.081281,51.512528,On or near FENCHURCH AVENUE,E01032739,City of London 001F,Offender given a caution
290b48d47dd5231043cd7d7254f373ac9c997ac836834768c60ef012fbd1a2be,2018-12,City of London Police,City of London Police,-0.080376,51.517244,On or near Supermarket,E01032739,City of London 001F,Suspect charged
8fa0d37a2c9c78377ca7bc54d5a4718cf2e820977310481f1ae7283bcbc3503e,2018-12,City of London Police,City of London Police,-0.077392,51.516233,On or near HARROW PLACE,E01000005,City of London 001E,Offender given a caution
a957773a8ebbc8059a39dde1facfa56be2b86eb5db6ac881eac7d99b3530379d,2018-12,City of London Police,City of London Police,-0.080376,51.517244,On or near Supermarket,E01032739,City of London 001F,Suspect charged
683fc0aa9384c3fd2e1ec141070f6b51cce7da10e646a6b0642895387304b90a,2018-12,City of London Police,City of London Police,-0.078250,51.515033,On or near HOUNDSDITCH,E01000005,City of London 001E,Offender given a caution
57bc44fb7bec6f0a85f9cd18b1e4c89fb72e9c20299b8564b0e6e54d226fc223,2018-12,City of London Police,City of London Police,-0.096659,51.511133,On or near UPPER THAMES STREET,E01032739,City of London 001F,Suspect charged
e551629ece1256fbd627b34a413f7880dc4138bb638ad894f35524be60edcb58,2018-12,City of London Police,City of London Police,-0.081620,51.516814,On or near ALDERMAN'S WALK,E01032739,City of London 001F,Offender given a caution
9f6213cd731011a1f8d68d5c95a2b1c659804874dc89a94e78d268e4f0fac5b7,2018-12,City of London Police,City of London Police,-0.074958,51.514151,On or near ALDGATE HIGH STREET,E01000005,City of London 001E,Offender given a drugs possession warning
a3e86d1738a54c53a95782a41de80941ab64c492c0452ec0f2d49a6c96bb1582,2018-12,City of London Police,City of London Police,-0.081912,51.516370,On or near Conference/Exhibition Centre,E01032739,City of London 001F,Suspect charged
a30ca2a70e9ffdf4b29bffe21a03b642a13124934884409b4c1e2a29665ec63a,2018-12,City of London Police,City of London Police,-0.078806,51.516193,On or near DEVONSHIRE SQUARE,E01000005,City of London 001E,Local resolution
f53930c58401c77c221e9d2d48ea13cbd4953ac78b0c5f47d0f0570ff7275ee8,2018-12,City of London Police,City of London Police,-0.105900,51.516966,On or near PLUMTREE COURT,E01032740,City of London 001G,Offender given a drugs possession warning
f13fac734292428c9dc2308b5ff7559f389d8078baaa2b295d2462e5d7b278ba,2018-12,City of London Police,City of London Police,-0.084967,51.512598,On or near BELL INN YARD,E01032739,City of London 001F,Local resolution
0adce5565a2d10864480f804e9191acaa479a006de9002799ea86cdefc3309c2,2018-12,City of London Police,City of London Police,-0.104001,51.513051,On or near APOTHECARY STREET,E01032739,City of London 001F,Offender given a drugs possession warning
f2560f439d799cd5cf91b3cba7ba960b0804960666e066e0b7959c7de42d2720,2018-12,City of London Police,City of London Police,-0.079786,51.517576,On or near Police Station,E01032739,City of London 001F,Suspect charged
e0f0e554a56ab10e1e5fb61d02ab31aff49ce804f2a88b10ac4737534c6af4a3,2018-12,City of London Police,City of London Police,-0.097562,51.518864,On or near Parking Area,E01000001,City of London 001A,Offender given a drugs possession warning
6e5b86067003232be4f283eec4328996d25501547885543bf4898e5135f26e57,2018-12,City of London Police,City of London Police,-0.088203,51.518262,On or near MOORGATE,E01032739,City of London 001F,Suspect charged
6853982ef401d9ec2995c4ad5b95480e07b7438b5f029ba1d4a2eb6f76581e9c,2018-12,City of London Police,City of London Police,-0.086976,51.519015,On or near SOUTH PLACE,E01002704,Islington 023D,Suspect charged
8f4f6543b56044fd4167da07690754e622ada0bbdd799f9c1d1a0ec411a4fbcf,2018-12,City of London Police,City of London Police,-0.084967,51.512598,On or near BELL INN YARD,E01032739,City of London 001F,Suspect charged
041a1e27c0b8416ba9835e4aa9231be06ebe9b8a5616f9b5f51e07d7eeb1146a,2018-12,City of London Police,City of London Police,-0.088727,51.513333,On or near Pedestrian Subway,E01032739,City of London 001F,Offender given penalty notice
be6f445406d96e4c1bcd94896739e329b1299cfad614848fe22dfaa7a71abb65,2018-12,City of London Police,City of London Police,-0.078856,51.518433,On or near ARTILLERY LANE,E01032739,City of London 001F,Offender given a caution
be6f445406d96e4c1bcd94896739e329b1299cfad614848fe22dfaa7a71abb65,2018-12,City of London Police,City of London Police,-0.078856,51.518433,On or near ARTILLERY LANE,E01032739,City of London 001F,Offender given a caution
be6f445406d96e4c1bcd94896739e329b1299cfad614848fe22dfaa7a71abb65,2018-12,City of London Police,City of London Police,-0.078856,51.518433,On or near ARTILLERY LANE,E01032739,City of London 001F,Offender given a caution
738bba9c777228656608c50a8360a333e96c955902d81eb50a55473a70eae4c5,2018-12,City of London Police,City of London Police,,,No location,,,Offender given a drugs possession warning
b3e3733e1e11e249e339518d63d72d66fe82ce2346e389a79a661e963559a21b,2018-12,City of London Police,City of London Police,,,No location,,,Offender given a drugs possession warning
c360f065e9e593c3d07df641adc9c852f20f0d13b8d8e815db4c97f42818b849,2018-12,City of London Police,City of London Police,-0.083695,51.512352,On or near LIME STREET PASSAGE,E01032739,City of London 001F,Suspect charged
4864a2fa45df284d9a8ff2b637ae390d895a7075df700a9a393128c698a06d40,2018-12,City of London Police,City of London Police,-0.084967,51.512598,On or near BELL INN YARD,E01032739,City of London 001F,Suspect charged
e4ed380acc90d7d6eb2be3be96499ec11c3da3bf57eaa99b1c2fdbccaf7df3c8,2018-12,City of London Police,City of London Police,-0.084967,51.512598,On or near BELL INN YARD,E01032739,City of London 001F,Offender given a caution
e4ed380acc90d7d6eb2be3be96499ec11c3da3bf57eaa99b1c2fdbccaf7df3c8,2018-12,City of London Police,City of London Police,-0.084967,51.512598,On or near BELL INN YARD,E01032739,City of London 001F,Offender given a caution
648a3b4164fd7e256001aabc94d83b82fc9a4259930920261fdf919ba10306c0,2018-12,City of London Police,City of London Police,-0.079786,51.517576,On or near Police Station,E01032739,City of London 001F,Suspect charged
093e468a46cdd48cabebc5603e0f64ee91ed7143570b4e4c45c4ee8ce35bf0b1,2018-12,City of London Police,City of London Police,-0.078856,51.518433,On or near ARTILLERY LANE,E01032739,City of London 001F,Offender given penalty notice
7990c9e5f3304dbe5cd2eacf0acf5f34c38810e34e4f7c83bc8797858e1ca6f0,2018-12,City of London Police,City of London Police,-0.074958,51.514151,On or near ALDGATE HIGH STREET,E01000005,City of London 001E,Offender given a drugs possession warning
0814fef8659608d9d22c86df39bab2ab29efb407411f064e749d07d8c3d32bc7,2018-12,City of London Police,City of London Police,-0.104001,51.513051,On or near APOTHECARY STREET,E01032739,City of London 001F,Suspect charged
82552e4441f8c67a844537fc92b36690dd1092031c76552b30e0ffa5e1f4e814,2018-12,City of London Police,City of London Police,-0.084967,51.512598,On or near BELL INN YARD,E01032739,City of London 001F,Offender given a caution
2ff6e920efced344f881241b4428929c2ad343e9dc398f5403007ead322046d9,2018-12,City of London Police,City of London Police,-0.087760,51.517149,On or near LONDON WALL,E01032739,City of London 001F,Unable to prosecute suspect
208f949a4f2962b729c222144be4926575f6f10517ca5e1a7c1e850ab97732bf,2018-12,City of London Police,City of London Police,-0.081281,51.512528,On or near FENCHURCH AVENUE,E01032739,City of London 001F,Unable to prosecute suspect
cc19aca71ab50fb2ad4d9a805b4f53bd382bbea948989131eb2f05ccd5aa34d0,2018-12,City of London Police,City of London Police,-0.087760,51.517149,On or near LONDON WALL,E01032739,City of London 001F,Unable to prosecute suspect
8ca1fae8cff5bb872eaa7b52c3d3ab359b73001ed69a27d096e42b5da0d0b1f3,2018-12,City of London Police,City of London Police,-0.097645,51.515142,On or near ST MARTIN'S LE GRAND,E01032739,City of London 001F,Unable to prosecute suspect
bbd42552c71099b700a0a30d8a4998b5ff6fcb15a8a923504123fed61f979374,2018-12,City of London Police,City of London Police,-0.110735,51.517836,On or near Further/Higher Educational Building,E01032740,City of London 001G,Unable to prosecute suspect
0a41c5a6cff77d88a6a13c9809015c07d4de91463a0844926bb1e3a41f347826,2018-12,City of London Police,City of London Police,-0.087118,51.513199,On or near Nightclub,E01032739,City of London 001F,Investigation complete; no suspect identified
9d45b5f675e6e18aa71cacc7fcd0917e0231e505a448a10146b43c9441c0c786,2018-12,City of London Police,City of London Police,-0.095381,51.521391,On or near VISCOUNT STREET,E01000003,City of London 001C,Unable to prosecute suspect
8298302bd8a03a898624759e95b8922a98c35b8ae0925d50055a04dfb5abf660,2018-12,City of London Police,City of London Police,-0.080244,51.511828,On or near MARK LANE,E01032739,City of London 001F,Investigation complete; no suspect identified
d412ee6d86c13042a455b21081616767502504e33383af346caa4db5814bad24,2018-12,City of London Police,City of London Police,,,No location,,,Unable to prosecute suspect
a2d7f456977e6b18c3475fe02ce692d8c84ddb5484fc8e8be49a985d44302ddc,2018-12,City of London Police,City of London Police,-0.084618,51.512682,On or near GRACECHURCH STREET,E01032739,City of London 001F,Unable to prosecute suspect
cf66cee3057413e2e8b16004d9e2ef876538d968a680cd96a800f0f90559d14e,2018-12,City of London Police,City of London Police,-0.088766,51.519620,On or near ROPEMAKER STREET,E01002704,Islington 023D,Unable to prosecute suspect
831dbac2c9fad66115b3917a4cc41d0ec92215fccc51f4d2d750840d06d2d504,2018-12,City of London Police,City of London Police,-0.083079,51.511578,On or near FENCHURCH STREET,E01032739,City of London 001F,Investigation complete; no suspect identified
1952c0a50965e383348d81016780b387dca0fbae740dcfb724a1a1305f4b4991,2018-12,City of London Police,City of London Police,-0.101452,51.512650,On or near ST ANDREW'S HILL,E01032739,City of London 001F,Unable to prosecute suspect
d82e9a724dc83478d978a1dea88d97af6ac2031730abead7b4740974e185a4ad,2018-12,City of London Police,City of London Police,-0.076592,51.514367,On or near Pedestrian Subway,E01000005,City of London 001E,Unable to prosecute suspect
56d308e961ce5e9985817018f66cbaec786647775ef0e5e08caf5191820547eb,2018-12,City of London Police,City of London Police,-0.110592,51.516062,On or near BREAM'S BUILDINGS,E01032740,City of London 001G,Unable to prosecute suspect
4183f8a66a832f67dff726cdf58469810eef13072203445ebeaad2b92cc3c134,2018-12,City of London Police,City of London Police,-0.083972,51.510549,On or near LOVAT LANE,E01032739,City of London 001F,Investigation complete; no suspect identified
96ce96e6e88324a6948d139eeb26b5112634f63921a0e3d1a0732f86d18fb3af,2018-12,City of London Police,City of London Police,,,No location,,,Investigation complete; no suspect identified
c2b6817f8a7cbf52cd7f8b1ec4f5b9d9af8e20a8a293579a40d5910503eaf6ad,2018-12,City of London Police,City of London Police,,,No location,,,Investigation complete; no suspect identified
11ffea8396f8476893bde6b2401a3a438fe1e1200b9a8f76a431a55fc334aec3,2018-12,City of London Police,City of London Police,-0.109709,51.517909,On or near HIGH HOLBORN,E01032740,City of London 001G,Investigation complete; no suspect identified
d54e51d3de8a79c8ffafffe0ddda7b142aeb99827204d4f6f7ad7cc6f07f4c7f,2018-12,City of London Police,City of London Police,-0.084251,51.520059,On or near SUN STREET,E01032739,City of London 001F,Investigation complete; no suspect identified
5dd2caaaf4b0f5d74f74cbbe2ab31a949edeefacce33f02f5137261b3ca15b26,2018-12,City of London Police,City of London Police,-0.111181,51.516476,On or near CURSITOR STREET,E01032740,City of London 001G,Investigation complete; no suspect identified
8c99c74aed6e9814aac7524e2fc5489a71ee2c8efa48b777617730d117f2a49f,2018-12,City of London Police,City of London Police,-0.079786,51.517576,On or near Police Station,E01032739,City of London 001F,Investigation complete; no suspect identified
f5bb1a26d9cf476155dcb3a8c221926b62d80b1458ab33f8f54a388df6c3309d,2018-12,City of London Police,City of London Police,-0.101055,51.513552,On or near CREED LANE,E01032739,City of London 001F,Investigation complete; no suspect identified
60eba19d91e3b7407a0753354927a323bf1b63149b0f340af7f78b1448a2ca04,2018-12,City of London Police,City of London Police,-0.081281,51.512528,On or near FENCHURCH AVENUE,E01032739,City of London 001F,Unable to prosecute suspect
c54d53209b4f20eb304c836d7b4ba6fd6837b68f32d31f6ffa5d09f76a6660b4,2018-12,City of London Police,City of London Police,-0.106214,51.513905,On or near SALISBURY COURT,E01032740,City of London 001G,Formal action is not in the public interest
0ca27d6d17b8aff3d9d01177b550aaf7d6a855435654634bd28a3444701aab16,2018-12,City of London Police,City of London Police,,,No location,,,Unable to prosecute suspect
e302729276623cef29430fabaeb724bb1b38aaf854a7f87bbc130f848d657f97,2018-12,City of London Police,City of London Police,-0.088393,51.511332,On or near ABCHURCH LANE,E01032739,City of London 001F,Unable to prosecute suspect
77ec1e86d2fbfd7a4bdc9b4672a06e3f0f9d03d42a8765624dd22c56b25d9008,2018-12,City of London Police,City of London Police,-0.106680,51.515882,On or near Parking Area,E01032740,City of London 001G,Unable to prosecute suspect
491eccd01d73fc44251010c2fe0557a807c106628a508303c1ee6e411a59b90a,2018-12,City of London Police,City of London Police,-0.084967,51.512598,On or near BELL INN YARD,E01032739,City of London 001F,Unable to prosecute suspect
c97d27b248af1f66b3f300232866e4ce324ef79effe32296eeb95f09a527dae9,2018-12,City of London Police,City of London Police,-0.081091,51.516014,On or near CAMOMILE STREET,E01032739,City of London 001F,Investigation complete; no suspect identified
ca2faa5a6de52af73f543e4a53b3f484ff2a0d53d4ed05b4b9a91dc620c9bd5f,2018-12,City of London Police,City of London Police,-0.088393,51.511332,On or near ABCHURCH LANE,E01032739,City of London 001F,Investigation complete; no suspect identified
bc9267da80f6b7c2ca6f6e02832a5dbc6619af6fe324eaf343c4cabb8d0bd167,2018-12,City of London Police,City of London Police,-0.087118,51.513199,On or near Nightclub,E01032739,City of London 001F,Investigation complete; no suspect identified
da61abf7a811ea286b814f25c774982a0a14aae63ce06f71a50a829b9e052cef,2018-12,City of London Police,City of London Police,-0.108164,51.516571,On or near NEW FETTER LANE,E01032740,City of London 001G,Investigation complete; no suspect identified
847a68eff8285e1726d2b70b4999f1b4e33287d642a07e3476e1df7a4278ee79,2018-12,City of London Police,City of London Police,-0.094206,51.511210,On or near LITTLE TRINITY LANE,E01032739,City of London 001F,Investigation complete; no suspect identified
9e5ac3aebe031425713037774f160c11377e65e631fdef4eb84e0dc13d528dee,2018-12,City of London Police,City of London Police,-0.075389,51.511775,On or near MINORIES,E01000005,City of London 001E,Investigation complete; no suspect identified
1f58073578134929052981a957f56bf47bd8c8ebbae80a932b3f3c638bf1b065,2018-12,City of London Police,City of London Police,-0.082571,51.514753,On or near GREAT ST HELEN'S,E01032739,City of London 001F,Investigation complete; no suspect identified
634d5da98c57d08b39c69851df77f9b9002ad3bfda08c6945510251324ac48ce,2018-12,City of London Police,City of London Police,-0.076459,51.513061,On or near Further/Higher Educational Building,E01000005,City of London 001E,Investigation complete; no suspect identified
dfc9f8ace5a488974abcf8ec79beff358ed2829b71b22271330ab29ca70d6dd6,2018-12,City of London Police,City of London Police,-0.078665,51.509950,On or near MUSCOVY STREET,E01032739,City of London 001F,Investigation complete; no suspect identified
3d363e370b9c9c72df85591cf7b082b9d8b5cb6ebfbc07f43355651f657216c0,2018-12,City of London Police,City of London Police,-0.102930,51.518375,On or near WEST SMITHFIELD,E01032740,City of London 001G,Investigation complete; no suspect identified
3c50ed4010c75fb05f6ca5d91eb8e9676fa09c2c038823b1dc43dfd6355c4822,2018-12,City of London Police,City of London Police,-0.085086,51.515621,On or near AUSTIN FRIARS SQUARE,E01032739,City of London 001F,Investigation complete; no suspect identified
40dd782903ed05b2b09e277f03a7cf57adab14d6955913691bf234f17d388726,2018-12,City of London Police,City of London Police,-0.080728,51.511611,On or near Supermarket,E01032739,City of London 001F,Investigation complete; no suspect identified
2ba8e8d21d3044a795654d50af6c705eee733761810ce2bc45a4dc5f52d7aa1c,2018-12,City of London Police,City of London Police,-0.085173,51.518680,On or near FINSBURY AVENUE,E01032739,City of London 001F,Investigation complete; no suspect identified
886e8b99a98ade5da80c5ea32bb10ee81979e90bdbb87fc9c19519c6e3039925,2018-12,City of London Police,City of London Police,-0.083506,51.509993,On or near ST MARY AT HILL,E01032739,City of London 001F,Investigation complete; no suspect identified
ace242ffc2d05c8413c8e2abf21a988741f7aca3f16e3c5d6122b3758454e33d,2018-12,City of London Police,City of London Police,-0.080665,51.509344,On or near Pedestrian Subway,E01032739,City of London 001F,Investigation complete; no suspect identified
d6517dec8c93797ae3f158df7d320f21f7c37d0fc469e50f0111ec86d2052fef,2018-12,City of London Police,City of London Police,-0.086278,51.509876,On or near FISH STREET HILL,E01032739,City of London 001F,Investigation complete; no suspect identified
f7b5a7a40d7157da7837cf1215ee207826ae558559bd9a7df3687feabb6fdbf7,2018-12,City of London Police,City of London Police,-0.082965,51.516351,On or near WORMWOOD STREET,E01032739,City of London 001F,Investigation complete; no suspect identified
e529ca982793e23f3f3da1157906727a830d98a6ec526804963fff64a52c5a3f,2018-12,City of London Police,City of London Police,-0.109647,51.514887,On or near FETTER LANE,E01032740,City of London 001G,Investigation complete; no suspect identified
6fc9c3ef96559d6e7edd95c795d591ed47a0d1bbd1b07f9856c0553191944dac,2018-12,City of London Police,City of London Police,-0.088042,51.511794,On or near ABCHURCH LANE,E01032739,City of London 001F,Investigation complete; no suspect identified
4f204e110766619ee2c85ca179b2a546d61e1569724313969d2513169c3ebc48,2018-12,City of London Police,City of London Police,-0.106680,51.515882,On or near Parking Area,E01032740,City of London 001G,Investigation complete; no suspect identified
d38e402f05880278e99bc46637fa134df1d8c85d27f83a458986b316d9c7ed2f,2018-12,City of London Police,City of London Police,-0.104973,51.512887,On or near BRIDEWELL PLACE,E01032740,City of London 001G,Investigation complete; no suspect identified
4abb8f2e9d907d0a255a25dedfe8c591d172a5484d386da18e240e1d4828dfb0,2018-12,City of London Police,City of London Police,-0.101452,51.512650,On or near ST ANDREW'S HILL,E01032739,City of London 001F,Unable to prosecute suspect
49417f6e47fe010c215a737ad53086665d82a43d47ef828b9afdffa351edab47,2018-12,City of London Police,City of London Police,-0.080782,51.514804,On or near ST MARY AXE,E01032739,City of London 001F,Investigation complete; no suspect identified
3612a3f2d2756f500aae38ce6a583d1b6d6eeb9bc3c10e3e71198905692ff66e,2018-12,City of London Police,City of London Police,-0.076459,51.513061,On or near Further/Higher Educational Building,E01000005,City of London 001E,Investigation complete; no suspect identified
c36f6532f2bef51d8e1aa8ed50b87e7a721d42abcadb0c4c711112b13addcab1,2018-12,City of London Police,City of London Police,-0.082066,51.516147,On or near WORMWOOD STREET,E01032739,City of London 001F,Investigation complete; no suspect identified
56126e0b1b1385e2bd4c36ecf8bf57147d44bdda1adfff052016c5a082b7a94c,2018-12,City of London Police,City of London Police,-0.092517,51.520580,On or near WHITECROSS STREET,E01000002,City of London 001B,Investigation complete; no suspect identified
65e11824d72cd6b50cfbc099efa39658419f642d960c87cb2284b3cda3aa881b,2018-12,City of London Police,City of London Police,-0.086166,51.510828,On or near EASTCHEAP,E01032739,City of London 001F,Investigation complete; no suspect identified
89efc6b309dab8e41de708217fc4b55104dc5ac36c4308b9d774b06707abdc39,2018-12,City of London Police,City of London Police,-0.081620,51.516814,On or near ALDERMAN'S WALK,E01032739,City of London 001F,Investigation complete; no suspect identified
74c935a9e1fb68a15e3ee8c655b070103f0d3b368a521b8a49e92e81a5a86061,2018-12,City of London Police,City of London Police,-0.093933,51.519812,On or near Conference/Exhibition Centre,E01000002,City of London 001B,Investigation complete; no suspect identified
a8938eb5510cabb2a67458a56572dc5f35dab39a42dc3eba84fc509f4474d2a9,2018-12,City of London Police,City of London Police,-0.079080,51.519615,On or near BISHOPSGATE,E01004307,Tower Hamlets 015B,Investigation complete; no suspect identified
8de9d22f553f0b57c6114c713e992df4d5e7c98cdd5102e1122c107996f99212,2018-12,City of London Police,City of London Police,-0.097645,51.515142,On or near ST MARTIN'S LE GRAND,E01032739,City of London 001F,Investigation complete; no suspect identified
1d45ae1cc5b15450e3b8edd10de480c625d155862e30fe501051a8db906ba62f,2018-12,City of London Police,City of London Police,-0.078250,51.515033,On or near HOUNDSDITCH,E01000005,City of London 001E,Investigation complete; no suspect identified
d6f3a810978ba4207dab7265bf81cf17c9203d3ae8a2bc769e251494215c2525,2018-12,City of London Police,City of London Police,-0.094933,51.513129,On or near BREAD STREET,E01032739,City of London 001F,Investigation complete; no suspect identified
7608042c132e2645dd4d48593914e886dade955e483613883fcff28ef266bba7,2018-12,City of London Police,City of London Police,-0.078856,51.518433,On or near ARTILLERY LANE,E01032739,City of London 001F,Unable to prosecute suspect
ea62af1545cef52ea45ce083076741b223283ce68bc1d3d2335c929847debf70,2018-12,City of London Police,City of London Police,-0.086166,51.510828,On or near EASTCHEAP,E01032739,City of London 001F,Investigation complete; no suspect identified
111e6c53fef98a45032e490275c25d3398208768e57cb0ccfbb59265a1a3e16d,2018-12,City of London Police,City of London Police,-0.074330,51.513647,On or near LITTLE SOMERSET STREET,E01000005,City of London 001E,Investigation complete; no suspect identified
4e79f3ad4c2125963268d2db98ee1c53f0441f004263210ab68b612d862bec35,2018-12,City of London Police,City of London Police,-0.078856,51.518433,On or near ARTILLERY LANE,E01032739,City of London 001F,Investigation complete; no suspect identified
793136b089de54df3c619eaff1e1bed82e72547f61c3afda9f51a4d34e2f1c8d,2018-12,City of London Police,City of London Police,-0.081620,51.516814,On or near ALDERMAN'S WALK,E01032739,City of London 001F,Investigation complete; no suspect identified
5d73b8fdb544b9b251106284f6a37872f6e8728b8dffc2aa4d7eae7f16a56651,2018-12,City of London Police,City of London Police,-0.086166,51.510828,On or near EASTCHEAP,E01032739,City of London 001F,Investigation complete; no suspect identified
3344f4c9c66ff1cdaece8b0caf67c2b085e53df1d0f37d53ef3e918b018c7cd2,2018-12,City of London Police,City of London Police,-0.081620,51.516814,On or near ALDERMAN'S WALK,E01032739,City of London 001F,Investigation complete; no suspect identified
610e23bdf89f9daf1ed6e8229922613895b97faafee8dd02db3bd4ce39e87f76,2018-12,City of London Police,City of London Police,-0.093933,51.519812,On or near Conference/Exhibition Centre,E01000002,City of London 001B,Investigation complete; no suspect identified
f36f2c308da8ca318f09c81dd90c1fa9e5a4fe5abb598664afdb6c7e8fccf23f,2018-12,City of London Police,City of London Police,-0.084618,51.512682,On or near GRACECHURCH STREET,E01032739,City of London 001F,Investigation complete; no suspect identified
30d10d5b6c722ab12dca8d0c4c2037510f5282d3ee429e091337ab0f4675a739,2018-12,City of London Police,City of London Police,-0.110735,51.517836,On or near Further/Higher Educational Building,E01032740,City of London 001G,Investigation complete; no suspect identified
a26ec8645be7d46c5f585f2dcd12c3d05747516eca4c0514390af189b1b9b557,2018-12,City of London Police,City of London Police,-0.078127,51.512135,On or near LLOYD'S AVENUE,E01032739,City of London 001F,Investigation complete; no suspect identified
52c5e01cb354961502d45eaee632b0b07d94b6e6814bc2593693cfb05cd9523b,2018-12,City of London Police,City of London Police,-0.080782,51.514804,On or near ST MARY AXE,E01032739,City of London 001F,Investigation complete; no suspect identified
e813da1cfd6f7f6954808f0723eff20b99a631733a3e11a080988afe3f74dcdc,2018-12,City of London Police,City of London Police,-0.076592,51.514367,On or near Pedestrian Subway,E01000005,City of London 001E,Investigation complete; no suspect identified
396fbeb356e008ca88a5829e4226cd83311d6f1ff7e0053a7a6df4fe2b13bea1,2018-12,City of London Police,City of London Police,-0.096363,51.513377,On or near NEW CHANGE,E01032739,City of London 001F,Investigation complete; no suspect identified
6d7d34abeff5c6ab669a9cd1177cd73ed0ebed885870c3f5399718fa250e918b,2018-12,City of London Police,City of London Police,-0.081620,51.516814,On or near ALDERMAN'S WALK,E01032739,City of London 001F,Investigation complete; no suspect identified
98a33a91bf4a35e979fbbab15b1f6c5819c4337db1b1300c232f044d67af03f5,2018-12,City of London Police,City of London Police,-0.080376,51.517244,On or near Supermarket,E01032739,City of London 001F,Investigation complete; no suspect identified
e9f66198a7d91c3a430b5fabcf2b1e034bfc22b8bafc922ef3cd1c1bb40ebb1c,2018-12,City of London Police,City of London Police,-0.097929,51.521810,On or near GLASSHOUSE YARD,E01033490,Islington 022H,Investigation complete; no suspect identified
ca8f6b9c15ffe65c91ab48d2989187954546bd7e3845ddd4d17563426d10aa11,2018-12,City of London Police,City of London Police,-0.093057,51.520085,On or near Theatre/Concert Hall,E01000002,City of London 001B,Investigation complete; no suspect identified
242cbcee77e5f51d821c1f682eb1cacb45441a9058db9117b13854b990530759,2018-12,City of London Police,City of London Police,-0.101452,51.512650,On or near ST ANDREW'S HILL,E01032739,City of London 001F,Investigation complete; no suspect identified
32e2569c44d5cd1052403462c5910764db8e5e3cdf198be175af95d1930360ba,2018-12,City of London Police,City of London Police,-0.082913,51.513463,On or near LEADENHALL STREET,E01032739,City of London 001F,Investigation complete; no suspect identified
a11d0ef481ced1e7e67616e95e6479117aa754b107a1b3bf461cbbbca57b457b,2018-12,City of London Police,City of London Police,-0.095381,51.521391,On or near VISCOUNT STREET,E01000003,City of London 001C,Investigation complete; no suspect identified
64e9e18187749860fb39a76205ec1d2b169c91c40ab8dc1a6542c5ad8cc6a681,2018-12,City of London Police,City of London Police,-0.081832,51.514507,On or near UNDERSHAFT,E01032739,City of London 001F,Investigation complete; no suspect identified
33cf101795b7ee02f94d890ec9d7eb74818d644dc544ce0d7c685d3a6814b257,2018-12,City of London Police,City of London Police,-0.086655,51.519783,On or near LACKINGTON STREET,E01002704,Islington 023D,Investigation complete; no suspect identified
5287b9dccf56652dc2309299f31148f72d5070279618339475ee71e4e88bec1f,2018-12,City of London Police,City of London Police,-0.088203,51.518262,On or near MOORGATE,E01032739,City of London 001F,Investigation complete; no suspect identified
b735789b66179930cc6fbae5299d9138ad32294652a0184fdf25ddb1175a3db1,2018-12,City of London Police,City of London Police,-0.080376,51.517244,On or near Supermarket,E01032739,City of London 001F,Unable to prosecute suspect
3d6512576ed5d3e1ab00021e8e180ecf023c1601188dc950f44ba83d18a971c8,2018-12,City of London Police,City of London Police,-0.078665,51.509950,On or near MUSCOVY STREET,E01032739,City of London 001F,Investigation complete; no suspect identified
3357b95ca9edbf2d57244c9758713dd3e15e3bc5300e12fa7d4df4c6111ec600,2018-12,City of London Police,City of London Police,-0.108231,51.513928,On or near PLEYDELL STREET,E01032740,City of London 001G,Investigation complete; no suspect identified
16f22c84a1c4f82972b181d67cbd11137b26c46d27fc4b0b6b9caef72296af98,2018-12,City of London Police,City of London Police,-0.083296,51.517058,On or near OLD BROAD STREET,E01032739,City of London 001F,Unable to prosecute suspect
ba2cde2caa988a7d4014ca95e7076ffc99a355be628635f5f684a1b46731f4b7,2018-12,City of London Police,City of London Police,-0.083296,51.517058,On or near OLD BROAD STREET,E01032739,City of London 001F,Unable to prosecute suspect
d7d2daec20a07c20b5f4c469b42f8595f64839d73650fbaeb34f1df096bf7394,2018-12,City of London Police,City of London Police,,,No location,,,Investigation complete; no suspect identified
1b9b556c9827eac561a11b7f7468cdea064885b1ff1da261cbe7be843ceaaae6,2018-12,City of London Police,City of London Police,-0.078665,51.509950,On or near MUSCOVY STREET,E01032739,City of London 001F,Investigation complete; no suspect identified
a2d1b2d7496c8da4f4e37012c94fff78cec2d3fc90d7f8ac97828cc68ce1493b,2018-12,City of London Police,City of London Police,-0.084621,51.510200,On or near BOTOLPH LANE,E01032739,City of London 001F,Investigation complete; no suspect identified
0aba3d9b9b59bc66ebdeaa05ec76e2e95971602893609d175f5b423ff2103416,2018-12,City of London Police,City of London Police,-0.092321,51.513194,On or near PANCRAS LANE,E01032739,City of London 001F,Investigation complete; no suspect identified
98f900fec045bf6e259e09550a0afa2eb4e5b000a5a71363a1d236ebe6877158,2018-12,City of London Police,City of London Police,-0.085173,51.518680,On or near FINSBURY AVENUE,E01032739,City of London 001F,Investigation complete; no suspect identified
c7523c2fb698f979bd9dc6fb0c8f86c099fd7b1850268d0e6f87fe14e8cfc983,2018-12,City of London Police,City of London Police,-0.093257,51.513920,On or near BOW LANE,E01032739,City of London 001F,Investigation complete; no suspect identified
7d2b599b3431fb643b12b6ea9e78f3bf1585bba9c80674dd6f8139246e1eceb7,2018-12,City of London Police,City of London Police,-0.076095,51.512462,On or near VINE STREET,E01000005,City of London 001E,Investigation complete; no suspect identified
af3780ee7a90727d161e582caa377a6aabecdbc673c864d70c9d1248df88a9e9,2018-12,City of London Police,City of London Police,-0.088042,51.511794,On or near ABCHURCH LANE,E01032739,City of London 001F,Investigation complete; no suspect identified
6744656d4680deb28383d007f665c669a53845c39a8141f4570e13ece0cf7a1b,2018-12,City of London Police,City of London Police,-0.075196,51.512609,On or near ST CLARE STREET,E01000005,City of London 001E,Investigation complete; no suspect identified
c678f8f025618b2f52e6c1a604d9a187edb10f18fd308560e6c180fcdb5b55de,2018-12,City of London Police,City of London Police,-0.109647,51.514887,On or near FETTER LANE,E01032740,City of London 001G,Investigation complete; no suspect identified
8ec2214a57ad6d30ab8718edef496971bf2fa6ba94ac383e1ea190bca5ef5446,2018-12,City of London Police,City of London Police,-0.102741,51.513885,On or near PAGEANTMASTER COURT,E01032740,City of London 001G,Investigation complete; no suspect identified
2e7fb5e2b2bd66458a0de9baff136462f43ecaea7a58237c7f729ccb76c5b111,2018-12,City of London Police,City of London Police,-0.086175,51.510945,On or near GRACECHURCH STREET,E01032739,City of London 001F,Investigation complete; no suspect identified
e95b8be00ce093b080d60c86f2267088f08d2afa6011a63511675a33c62b1bb4,2018-12,City of London Police,City of London Police,-0.094582,51.517376,On or near Parking Area,E01000002,City of London 001B,Investigation complete; no suspect identified
2b04cf0c4dc78e1911437e24755a4c9c1ca1448bac47ecba4bba5368cadb83e5,2018-12,City of London Police,City of London Police,-0.091151,51.514992,On or near GRESHAM STREET,E01032739,City of London 001F,Investigation complete; no suspect identified
e79cb5d09c70887560f56097aec30326bda7eda69bea6f49ab1fe5c42d1112a2,2018-12,City of London Police,City of London Police,-0.086728,51.510477,On or near KING WILLIAM STREET,E01032739,City of London 001F,Investigation complete; no suspect identified
02d3f15605e77c92231dc4ff45d406507d55c9c9c9c8aa7b4a21ef00ed946c57,2018-12,City of London Police,City of London Police,-0.081912,51.516370,On or near Conference/Exhibition Centre,E01032739,City of London 001F,Investigation complete; no suspect identified
a0cb192302cdd49dd26acce3de324ef0206caf96f2ce8b52f2b5dea7262937dc,2018-12,City of London Police,City of London Police,-0.112939,51.518231,On or near SOUTHAMPTON BUILDINGS,E01032740,City of London 001G,Investigation complete; no suspect identified
1b29c9378dfa06ee8c2b6bd685825e3ddc6788bfba2c712550eacd94ab478e32,2018-12,City of London Police,City of London Police,-0.092517,51.520580,On or near WHITECROSS STREET,E01000002,City of London 001B,Investigation complete; no suspect identified
f077887092e444b70e1af617cd27efa48cb8a5f2f39e193b7f542123f70fffab,2018-12,City of London Police,City of London Police,-0.109826,51.516814,On or near NORWICH STREET,E01032740,City of London 001G,Investigation complete; no suspect identified
da23dcd253ab7f075d412c026bea8a043d8b92e3da0b5957b03f0242cde6c545,2018-12,City of London Police,City of London Police,-0.101452,51.512650,On or near ST ANDREW'S HILL,E01032739,City of London 001F,Unable to prosecute suspect
b9d7a03d140bcaa41762f43b6091e148ef05c255952a66e6dc0493791007521f,2018-12,City of London Police,City of London Police,-0.079448,51.511554,On or near FENCHURCH PLACE,E01032739,City of London 001F,Investigation complete; no suspect identified
e1a636efbe55935a4d9a9668d61a260585955e43d53b19c12bca44f87ea1651c,2018-12,City of London Police,City of London Police,-0.086278,51.509876,On or near FISH STREET HILL,E01032739,City of London 001F,Investigation complete; no suspect identified
b5421a6ba55978a51a106ef3dad4ad5921550d1757727d713b7977fe9d5957ad,2018-12,City of London Police,City of London Police,-0.084618,51.512682,On or near GRACECHURCH STREET,E01032739,City of London 001F,Investigation complete; no suspect identified
b35b46874a808587002d95c413b40b98da59eaba12e1cf1fa2c925b5054231b0,2018-12,City of London Police,City of London Police,-0.079786,51.517576,On or near Police Station,E01032739,City of London 001F,Investigation complete; no suspect identified
da64d449b4820a0fa2aee427fd6dfdf1726d6ebf6469f1f16a693cba38e8713a,2018-12,City of London Police,City of London Police,-0.082913,51.513463,On or near LEADENHALL STREET,E01032739,City of London 001F,Investigation complete; no suspect identified
5f421c9d0eb867b19ef56c8fc5bd179a27a7ae4e424be0b9a7c1d19e08f09dce,2018-12,City of London Police,City of London Police,-0.090804,51.511560,On or near DOWGATE HILL,E01032739,City of London 001F,Investigation complete; no suspect identified
0cf95ba49f105a9c6cec6802c752308fe7eff389dab2dc2444f7d57678c256af,2018-12,City of London Police,City of London Police,-0.097053,51.518262,On or near ALDERSGATE STREET,E01000001,City of London 001A,Investigation complete; no suspect identified
3db988d99e184d5a52db188bb161ff7c70759a17aa2816ab76d810810e10eaf2,2018-12,City of London Police,City of London Police,-0.086175,51.510945,On or near GRACECHURCH STREET,E01032739,City of London 001F,Investigation complete; no suspect identified
6bb4c2456384f2762ca39734b7ab87b78e9ff19dc2cb3a20ddef9f09cf1ec0ef,2018-12,City of London Police,City of London Police,-0.106922,51.514204,On or near FLEET STREET,E01032740,City of London 001G,Investigation complete; no suspect identified
2c89e20d0387e4f3aaaf709ac8b908b918314a0b67537106f204cabe037853ac,2018-12,City of London Police,City of London Police,-0.104494,51.509848,On or near A201,E01032739,City of London 001F,Unable to prosecute suspect
971eea7a9a9a5e50350213201a5506f246dacf422feb34dee9df132a7e976363,2018-12,City of London Police,City of London Police,-0.088621,51.518619,On or near MOORFIELDS,E01000002,City of London 001B,Investigation complete; no suspect identified
4ad4fa4dcdc6cc6e8537670d18850af81c64245c554fc3d15bf5f0866d2929a8,2018-12,City of London Police,City of London Police,-0.099933,51.519720,On or near LINDSEY STREET,E01032740,City of London 001G,Investigation complete; no suspect identified
be502a2f519d0fed05454b538722411afa3a0ee30d44cfc795abf3e5c7ea691a,2018-12,City of London Police,City of London Police,-0.092077,51.512147,On or near TOWER ROYAL,E01032739,City of London 001F,Investigation complete; no suspect identified
72bd83d79ecb540f96058a8537945e2e4737c58faf32b6b4b3c8d68b39f07f25,2018-12,City of London Police,City of London Police,-0.090506,51.513524,On or near POULTRY,E01032739,City of London 001F,Investigation complete; no suspect identified
0d47f5967dc836115c2a15de608308dbd78d02f1a1afcd4d9d616cebe09363c5,2018-12,City of London Police,City of London Police,-0.082458,51.517431,On or near LIVERPOOL STREET,E01032739,City of London 001F,Investigation complete; no suspect identified
5e1b61f185b2b3f20013672fa8a019830b0008b9d8e4e1c9d62cc0744e53c5bd,2018-12,City of London Police,City of London Police,-0.101452,51.512650,On or near ST ANDREW'S HILL,E01032739,City of London 001F,Unable to prosecute suspect
238b52ed3136e38373467e879991685155f1cc9c404377d09ef85140c2e47da9,2018-12,City of London Police,City of London Police,-0.094464,51.512959,On or near WATLING COURT,E01032739,City of London 001F,Investigation complete; no suspect identified
5f947c71ac5b4ea5c2b8eac48619650e97c5bc2de314e8e3e7f94e47eb6ab3bf,2018-12,City of London Police,City of London Police,-0.093629,51.515005,On or near MILK STREET,E01000002,City of London 001B,Investigation complete; no suspect identified
ccfc455309e5f5c1d4f63abe2e1a9c954aa8f2076addb4733252614de421d6a7,2018-12,City of London Police,City of London Police,-0.087780,51.508066,On or near BOROUGH HIGH STREET,E01032739,City of London 001F,Investigation complete; no suspect identified
005fbb182b80b5b56515f43473318696ef2ef3b4a11f0487cdaa14f8f3499d8a,2018-12,City of London Police,City of London Police,-0.097645,51.515142,On or near ST MARTIN'S LE GRAND,E01032739,City of London 001F,Investigation complete; no suspect identified
8bf88edbf67d508c4e26b5794784a15c91449495f2cee84c749f95b36e816cb0,2018-12,City of London Police,City of London Police,-0.096363,51.513377,On or near NEW CHANGE,E01032739,City of London 001F,Investigation complete; no suspect identified
5f0d5a669eb532ea7ef82555f8632768cb1f7e9012d534d654f2fc3ddaf58bf1,2018-12,City of London Police,City of London Police,-0.080376,51.517244,On or near Supermarket,E01032739,City of London 001F,Formal action is not in the public interest
77886ccdd40ec395b75fa460fd415e4a4bf355802bd08e55ed6dfbde246a0cde,2018-12,City of London Police,City of London Police,-0.097645,51.515142,On or near ST MARTIN'S LE GRAND,E01032739,City of London 001F,Investigation complete; no suspect identified
ac8875c2e743bae37768f98966a2555681b5e4e5c606f131e8a9e1d586027c1b,2018-12,City of London Police,City of London Police,-0.097053,51.518262,On or near ALDERSGATE STREET,E01000001,City of London 001A,Investigation complete; no suspect identified
794444a4d595ebc35c57d349de70eaf9382aa9faa722c981ddd7056d8cea7157,2018-12,City of London Police,City of London Police,-0.081516,51.510014,On or near GREAT TOWER STREET,E01032739,City of London 001F,Investigation complete; no suspect identified
5e3241abe0e4c8aadeb798efc0098f77a7354ea2fdeb57dc2a51ff3ffd2b59f7,2018-12,City of London Police,City of London Police,-0.078665,51.509950,On or near MUSCOVY STREET,E01032739,City of London 001F,Investigation complete; no suspect identified
5716363bbcfc4aede0d059a885962c8d7d94f71382dc347f817927aca8a6d1e0,2018-12,City of London Police,City of London Police,0.012680,51.537896,On or near AMITY ROAD,E01003635,Newham 016D,Investigation complete; no suspect identified
1455aa4025e6808463f4ccfd9dc7a7285ea80ee4e8aac758e90edca3600fa587,2018-12,City of London Police,City of London Police,-0.080782,51.514804,On or near ST MARY AXE,E01032739,City of London 001F,Offender given conditional discharge
8fb695e9c6d64d935d1630425a1a1d2de029506ac2976abb63142bee23597551,2018-12,City of London Police,City of London Police,-0.084967,51.512598,On or near BELL INN YARD,E01032739,City of London 001F,Offender fined
add0d8add833a592bc67e81d02d9f9efcb8c1663d234f810979d84d47beb5f56,2018-12,City of London Police,City of London Police,-0.108231,51.513928,On or near PLEYDELL STREET,E01032740,City of London 001G,Offender sent to prison
10a9691bb31c22535af7c97684dfa6414db55cb87a4403992de335ba1f28db0b,2018-12,City of London Police,City of London Police,-0.084967,51.512598,On or near BELL INN YARD,E01032739,City of London 001F,Offender sent to prison
9482ba604bc71c26d9f5e9bfc3bf30723191ae9eb64821869687a63a87107f39,2018-12,City of London Police,City of London Police,,,No location,,,Offender sent to prison
b5542d13464e44a044061c08f785ed74a685d45a33b32e8ded49cfd3fa9ce47c,2018-12,City of London Police,City of London Police,-0.089451,51.517032,On or near Bus/Coach Station,E01032739,City of London 001F,Offender given community sentence
c62e778db9d27282bd64f9b9ad26507adc5e75d146a1c851f873f8babaae4861,2018-12,City of London Police,City of London Police,-0.088517,51.515236,On or near KING'S ARMS YARD,E01032739,City of London 001F,Offender sent to prison
7d63610c571582099d579051b35e5202dd98dcfc105e54b85a1ea37886a68236,2018-12,City of London Police,City of London Police,-0.097277,51.515307,On or near ST MARTIN'S LE GRAND,E01000001,City of London 001A,Defendant found not guilty
fe71d8fce306cadefe69e4091e28e40901aca156aea5ec2453b4a6288170bc0c,2018-12,City of London Police,City of London Police,-0.095892,51.516391,On or near NOBLE STREET,E01000001,City of London 001A,Offender sent to prison
bea489a21c706245b52a40f4f69ea796d9ceba2808aee0eb0704f2c2fe4e547a,2018-12,City of London Police,City of London Police,-0.080376,51.517244,On or near Supermarket,E01032739,City of London 001F,Offender given conditional discharge
2737985dcc5d75f3c4d0af7575a782a5533900b00e9ff251cf8a06087076f9a2,2018-12,City of London Police,City of London Police,-0.073065,51.511180,On or near GOODMAN'S YARD,E01000005,City of London 001E,Offender fined
101eebd8a436790e8371e77ff77125df7185d7967b537b26a8ea827f8b480ff1,2018-12,City of London Police,City of London Police,-0.080782,51.514804,On or near ST MARY AXE,E01032739,City of London 001F,Court case unable to proceed
fab8864bf8090add1c9008ba707015e39a384c2cd40545b9ed08b467924bc973,2018-12,City of London Police,City of London Police,-0.076080,51.511445,On or near AMERICA SQUARE,E01000005,City of London 001E,Defendant found not guilty
dc45e2b64666a4788b5d5fea36201cab999b0e27cc1e903b09162dcd5fb14f97,2018-12,City of London Police,City of London Police,-0.081540,51.510806,On or near MINCING LANE,E01032739,City of London 001F,Defendant found not guilty
515b85777d10b9302c9c6cfeec4cf16348c4316afe530b0f1b1240c5ca797319,2018-12,City of London Police,City of London Police,-0.089451,51.517032,On or near Bus/Coach Station,E01032739,City of London 001F,Offender given community sentence
6595c3d3f37726f07e9df52f315077109b7b2c97bdfbae390dafc8e7d66bb16d,2018-12,City of London Police,City of London Police,-0.074958,51.514151,On or near ALDGATE HIGH STREET,E01000005,City of London 001E,Offender fined
dcd654b9d79b5f0edd24dcdee5a92c2dfd87d4ecad0daeed1a7e1442dc93ba7d,2018-12,City of London Police,City of London Police,-0.078591,51.520290,On or near SPITAL YARD,E01004307,Tower Hamlets 015B,Offender fined
a3228daed69487f487e49c62d199daad0aeb0116b65364e901fc3bc83fdf087e,2018-12,City of London Police,City of London Police,-0.076031,51.509547,On or near TOWER HILL,E01004293,Tower Hamlets 027B,Offender fined
c9dcbf20b458e811ca3ecda0ff8c377bbaaa5939f283562f2f6f38eeed3c9251,2018-12,City of London Police,City of London Police,-0.080478,51.527164,On or near Nightclub,E01033708,Hackney 027G,Offender sent to prison
e366f9bb50916a1067287f04acb0bcc49adbd4aaf376adcf92b08890e3a462e7,2018-12,City of London Police,City of London Police,-0.081620,51.516814,On or near ALDERMAN'S WALK,E01032739,City of London 001F,Offender fined
420afa0d9e722bf53820288793948072ede82b436d30365d9dc25d25f68fb3ee,2018-12,City of London Police,City of London Police,-0.096363,51.513377,On or near NEW CHANGE,E01032739,City of London 001F,Offender sent to prison
65d2e90e73e2e2e8924f84dca0bfb6cf61c87aa2a9520552baff5ff9412f70f7,2018-12,City of London Police,City of London Police,-0.080376,51.517244,On or near Supermarket,E01032739,City of London 001F,Offender fined
001df4682327f224b889e074fb748b19c09b7db3f514516beca8019294de61c0,2018-12,City of London Police,City of London Police,-0.097277,51.515307,On or near ST MARTIN'S LE GRAND,E01000001,City of London 001A,Defendant found not guilty
0e3985e7fbdc84e1d6d00e1d91096a44f9f8ddf34e23224c60e875fa29a27ee4,2018-12,City of London Police,City of London Police,-0.079786,51.517576,On or near Police Station,E01032739,City of London 001F,Offender given conditional discharge
d1a75d73636a17fc2e854df0fdb192f3da7bfb9c52fb3dec8ed5a328d41dfa66,2018-12,City of London Police,City of London Police,-0.108231,51.513928,On or near PLEYDELL STREET,E01032740,City of London 001G,Offender sent to prison
abfae0b62e60d756f315df684d95a0650bc0e6c12682ffa9501feee8625a2f17,2018-12,City of London Police,City of London Police,-0.087787,51.510647,On or near MARTIN LANE,E01032739,City of London 001F,Offender given community sentence
6c1ec72a43cdbcd9a2406b00b9afa4c8e9efd8b641928c127a75f11f637096f5,2018-12,City of London Police,City of London Police,-0.081890,51.515173,On or near ST HELEN'S PLACE,E01032739,City of London 001F,Offender sent to prison
84bca7ccb450c737219063e753fcc8d1cc01842622c5480b7fcb7589b14f3648,2018-12,City of London Police,City of London Police,-0.080376,51.517244,On or near Supermarket,E01032739,City of London 001F,Offender given community sentence
033f112bd2dd59d023f75483092b67d55345a9f9344c42e471b09e4c4b0b7f8f,2018-12,City of London Police,City of London Police,-0.084983,51.510494,On or near Supermarket,E01032739,City of London 001F,Offender fined
2737985dcc5d75f3c4d0af7575a782a5533900b00e9ff251cf8a06087076f9a2,2018-12,City of London Police,City of London Police,-0.073065,51.511180,On or near GOODMAN'S YARD,E01000005,City of London 001E,Offender fined
