Crime ID,Month,Reported by,Falls within,Longitude,Latitude,Location,LSOA code,LSOA name,Outcome type
60d03a76d8c92d613b222f08c32b2274f2bf7378194b97fa769c223adbe54d5c,2016-11,City of London Police,City of London Police,-0.089838,51.516067,On or near COLEMAN STREET,E01032739,City of London 001F,Investigation complete; no suspect identified
8282b978280f8b10206bf7d98c104cce026ef58dc1e0bcbc97c3f973882577ac,2016-11,City of London Police,City of London Police,-0.079674,51.514409,On or near BURY STREET,E01032739,City of London 001F,Investigation complete; no suspect identified
b5e044024e02fd5174d4127096e43c2fd29bb874e8615f6f10688388c49629b1,2016-11,City of London Police,City of London Police,-0.082209,51.509639,On or near ST DUNSTAN'S HILL,E01032739,City of London 001F,Suspect charged
fd3a79f57ec9f77b9fed269eeac0ee0f68c8a3eebf562a6672dd5dd5338f9262,2016-11,City of London Police,City of London Police,-0.078994,51.514137,On or near HENEAGE PLACE,E01032739,City of London 001F,Investigation complete; no suspect identified
7866cb7fd5e61e4fa5384ee580f54001f45e3d0b6a6dd545937dfdbd13d99e82,2016-11,City of London Police,City of London Police,-0.080034,51.513389,On or near LEADENHALL STREET,E01032739,City of London 001F,Suspect charged
b91d977713ddb85548d0862093e893792f53f304e0602c94bf46e7e7dfeacd5f,2016-11,City of London Police,City of London Police,-0.103280,51.514109,On or near LUDGATE HILL,E01032740,City of London 001G,Investigation complete; no suspect identified
b7fbf16e77738ef3e552ac42481684e63c946a950aea91c8a60b0fc98b5a6d10,2016-11,City of London Police,City of London Police,-0.082571,51.514753,On or near GREAT ST HELEN'S,E01032739,City of London 001F,Investigation complete; no suspect identified
f7d9d22a265f98c428cc93934902687a917a25646b846103f49ce235f747a3b7,2016-11,City of London Police,City of London Police,-0.092296,51.511386,On or near COLLEGE HILL,E01032739,City of London 001F,Unable to prosecute suspect
d875c63ec0c5622b2ef21cbe2e6a57d7bda7022f99bb28be88c03a1d49645afb,2016-11,City of London Police,City of London Police,-0.107147,51.517130,On or near ST ANDREW STREET,E01032740,City of London 001G,Unable to prosecute suspect
7fe8abd759433ded4c9dc8fb583a09c9bfcb9d2403a8f07bf5be48b86e3c9a8b,2016-11,City of London Police,City of London Police,-0.091720,51.513454,On or near Supermarket,E01032739,City of London 001F,Local resolution
e2f6527370ccca313d94b6da8f8ab67f7ae65a492f1ed567ae09fa5614a3820b,2016-11,City of London Police,City of London Police,-0.085173,51.518680,On or near FINSBURY AVENUE,E01032739,City of London 001F,Investigation complete; no suspect identified
956bd45e97c358d7c9cab2b53f4fd8b5f1bab76f157eda6eaa3e4969abec68d5,2016-11,City of London Police,City of London Police,-0.095400,51.515753,On or near Conference/Exhibition Centre,E01000002,City of London 001B,Unable to prosecute suspect
2c34f304e3147eb3a72735ff3b5f7c0ff309ca5abdda7df06eedc37767d536d5,2016-11,City of London Police,City of London Police,-0.089435,51.511223,On or near BUSH LANE,E01032739,City of London 001F,Investigation complete; no suspect identified
0d79ac34a8838a5b92ee8ca1c013ae8acae310ed2d7530b517dd6f6d61280fbb,2016-11,City of London Police,City of London Police,-0.082571,51.514753,On or near GREAT ST HELEN'S,E01032739,City of London 001F,Investigation complete; no suspect identified
2e0abdbed6cb7bad2fc12e60de3c31ea517bfb1914357b009342e3ce6d6bba20,2016-11,City of London Police,City of London Police,-0.084618,51.512682,On or near GRACECHURCH STREET,E01032739,City of London 001F,Investigation complete; no suspect identified
addfbbd4168196fbdb9d4204031d75da507c03f51e0fba3c70cf2655be0bf7e8,2016-11,City of London Police,City of London Police,-0.084967,51.512598,On or near BELL INN YARD,E01032739,City of London 001F,Investigation complete; no suspect identified
f78b93e91e44c6dbfae696db9438def95c30ecbec90c28262f484b75e75259a6,2016-11,City of London Police,City of London Police,-0.109709,51.517909,On or near HIGH HOLBORN,E01032740,City of London 001G,Investigation complete; no suspect identified
15159e448225ed8353fea729e3601ced9cf7d7a2cc84c4c0232c3549af6a5425,2016-11,City of London Police,City of London Police,-0.083993,51.511440,On or near PHILPOT LANE,E01032739,City of London 001F,Local resolution
072ca7fe5ee2250475abc52cd7dac1ed631721d7952dca8ef768485d50201dc3,2016-11,City of London Police,City of London Police,-0.079875,51.510995,On or near HART STREET,E01032739,City of London 001F,Investigation complete; no suspect identified
cc4d00a415d26fb1378e4826a5e860b7d91698603567a57e515fba4504c48b58,2016-11,City of London Police,City of London Police,-0.083645,51.512504,On or near LIME STREET PASSAGE,E01032739,City of London 001F,Unable to prosecute suspect
4dc6b9b8ae82b16286972340cb20ebbeb8f07c10e83fda2ee29aabd3d0da36f7,2016-11,City of London Police,City of London Police,-0.106282,51.511910,On or near JOHN CARPENTER STREET,E01032740,City of London 001G,Unable to prosecute suspect
ce59392fc235465fce339bcdc365fb2baaaac5fbfd89e2661c71cff50d40e079,2016-11,City of London Police,City of London Police,-0.109709,51.517909,On or near HIGH HOLBORN,E01032740,City of London 001G,Investigation complete; no suspect identified
751281c049937dcf8e7bed5d3f605dafa37b4872204fe630917141c0d3c6ee4b,2016-11,City of London Police,City of London Police,-0.101055,51.513552,On or near CREED LANE,E01032739,City of London 001F,Suspect charged
ff0f4ec289b19354cbfde8e6f500ffdde999420394a16b7568d1cd4b063d6ff0,2016-11,City of London Police,City of London Police,-0.084566,51.517690,On or near BLOMFIELD STREET,E01032739,City of London 001F,Unable to prosecute suspect
af85c5783507e43aff8fe13813590d26b5200a102143887988da908c62abf144,2016-11,City of London Police,City of London Police,-0.084095,51.516900,On or near NEW BROAD STREET,E01032739,City of London 001F,Suspect charged
0557e611f265ab4a94dfdd70dd19dcd097d20e6d29560fe0734ea624a856db85,2016-11,City of London Police,City of London Police,-0.082571,51.514753,On or near GREAT ST HELEN'S,E01032739,City of London 001F,Unable to prosecute suspect
d3c89c581524b2f1e287aabc49511e2c0c2e85fe4fd0d99a8498b4ae5d24593a,2016-11,City of London Police,City of London Police,-0.083086,51.511407,On or near ROOD LANE,E01032739,City of London 001F,Suspect charged
6c5762406d68d69d788189f596ff846184a43cc7f8822e23e8a44120f47b1315,2016-11,City of London Police,City of London Police,-0.076459,51.513061,On or near Further/Higher Educational Building,E01000005,City of London 001E,Investigation complete; no suspect identified
7a8590922f1b5aae78a52d51c1b1505ff291863f1b18c8145a42b88d0d61277e,2016-11,City of London Police,City of London Police,-0.087760,51.517149,On or near LONDON WALL,E01032739,City of London 001F,Investigation complete; no suspect identified
2ad07ce328fc5f5ddf38fa84b7b3341d7b8e400554f43664092924e8ac3bfe2a,2016-11,City of London Police,City of London Police,-0.080146,51.514848,On or near BURY COURT,E01032739,City of London 001F,Investigation complete; no suspect identified
1f26b3c2319353028534637349492cc298360a20eae70daaf8f336fa84521268,2016-11,City of London Police,City of London Police,-0.074330,51.513647,On or near LITTLE SOMERSET STREET,E01000005,City of London 001E,Investigation complete; no suspect identified
7895bf7eb951aa51d1ce337f749b06d8f99b7aaa9af414335c56ea4e9214f77a,2016-11,City of London Police,City of London Police,-0.084566,51.517690,On or near BLOMFIELD STREET,E01032739,City of London 001F,Investigation complete; no suspect identified
98f00cd871dd47789d94429cca07d0eb61bc589455f559ddf9f74023a5124458,2016-11,City of London Police,City of London Police,-0.104909,51.517912,On or near Parking Area,E01032740,City of London 001G,Investigation complete; no suspect identified
aa4e78bfb4740ed824530a59f0e5a99ec550bb957d1889fa2ca938e4cd3dc91a,2016-11,City of London Police,City of London Police,-0.088203,51.518262,On or near MOORGATE,E01032739,City of London 001F,Investigation complete; no suspect identified
e160e9473b991a1486ae4ec64ae0ba76d077ade141481ef3650f37ab6daf7d07,2016-11,City of London Police,City of London Police,-0.098572,51.516767,On or near KING EDWARD STREET,E01000001,City of London 001A,Investigation complete; no suspect identified
dc613a40216cd4478765b36f30a06ade98935e523ad46e9914a83b1d7048a18a,2016-11,City of London Police,City of London Police,-0.079674,51.514409,On or near BURY STREET,E01032739,City of London 001F,Investigation complete; no suspect identified
62795413d59d83be8962397581bcd5abe3052d92f9460a974c2c433d7dddb874,2016-11,City of London Police,City of London Police,-0.093341,51.511889,On or near GREAT ST THOMAS APOSTLE,E01032739,City of London 001F,Investigation complete; no suspect identified
a0612254683643c4183edbaf2cdec671b83d0c3212ed53f567972860e0591d02,2016-11,City of London Police,City of London Police,-0.083296,51.517058,On or near OLD BROAD STREET,E01032739,City of London 001F,Unable to prosecute suspect
4c405d799a6dc4512679839e9469c5698c3bca583e253086049f723ef7e0af75,2016-11,City of London Police,City of London Police,-0.091151,51.516026,On or near BASINGHALL STREET,E01032739,City of London 001F,Investigation complete; no suspect identified
2e20a600f857a9f6f9531f84bd15a59c4828536133ea6f2378a29d856a35e80f,2016-11,City of London Police,City of London Police,-0.084566,51.517690,On or near BLOMFIELD STREET,E01032739,City of London 001F,Unable to prosecute suspect
1bd8619fe5b59888e4ae2912d8d1da0af921a5794e57a9dedd478e9f5396982f,2016-11,City of London Police,City of London Police,-0.107147,51.517130,On or near ST ANDREW STREET,E01032740,City of London 001G,Investigation complete; no suspect identified
2dd1f56cb3338860002737458b611e8c95adce1b97dc128006739389775deda4,2016-11,City of London Police,City of London Police,-0.092296,51.511386,On or near COLLEGE HILL,E01032739,City of London 001F,Investigation complete; no suspect identified
fb3ceed7c2f44a43e55d4e03f3a32356f270023b171336ded868a528ffa471e0,2016-11,City of London Police,City of London Police,-0.081540,51.510806,On or near MINCING LANE,E01032739,City of London 001F,Unable to prosecute suspect
2276351bed1d59734e796be0bab7681c7ef1895e976a068632087e2bd59cff93,2016-11,City of London Police,City of London Police,-0.074330,51.513647,On or near LITTLE SOMERSET STREET,E01000005,City of London 001E,Investigation complete; no suspect identified
7a213a4a10676106747662584b78bbb1e150d54c51f148c34fc38caf63f75165,2016-11,City of London Police,City of London Police,-0.082571,51.514753,On or near GREAT ST HELEN'S,E01032739,City of London 001F,Investigation complete; no suspect identified
6c94f9bd50ccda762add743a86de8893a3e6889e9fb61c6b0d0441464ef04a1f,2016-11,City of London Police,City of London Police,-0.109709,51.517909,On or near HIGH HOLBORN,E01032740,City of London 001G,Investigation complete; no suspect identified
8966c02e754a0208e5f996280e64fbd1a3a1935e55839209bc9820c0644ae3e9,2016-11,City of London Police,City of London Police,-0.079011,51.509614,On or near Pedestrian Subway,E01032739,City of London 001F,Investigation complete; no suspect identified
58b657cef823c60adc12266615a31c23a6fd6b3f00efbd1b204dcd691331baaa,2016-11,City of London Police,City of London Police,-0.084980,51.516078,On or near GREAT WINCHESTER STREET,E01032739,City of London 001F,Investigation complete; no suspect identified
d49f669489bf5b6e796ba58c7d2425d311f3701fbb2c588c804d8b5cb7d0e70c,2016-11,City of London Police,City of London Police,-0.105134,51.513869,On or near BRIDE LANE,E01032740,City of London 001G,Investigation complete; no suspect identified
14ee8c40510f18abb5dbb8cf4cb50155254eadb0b14c00bb38c5f7c90ff65d9c,2016-11,City of London Police,City of London Police,-0.079195,51.513798,On or near CREECHURCH LANE,E01032739,City of London 001F,Investigation complete; no suspect identified
d6e25590d1edeb9a685b35d48b304dc462116b7bbe3b00f14e0ccc088f8a0171,2016-11,City of London Police,City of London Police,-0.087118,51.513199,On or near Nightclub,E01032739,City of London 001F,Investigation complete; no suspect identified
58c8dd860afa7a0a8950e65a6897398dc9326293ee470c895827c2fde0ba00ed,2016-11,City of London Police,City of London Police,-0.088203,51.518262,On or near MOORGATE,E01032739,City of London 001F,Suspect charged
5257d2fe2643f61233416bb65420cf37f8fbb2df9a732dbce269656c695821c5,2016-11,City of London Police,City of London Police,-0.075389,51.511775,On or near MINORIES,E01000005,City of London 001E,Investigation complete; no suspect identified
17e6d8ba34cfc0fb4bc7649e138dd4609d461e2d56f59f37eb1e490758074cd9,2016-11,City of London Police,City of London Police,-0.086278,51.509876,On or near FISH STREET HILL,E01032739,City of London 001F,Investigation complete; no suspect identified
df1e4e68135e1b981b82a3ec2f059a4bbbee17df43eec9e754ea07b3c7a2d976,2016-11,City of London Police,City of London Police,-0.086624,51.511923,On or near CLEMENT'S LANE,E01032739,City of London 001F,Investigation complete; no suspect identified
9a393f64c1b543e9a378b528f57c4c4b873b4b262adac88a6f3e32a75d04f4fa,2016-11,City of London Police,City of London Police,-0.083993,51.511440,On or near PHILPOT LANE,E01032739,City of London 001F,Investigation complete; no suspect identified
8af4f0512013e3fdb69d0dde44a7aa91030b4114308b3068ae8f3e0b7759abd1,2016-11,City of London Police,City of London Police,-0.081938,51.513007,On or near LIME STREET,E01032739,City of London 001F,Investigation complete; no suspect identified
a7a384e8b30506797a615c47581cf73ea95cb559b4a29c6c7ab684e669ffc868,2016-11,City of London Police,City of London Police,-0.083417,51.513148,On or near WHITTINGTON AVENUE,E01032739,City of London 001F,Unable to prosecute suspect
188073195ffbe00d5f3680cffbdc45aa099cabda3fb1d2ccdeef2ac1d690a4c7,2016-11,City of London Police,City of London Police,-0.082965,51.516351,On or near WORMWOOD STREET,E01032739,City of London 001F,Offender given a caution
d008aa5476d5da6ddaad94abde5dffc4c394d5f7d0a20beab7e75280eadbee6e,2016-11,City of London Police,City of London Police,-0.082965,51.516351,On or near WORMWOOD STREET,E01032739,City of London 001F,Offender given a caution
ed0b537764e21e5f7aeb39f2998d212145a0eb59d26cff3305799054911f721b,2016-11,City of London Police,City of London Police,-0.084105,51.515281,On or near Conference/Exhibition Centre,E01032739,City of London 001F,Investigation complete; no suspect identified
b03f94a24ea60f0dd38ec776ff3b5a823906a2c6c99792245ac4fa6fcbe340f4,2016-11,City of London Police,City of London Police,-0.100884,51.516966,On or near Hospital,E01032740,City of London 001G,Investigation complete; no suspect identified
0ec874b812a5ff25b999b4330c8a9e3b625dadca13db2aef6a9e2f8cae8bd186,2016-11,City of London Police,City of London Police,-0.082913,51.513463,On or near LEADENHALL STREET,E01032739,City of London 001F,Investigation complete; no suspect identified
a33552f320a1c7a837bfea1f40c83ea321dbe5350665910576549293de1df65e,2016-11,City of London Police,City of London Police,-0.084768,51.512882,On or near CORBET COURT,E01032739,City of London 001F,Investigation complete; no suspect identified
845f4b71049e0de53642efbfed2c7a282d8549570334647d3d1dfc0293cc4bf7,2016-11,City of London Police,City of London Police,-0.088203,51.518262,On or near MOORGATE,E01032739,City of London 001F,Investigation complete; no suspect identified
00fa6e44f8985866116e67f1afa4f221ac6c6a0576cbd5c2410ef34a3c6c7ab4,2016-11,City of London Police,City of London Police,-0.088203,51.518262,On or near MOORGATE,E01032739,City of London 001F,Investigation complete; no suspect identified
4395f6c19f8ec9b02dc218be3c009a4369ac535e4b6197882ddad37448b5814c,2016-11,City of London Police,City of London Police,-0.091151,51.516026,On or near BASINGHALL STREET,E01032739,City of London 001F,Investigation complete; no suspect identified
a0db060cee23e411e10c79a99763f3615b491cb630d1d294ff1f963d004c87e1,2016-11,City of London Police,City of London Police,-0.088203,51.518262,On or near MOORGATE,E01032739,City of London 001F,Investigation complete; no suspect identified
28f0b6f1671b9edb928357d3db8377c54e98861793c946d6188b24e71405ebc5,2016-11,City of London Police,City of London Police,-0.092719,51.512652,On or near QUEEN VICTORIA STREET,E01032739,City of London 001F,Suspect charged
9782d94a8a5f47fe7cd49f4f728b65400b615e2c14d1041f853f336e97bebd12,2016-11,City of London Police,City of London Police,-0.085310,51.518511,On or near ELDON STREET,E01032739,City of London 001F,Investigation complete; no suspect identified
1d489c0587b751ae235071626b98bfbd66b2bb330a1277291f5cad591f97a332,2016-11,City of London Police,City of London Police,-0.096643,51.512545,On or near DISTAFF LANE,E01032739,City of London 001F,Investigation complete; no suspect identified
75e7042b99dd071484322d88720644ebec48d8e2838a779f9e8c956663205d7e,2016-11,City of London Police,City of London Police,-0.073065,51.511180,On or near GOODMAN'S YARD,E01000005,City of London 001E,Investigation complete; no suspect identified
b2ed88e76b1c0b0d3e05ee390e0cf7d765e51bdcbd6e993add824ab72c1a723d,2016-11,City of London Police,City of London Police,-0.097210,51.523156,On or near BALTIC STREET WEST,E01033490,Islington 022H,Investigation complete; no suspect identified
1741c87736f09e0270cefbe4094dc690930eeb00b3756aec5fd7cf5aa85f78a1,2016-11,City of London Police,City of London Police,-0.084566,51.517690,On or near BLOMFIELD STREET,E01032739,City of London 001F,Investigation complete; no suspect identified
939894a319702600f580c8313e529a44df2d62435538b3034f230432b254987c,2016-11,City of London Police,City of London Police,-0.100179,51.514158,On or near Shopping Area,E01032739,City of London 001F,Investigation complete; no suspect identified
a893f29e578731ef5837905ee4a71ec492bf0f6e80ebf396293c670e6c0e5ada,2016-11,City of London Police,City of London Police,-0.084980,51.516078,On or near GREAT WINCHESTER STREET,E01032739,City of London 001F,Investigation complete; no suspect identified
07cbad72b86dcf64876b383d60a3aafbc37676cab3257ea5675e2b9973eb59bd,2016-11,City of London Police,City of London Police,-0.098148,51.517938,On or near ALBION WAY,E01032740,City of London 001G,Investigation complete; no suspect identified
320c3931630310ec60e1ef49c02e51c516653e6e3f00afc3dd9ee3f0aef44820,2016-11,City of London Police,City of London Police,-0.080376,51.517244,On or near Supermarket,E01032739,City of London 001F,Investigation complete; no suspect identified
548013fed643ee07dc0e14a4d17814c9ca37e9ee97db127157f3dcf0db43470d,2016-11,City of London Police,City of London Police,-0.080665,51.509344,On or near Pedestrian Subway,E01032739,City of London 001F,Investigation complete; no suspect identified
83769b48b2c05535030d732c0826fc4f6d99990bbf266f9e1d53703efb4aa880,2016-11,City of London Police,City of London Police,-0.077224,51.516122,On or near Shopping Area,E01000005,City of London 001E,Investigation complete; no suspect identified
55e6776507fbdbe6a5fe6e67e85d504158f29a721ce972b8b39a435491c0bda9,2016-11,City of London Police,City of London Police,-0.082512,51.512387,On or near LIME STREET,E01032739,City of London 001F,Investigation complete; no suspect identified
57f81fc205a68f98671bd572d134e18ae476c98d55685056a289b1511e269798,2016-11,City of London Police,City of London Police,-0.089465,51.510855,On or near GOPHIR LANE,E01032739,City of London 001F,Investigation complete; no suspect identified
660209bec24f55627943b6497923133af0546285cdeaf1f62eecaeb4cd2b4f48,2016-11,City of London Police,City of London Police,-0.094464,51.512959,On or near WATLING COURT,E01032739,City of London 001F,Offender given a caution
8ef1d93f2c59d8ea85a72fc892f1df485a037ae7ed3432d617bbe8d074c4676b,2016-11,City of London Police,City of London Police,-0.092719,51.512652,On or near QUEEN VICTORIA STREET,E01032739,City of London 001F,Investigation complete; no suspect identified
a5c648b7aaf8bd62fab10e0acac2fe1a101cdfc8800543ee6eb4d9b279ce1a30,2016-11,City of London Police,City of London Police,-0.097601,51.520699,On or near CARTHUSIAN STREET,E01000001,City of London 001A,Investigation complete; no suspect identified
2563c329f13d11c947dbeb1e855e573353b4401c2bcc7960ae136e5757adfcfc,2016-11,City of London Police,City of London Police,,,No location,,,Unable to prosecute suspect
bc7159f9d82e888d85f862030ea1518c91587dad2f1aa4fccbd91b52a5bc86fa,2016-11,City of London Police,City of London Police,-0.097601,51.520699,On or near CARTHUSIAN STREET,E01000001,City of London 001A,Investigation complete; no suspect identified
8178cbbd1ecfafac39a167e36799b7f3c76c30628dcf22393c935d8ae06cfb1a,2016-11,City of London Police,City of London Police,,,No location,,,Investigation complete; no suspect identified
0033582536e418baea0cfa713e3a863a9a122adf3a0fbf731f9ef3b145797fda,2016-11,City of London Police,City of London Police,-0.080728,51.511611,On or near Supermarket,E01032739,City of London 001F,Unable to prosecute suspect
2776b2b54d027aac2e9d195222efd6a4156f63e8e6856ea92c734e59c1fee2e8,2016-11,City of London Police,City of London Police,-0.081091,51.516014,On or near CAMOMILE STREET,E01032739,City of London 001F,Investigation complete; no suspect identified
e6609d068656e0994439d5df443a754bb2b653bf26b4909d235497e81f9fe3d7,2016-11,City of London Police,City of London Police,-0.079875,51.510995,On or near HART STREET,E01032739,City of London 001F,Unable to prosecute suspect
b2a9d41d208d32e968ec43dcdfca81641848783de496c2d83c5295f1111f759d,2016-11,City of London Police,City of London Police,-0.104134,51.514699,On or near OLD SEACOAL LANE,E01032740,City of London 001G,Investigation complete; no suspect identified
f3d59ee071f4ca66c1486ab150d83c5bf3d7815ccc06a831e2fd203c027a82d0,2016-11,City of London Police,City of London Police,-0.096814,51.512952,On or near ST PAUL'S CHURCH YARD,E01032739,City of London 001F,Investigation complete; no suspect identified
7fccac89559b5c44d729ec5370fc109726939b3146d2479af153271ccd3d07c0,2016-11,City of London Police,City of London Police,-0.081091,51.516014,On or near CAMOMILE STREET,E01032739,City of London 001F,Investigation complete; no suspect identified
6a5855d95a6d374d9dc978aaab869594343fefad5b38b508206b693dedd4b69e,2016-11,City of London Police,City of London Police,-0.113767,51.517372,On or near STONE BUILDINGS,E01000914,Camden 028B,Unable to prosecute suspect
078331d86af769e7da37d374fd65e297c03ce880f49c9f615bb730cbafbfefcf,2016-11,City of London Police,City of London Police,-0.084566,51.517690,On or near BLOMFIELD STREET,E01032739,City of London 001F,Investigation complete; no suspect identified
324e20b7ccbc9556b489737ffca62b9abc3b9f2555d4aceb79d5b1823f8c2c5a,2016-11,City of London Police,City of London Police,-0.080318,51.520678,On or near PRIMROSE STREET,E01032739,City of London 001F,Investigation complete; no suspect identified
c7df31e388e1a64b4bf44ea75e022a33100d09c59445be03787dc34e41acba60,2016-11,City of London Police,City of London Police,-0.104281,51.516032,On or near BEAR ALLEY,E01032740,City of London 001G,Investigation complete; no suspect identified
6cc56d74566a15652402555cb9ece798450ca2889649f81e69da4744f3724d4a,2016-11,City of London Police,City of London Police,-0.083645,51.512504,On or near LIME STREET PASSAGE,E01032739,City of London 001F,Investigation complete; no suspect identified
b986e3715d1c7456ba21c68fc1f0ecca9dfa012320b11646da151fb3aed5c083,2016-11,City of London Police,City of London Police,-0.076437,51.519050,On or near BRUSHFIELD STREET,E01004307,Tower Hamlets 015B,Investigation complete; no suspect identified
b0c4cc7497a59d3174f94719cb573f02232f74aed39c0fd0a6e98378b57d554d,2016-11,City of London Police,City of London Police,-0.079162,51.514940,On or near BEVIS MARKS,E01032739,City of London 001F,Investigation complete; no suspect identified
beca3e6131af873b41207b53b076d6d82bd1f021b0d53e6a2847bbe9c1cfae70,2016-11,City of London Police,City of London Police,-0.100593,51.520846,On or near CHARTERHOUSE MEWS,E01033490,Islington 022H,Unable to prosecute suspect
d2e7a0cd5f703c8508b91b9a05b7768dc5f9684142fa2c644289f5ec0339d236,2016-11,City of London Police,City of London Police,-0.096363,51.513377,On or near NEW CHANGE,E01032739,City of London 001F,Unable to prosecute suspect
cf753175f4ce6123402e553654648436a52232bcccb59cf86e97c9e45a3c70bc,2016-11,City of London Police,City of London Police,-0.096363,51.513377,On or near NEW CHANGE,E01032739,City of London 001F,Unable to prosecute suspect
c6e99c862c2d296080e430aa8e3a289250e28194986af5f6548c5d3bde9d485c,2016-11,City of London Police,City of London Police,-0.096363,51.513377,On or near NEW CHANGE,E01032739,City of London 001F,Unable to prosecute suspect
1de1723afbcddd988060bd4bbf7e9df1dc5e20bb44c39ad58fa71dd1a6dd2b86,2016-11,City of London Police,City of London Police,-0.098572,51.516767,On or near KING EDWARD STREET,E01000001,City of London 001A,Investigation complete; no suspect identified
8997ff5249f1f7cbbae07bd2e24f1c4948e7f71d2012350ff3ae707e1ddbd237,2016-11,City of London Police,City of London Police,-0.078308,51.518091,On or near WIDEGATE STREET,E01032739,City of London 001F,Investigation complete; no suspect identified
bea7ae674524f3381297da2a312643deb4f88894a46ff0ffcc221f0b54ca831b,2016-11,City of London Police,City of London Police,-0.081580,51.520510,On or near PINDAR STREET,E01032739,City of London 001F,Investigation complete; no suspect identified
f75f93a9d1b7f22606c731f54e2f8f73e756f0358481ec0e2e9fd561951342db,2016-11,City of London Police,City of London Police,-0.110735,51.517836,On or near Further/Higher Educational Building,E01032740,City of London 001G,Investigation complete; no suspect identified
ba723c62c599783613d62ed2cd68074d29eed1067c1c306e4a9838622fe2b197,2016-11,City of London Police,City of London Police,-0.084251,51.520059,On or near SUN STREET,E01032739,City of London 001F,Investigation complete; no suspect identified
7025037447c209af914683da8a6153596401aadae46fce8dedd1da4d82600867,2016-11,City of London Police,City of London Police,-0.082571,51.514753,On or near GREAT ST HELEN'S,E01032739,City of London 001F,Investigation complete; no suspect identified
5c43329fe2f369244f4c9828854c5471298dc4298b515fdcd7b5df8279d4192d,2016-11,City of London Police,City of London Police,-0.082571,51.514753,On or near GREAT ST HELEN'S,E01032739,City of London 001F,Unable to prosecute suspect
436be4d085b328fdfce7ad50889079d1a958bdd13911f349a05e2ee4e77154f6,2016-11,City of London Police,City of London Police,,,No location,,,Investigation complete; no suspect identified
72ae90f10a7077030f34d3c41b8d57554b2b00a11a19057c752e8ecf43658c00,2016-11,City of London Police,City of London Police,-0.081890,51.515173,On or near ST HELEN'S PLACE,E01032739,City of London 001F,Investigation complete; no suspect identified
21956a51f30d0da9bc273265672aad79bede438c10c2dcf87a56d96b07e4532b,2016-11,City of London Police,City of London Police,-0.083296,51.517058,On or near OLD BROAD STREET,E01032739,City of London 001F,Investigation complete; no suspect identified
839b1e0f5dee163433392473e0e360fe32c97fab8fd4104da2289b998e9ca1af,2016-11,City of London Police,City of London Police,-0.085173,51.518680,On or near FINSBURY AVENUE,E01032739,City of London 001F,Investigation complete; no suspect identified
00f470e8b9b06b94ec9610af2a74e5f2461714f359d4853db57052ff679b5527,2016-11,City of London Police,City of London Police,-0.083755,51.514358,On or near THREADNEEDLE STREET,E01032739,City of London 001F,Investigation complete; no suspect identified
7583062a3e54ee826f36f8894170a4037af3866eb483d0245c2f7ec0b4e9c3a3,2016-11,City of London Police,City of London Police,-0.074958,51.514151,On or near ALDGATE HIGH STREET,E01000005,City of London 001E,Investigation complete; no suspect identified
594d0410b8b4d6895bc17b7381d859e983781722cd006dcb956c99a6128f99e7,2016-11,City of London Police,City of London Police,-0.083296,51.517058,On or near OLD BROAD STREET,E01032739,City of London 001F,Investigation complete; no suspect identified
9bac283ff7ab8c1c3e1484699c5587e8b42b0b3c4de1cd9ad14c96ce9f53fa11,2016-11,City of London Police,City of London Police,-0.085310,51.518511,On or near ELDON STREET,E01032739,City of London 001F,Investigation complete; no suspect identified
0748d13da76ae56185275db521f8ba6e20bf18a8dda4f7304fe757a8c53abc87,2016-11,City of London Police,City of London Police,-0.085173,51.518680,On or near FINSBURY AVENUE,E01032739,City of London 001F,Investigation complete; no suspect identified
d6c7b472c9265cea65ee1cafef81e66505bf650034f317bd1c0ce79030286e40,2016-11,City of London Police,City of London Police,-0.082571,51.514753,On or near GREAT ST HELEN'S,E01032739,City of London 001F,Investigation complete; no suspect identified
91dc4321a319a62184c24a0ea7e0b8d40c085a39cf1cd20c8f1fe75d57a3eb6f,2016-11,City of London Police,City of London Police,-0.092719,51.512652,On or near QUEEN VICTORIA STREET,E01032739,City of London 001F,Investigation complete; no suspect identified
5616b2da3b2ec00e5ca1de27ed62f2f372a6c920d5497c504795ebf0e0f3bcdf,2016-11,City of London Police,City of London Police,-0.074330,51.513647,On or near LITTLE SOMERSET STREET,E01000005,City of London 001E,Investigation complete; no suspect identified
025f167304e81006e7360c725823382c6d609fe437df6cdcc18851d66837e20f,2016-11,City of London Police,City of London Police,-0.084566,51.517690,On or near BLOMFIELD STREET,E01032739,City of London 001F,Investigation complete; no suspect identified
e8404233422b10ee96fca5a4b03e4e450b2df138ddae06fe5998fcc11b572bb6,2016-11,City of London Police,City of London Police,-0.102502,51.516165,On or near GREEN ARBOUR COURT,E01032740,City of London 001G,Investigation complete; no suspect identified
5aba6cb18df2b4c3bbf83e2320e6fbad52d11b532c67754c692e733680bd1b98,2016-11,City of London Police,City of London Police,-0.078308,51.518091,On or near WIDEGATE STREET,E01032739,City of London 001F,Investigation complete; no suspect identified
797f9c5515d0e38dd6983c889214a3851a12d5eac2d6cc26fbb80ad22a59534d,2016-11,City of London Police,City of London Police,-0.088393,51.511332,On or near ABCHURCH LANE,E01032739,City of London 001F,Investigation complete; no suspect identified
8879cc48f20664e315e0a7a16dc390c6557e92af90d0ef42c8344ed5cc675231,2016-11,City of London Police,City of London Police,-0.082965,51.516351,On or near WORMWOOD STREET,E01032739,City of London 001F,Investigation complete; no suspect identified
d66d53971013d6c7bc1b22669ea0e0d243483f520dfb9e86212bccc611e75edd,2016-11,City of London Police,City of London Police,-0.100179,51.514158,On or near Shopping Area,E01032739,City of London 001F,Investigation complete; no suspect identified
47f69387517e000bf831e9996bb31fdd2ebeb44670a3474cbfef8fc38bd3132f,2016-11,City of London Police,City of London Police,-0.090710,51.513132,On or near QUEEN VICTORIA STREET,E01032739,City of London 001F,Unable to prosecute suspect
ecfaf87a431bb17cb71196a8b7a7b399f40c784afe112057f325a287a07b6145,2016-11,City of London Police,City of London Police,-0.079398,51.516508,On or near DEVONSHIRE SQUARE,E01032739,City of London 001F,Investigation complete; no suspect identified
9b439d675c1e0c763e67b925ecb38794b0448d4e2eb54a1dfb64b580bc2909a1,2016-11,City of London Police,City of London Police,-0.109647,51.514887,On or near FETTER LANE,E01032740,City of London 001G,Unable to prosecute suspect
e878c530587fe58da313a01239eb6092b1d85f80f2aca0c8b30416a34f0afb51,2016-11,City of London Police,City of London Police,-0.084566,51.517690,On or near BLOMFIELD STREET,E01032739,City of London 001F,Investigation complete; no suspect identified
13bdcb4458e2e459ac1e847be5cb8215dc51f86b6c88ec4f8335f1ef23ce62e7,2016-11,City of London Police,City of London Police,-0.086051,51.513569,On or near FINCH LANE,E01032739,City of London 001F,Investigation complete; no suspect identified
0a8f06b3480fa44146fb8f5e33edf031ffe559dd38260b42306f39a9b6c77bf2,2016-11,City of London Police,City of London Police,-0.076592,51.514367,On or near Pedestrian Subway,E01000005,City of London 001E,Investigation complete; no suspect identified
d1262b504d8715bd8c77820fd0d93fcbc5581d5122bef9db01fe3a5611695b53,2016-11,City of London Police,City of London Police,-0.088225,51.514656,On or near LOTHBURY,E01032739,City of London 001F,Investigation complete; no suspect identified
8234dd8772505c369f353a7f22769af9adb8167c272ddc016d599511278175b9,2016-11,City of London Police,City of London Police,-0.100179,51.514158,On or near Shopping Area,E01032739,City of London 001F,Unable to prosecute suspect
45d42998b22eff455a7dbb4150911d37a25a08f88a791c0438a389e096f8ba60,2016-11,City of London Police,City of London Police,-0.084566,51.517690,On or near BLOMFIELD STREET,E01032739,City of London 001F,Investigation complete; no suspect identified
6d06099da706e66ba15c49ae84a939d060e1be25fbd705f8349c70d794d9ac62,2016-11,City of London Police,City of London Police,-0.080322,51.510651,On or near MARK LANE,E01032739,City of London 001F,Investigation complete; no suspect identified
7581f6826bef06ed6e602acf8405bb7ecdf084a6d571f0b5c3c897f54fb6f4f1,2016-11,City of London Police,City of London Police,-0.084251,51.520059,On or near SUN STREET,E01032739,City of London 001F,Investigation complete; no suspect identified
c9d51121303a4a19f420f0d9a7ffc9ab87dc44a41f85c98e3f7a8887836a7bea,2016-11,City of London Police,City of London Police,-0.079786,51.517576,On or near Police Station,E01032739,City of London 001F,Unable to prosecute suspect
304452a9b0f3bbabc9893abad6d233bd391e07c674b07149c976f8211ad886dc,2016-11,City of London Police,City of London Police,-0.086624,51.511923,On or near CLEMENT'S LANE,E01032739,City of London 001F,Formal action is not in the public interest
cea582a084b4d618c9964e144d2efc34625ca83c5f79c2254e4b2aa0c0723e1f,2016-11,City of London Police,City of London Police,-0.094758,51.512829,On or near Nightclub,E01032739,City of London 001F,Investigation complete; no suspect identified
954d5e682c64c5790378c13b645be0a2b91bf999c8b7e332bce1d4db0a03684b,2016-11,City of London Police,City of London Police,-0.079875,51.510995,On or near HART STREET,E01032739,City of London 001F,Unable to prosecute suspect
c3c3b7272cb8bac8a2678f63461e41fb66d0bb9d5db2db75c50f2cc90cd47e96,2016-11,City of London Police,City of London Police,-0.082571,51.514753,On or near GREAT ST HELEN'S,E01032739,City of London 001F,Investigation complete; no suspect identified
e0290057e9f4ad6d52b02fd42d62bdae93962577c652e1bf69e8c02eab44f2f5,2016-11,City of London Police,City of London Police,-0.097277,51.515307,On or near ST MARTIN'S LE GRAND,E01000001,City of London 001A,Unable to prosecute suspect
a3de6d8ddcf3ff5940746f0a5df92b87f2f86842f8e22d07c79ad67538053043,2016-11,City of London Police,City of London Police,-0.081832,51.514507,On or near UNDERSHAFT,E01032739,City of London 001F,Investigation complete; no suspect identified
8b7aa5532ef247b6cfae2958336d4b8da48085fc6253f41446ef85139df939f9,2016-11,City of London Police,City of London Police,-0.092719,51.512652,On or near QUEEN VICTORIA STREET,E01032739,City of London 001F,Unable to prosecute suspect
d73f63d078c767811d9ead47e0e345cd0f3632a3a673a9c0b6ad58ea3bdab869,2016-11,City of London Police,City of London Police,-0.083993,51.511440,On or near PHILPOT LANE,E01032739,City of London 001F,Unable to prosecute suspect
3a5c5ca75e8f8a44a0b4e125972500ef3320af6b82a41951fadc87df27768cf8,2016-11,City of London Police,City of London Police,-0.087118,51.513199,On or near Nightclub,E01032739,City of London 001F,Investigation complete; no suspect identified
17bd093495635f3cda5eafa41e0fd9ef8873e8e6cf4b9a3bc1e17a5d6f92eba5,2016-11,City of London Police,City of London Police,-0.086278,51.509876,On or near FISH STREET HILL,E01032739,City of London 001F,Unable to prosecute suspect
be920a28a5760406ded704f87f1252b24298d2f8a18597eb96108e8bd2c29eab,2016-11,City of London Police,City of London Police,-0.104001,51.513051,On or near APOTHECARY STREET,E01032739,City of London 001F,Unable to prosecute suspect
9099a7ba532ce6d73bc0ba51a7e6ce3fdece46e1a11360e2e682534b668ecf7d,2016-11,City of London Police,City of London Police,-0.080322,51.510651,On or near MARK LANE,E01032739,City of London 001F,Investigation complete; no suspect identified
59c9ae776a09cadcc9ec46710b49c08923371d5c50681f394043d3f5e2e71c4c,2016-11,City of London Police,City of London Police,-0.080322,51.510651,On or near MARK LANE,E01032739,City of London 001F,Investigation complete; no suspect identified
eef1a93e468e8f466007d7840f6255966aa2767f6373b68051a3be744ada4f7b,2016-11,City of London Police,City of London Police,-0.096643,51.512545,On or near DISTAFF LANE,E01032739,City of London 001F,Investigation complete; no suspect identified
1680cbbb011445d559f311a0617b39c48d78cd6122a316d61192520b57bc1a7b,2016-11,City of London Police,City of London Police,-0.096363,51.513377,On or near NEW CHANGE,E01032739,City of London 001F,Investigation complete; no suspect identified
429e0e3908c9fc4ec826b3813c90830a97bbe7077c8efecf657528d5c15565a8,2016-11,City of London Police,City of London Police,,,No location,,,Investigation complete; no suspect identified
828de521cef90d18374abda00a474d1393c4759477fcf60bdc61190952d7a531,2016-11,City of London Police,City of London Police,-0.085310,51.518511,On or near ELDON STREET,E01032739,City of London 001F,Investigation complete; no suspect identified
0701cce8f94b1ac57a53510e5426202907fe2c5f90655c9d6bf1c98595f28157,2016-11,City of London Police,City of London Police,-0.088767,51.520303,On or near FINSBURY STREET,E01002704,Islington 023D,Investigation complete; no suspect identified
ee15c75983420b4806ab3b06e3e7aeac5f6271eca3f4bac7f76340f23a5bc9c5,2016-11,City of London Police,City of London Police,-0.080782,51.514804,On or near ST MARY AXE,E01032739,City of London 001F,Investigation complete; no suspect identified
7791fa992c14f75b9b6b5a48c72b056d02178045efc6d073e2219dbbe9b088ff,2016-11,City of London Police,City of London Police,-0.084723,51.514986,On or near Conference/Exhibition Centre,E01032739,City of London 001F,Investigation complete; no suspect identified
00ed50455a724586f2236217569fd9ed84476b5fe0830f51e8b49cd4810d161a,2016-11,City of London Police,City of London Police,-0.079011,51.509614,On or near Pedestrian Subway,E01032739,City of London 001F,Investigation complete; no suspect identified
cd06cfb14c64702edde562a42857ddb9d335c1c071537c70c9035f7c1b7e8334,2016-11,City of London Police,City of London Police,-0.084618,51.512682,On or near GRACECHURCH STREET,E01032739,City of London 001F,Investigation complete; no suspect identified
808b1293839550eec4111d53b124ac56ea1bab8107367e10d5d2003013be836c,2016-11,City of London Police,City of London Police,-0.108459,51.512934,On or near TEMPLE LANE,E01032740,City of London 001G,Investigation complete; no suspect identified
b857d091494e6d7b9352c7e0fae91bddf11d0f58d879d6b36ba14770a530ff64,2016-11,City of London Police,City of London Police,-0.081091,51.516014,On or near CAMOMILE STREET,E01032739,City of London 001F,Investigation complete; no suspect identified
255cda153dcca9e9e7d9a9b70a86654f705b156c57ce6641a808fe35a2311eec,2016-11,City of London Police,City of London Police,-0.091720,51.513454,On or near Supermarket,E01032739,City of London 001F,Investigation complete; no suspect identified
41383437973257ca5d3dc7ea06ff0002e4eb061bbd89ca15004adccc45bce4c4,2016-11,City of London Police,City of London Police,-0.088393,51.511332,On or near ABCHURCH LANE,E01032739,City of London 001F,Investigation complete; no suspect identified
180c9c30639fb06fe10220efead199561f9400301c3e303a5cd27b1d34a1c927,2016-11,City of London Police,City of London Police,-0.074896,51.514933,On or near Pedestrian Subway,E01000005,City of London 001E,Unable to prosecute suspect
7150b37601481b33d3965e1ee9638f88a9b1a92cbba75bc57acd643ed4c557c9,2016-11,City of London Police,City of London Police,-0.084618,51.512682,On or near GRACECHURCH STREET,E01032739,City of London 001F,Investigation complete; no suspect identified
ab79cb10bf4bace9b4d4bbfd4c6cef406064bb3a1732fad510e5bcc41202636d,2016-11,City of London Police,City of London Police,-0.079613,51.517231,On or near NEW STREET,E01032739,City of London 001F,Formal action is not in the public interest
98838fe17d49ce4568111d4f4fb6101ed9b6ddb344661687766f74f352d48cba,2016-11,City of London Police,City of London Police,-0.087118,51.513199,On or near Nightclub,E01032739,City of London 001F,Investigation complete; no suspect identified
16e03d85ae0df693f56bbc1abc9df4e6d4c39d6b5833f1005e65f3638925fb20,2016-11,City of London Police,City of London Police,-0.079786,51.517576,On or near Police Station,E01032739,City of London 001F,Investigation complete; no suspect identified
cfc728d77e08f0c790bacb42091ca4e382705146ebbb3428c4529d451d8cecc4,2016-11,City of London Police,City of London Police,-0.092723,51.517032,On or near ALDERMANBURY SQUARE,E01000002,City of London 001B,Unable to prosecute suspect
ad65c8fb6499ab8b986ee0866d0956c3f07a7c4c15aa4d8449635daf353ccac1,2016-11,City of London Police,City of London Police,-0.101274,51.512791,On or near ST ANDREW'S HILL,E01032739,City of London 001F,Investigation complete; no suspect identified
5b4654a82668bd8816b926074ff0afff58e4cb4ea629f44d0488b6a7bfce66f3,2016-11,City of London Police,City of London Police,-0.096363,51.513377,On or near NEW CHANGE,E01032739,City of London 001F,Investigation complete; no suspect identified
2927ed9c1aa06982dff43a5fe500515ab5cc2a55afb149b75ab3ba2ecbc2acbb,2016-11,City of London Police,City of London Police,-0.080728,51.511611,On or near Supermarket,E01032739,City of London 001F,Investigation complete; no suspect identified
7a4d5b77eac149bc0225f978a5ec78dc1326a423124c431583eb05d0e5a97448,2016-11,City of London Police,City of London Police,-0.105134,51.513869,On or near BRIDE LANE,E01032740,City of London 001G,Investigation complete; no suspect identified
f54aef279f0cd809c862091abbcec0dc5057c839e144c894813b49b723427d30,2016-11,City of London Police,City of London Police,-0.096363,51.513377,On or near NEW CHANGE,E01032739,City of London 001F,Investigation complete; no suspect identified
ff5716de10b1b842f409d1681308f7167949061cd1adefe96a277fd3c4843db9,2016-11,City of London Police,City of London Police,-0.086278,51.509876,On or near FISH STREET HILL,E01032739,City of London 001F,Investigation complete; no suspect identified
2cab0645800b0087df49be0d990e482efdafe8e7069611fc34b57d903e7e7368,2016-11,City of London Police,City of London Police,-0.102668,51.513560,On or near LUDGATE BROADWAY,E01032739,City of London 001F,Investigation complete; no suspect identified
2036dab8839eca3091740a8a757cf51ebe6d5fb4a6779fe7f757698a3f2858ab,2016-11,City of London Police,City of London Police,-0.092719,51.512652,On or near QUEEN VICTORIA STREET,E01032739,City of London 001F,Investigation complete; no suspect identified
5ac8a745968c070fe45d9389881c5004cd7ddf58d53824c08a814b7cfa4cfa0f,2016-11,City of London Police,City of London Police,-0.090710,51.513132,On or near QUEEN VICTORIA STREET,E01032739,City of London 001F,Investigation complete; no suspect identified
c805e9284172bbd310aeb7579a4f1f2956b22525507074c2e594c207a0ffb1c3,2016-11,City of London Police,City of London Police,-0.083150,51.510913,On or near ROOD LANE,E01032739,City of London 001F,Investigation complete; no suspect identified
03b0473db29b78a7e88344cd70aa9c4cce9693e5dd56f8080cdee4ee66e57e38,2016-11,City of London Police,City of London Police,-0.080322,51.510651,On or near MARK LANE,E01032739,City of London 001F,Unable to prosecute suspect
b13dcc4adf3f4a1b754a5e4eb24cefbae92f207efba325f35793d443f8fa483c,2016-11,City of London Police,City of London Police,-0.097929,51.521810,On or near GLASSHOUSE YARD,E01033490,Islington 022H,Investigation complete; no suspect identified
0a4809dda1354dd461af349a081afd685f813e6cdec6235a77c5583a5dc8add5,2016-11,City of London Police,City of London Police,-0.108018,51.511749,On or near TEMPLE AVENUE,E01032740,City of London 001G,Investigation complete; no suspect identified
e10d3007c22ee95c4a7f5012d01a1f6fc2b5cf3f4f727b1ba786ce3db3bacfcc,2016-11,City of London Police,City of London Police,-0.079448,51.511554,On or near FENCHURCH PLACE,E01032739,City of London 001F,Unable to prosecute suspect
78ea45da3ab9a77f7245bd4e0c92e61eedcd95e57081059e911974f044e99054,2016-11,City of London Police,City of London Police,-0.097277,51.515307,On or near ST MARTIN'S LE GRAND,E01000001,City of London 001A,Investigation complete; no suspect identified
a772c2096dfc392b33f487f3c0da1bcb345b3728238fb838d35f2813daf13f78,2016-11,City of London Police,City of London Police,-0.108231,51.513928,On or near PLEYDELL STREET,E01032740,City of London 001G,Investigation complete; no suspect identified
5a9d04479a74d426da2407e5914cac3fd591803021f6cd57be33a799e74e79ae,2016-11,City of London Police,City of London Police,-0.098572,51.516767,On or near KING EDWARD STREET,E01000001,City of London 001A,Investigation complete; no suspect identified
c6d69c134c0a8983cdb5f98d0f80b0d241fe0fb4cf0e4c781e906b2b0924519c,2016-11,City of London Police,City of London Police,-0.092517,51.520580,On or near WHITECROSS STREET,E01000002,City of London 001B,Investigation complete; no suspect identified
d502f5167cba059f882c7adff689ef09767cf56c4710050ffb7d96f3d8e93af2,2016-11,City of London Police,City of London Police,-0.098320,51.519344,On or near NEWBURY STREET,E01032740,City of London 001G,Investigation complete; no suspect identified
d9b5c5358a9b1cfb1dfe667aaf2be94d28124e30d64e4f27457b2c6d6c4bdcda,2016-11,City of London Police,City of London Police,-0.077578,51.510795,On or near PEPYS STREET,E01032739,City of London 001F,Investigation complete; no suspect identified
7c566867320a26141f5d22631d8fe68c4390a0562fc736469aff46f0c3a7401e,2016-11,City of London Police,City of London Police,-0.100179,51.514158,On or near Shopping Area,E01032739,City of London 001F,Investigation complete; no suspect identified
dce18898b8e8de4285c376ab4426c7559f2b61703431b2ee9be3542f91c8d4d1,2016-11,City of London Police,City of London Police,-0.082571,51.514753,On or near GREAT ST HELEN'S,E01032739,City of London 001F,Investigation complete; no suspect identified
f166864c286b11e55ebf089b3a49179e3c70243cf985ae66fb213780427d21f6,2016-11,City of London Police,City of London Police,-0.076044,51.512650,On or near INDIA STREET,E01000005,City of London 001E,Unable to prosecute suspect
abfde587c3e929d737084a58360f1424684de235ac6cbbcae962b5d214c41d5c,2016-11,City of London Police,City of London Police,-0.109709,51.517909,On or near HIGH HOLBORN,E01032740,City of London 001G,Investigation complete; no suspect identified
c155586c92173aea3d7749992e83edfbd499aa358858776a07f421062792817d,2016-11,City of London Police,City of London Police,-0.088621,51.518619,On or near MOORFIELDS,E01000002,City of London 001B,Investigation complete; no suspect identified
68b2bca34556f54de5d5cb987bd44268b2d55087ba61ac5201bb42e18e0e6e3b,2016-11,City of London Police,City of London Police,-0.097929,51.521810,On or near GLASSHOUSE YARD,E01033490,Islington 022H,Investigation complete; no suspect identified
14eaf1928e4d58b37719980d817c167ae55b56dce736adbd7720a6a526d634d6,2016-11,City of London Police,City of London Police,-0.084618,51.512682,On or near GRACECHURCH STREET,E01032739,City of London 001F,Investigation complete; no suspect identified
3e9b9fc65d93a7c92482ffc3da1478037a10d5f491fdab8b243d9ebdbfbace16,2016-11,City of London Police,City of London Police,-0.092267,51.511745,On or near CLOAK LANE,E01032739,City of London 001F,Investigation complete; no suspect identified
43f864ab169371ab62446e35ef72845da47f0e80eb11f461cfbfd177fb924921,2016-11,City of London Police,City of London Police,-0.079786,51.517576,On or near Police Station,E01032739,City of London 001F,Unable to prosecute suspect
60a79a689dc3c60bdb8c6a9d2fe722f360517601d08a5da90623d9b95ef41f08,2016-11,City of London Police,City of London Police,-0.089698,51.511812,On or near OXFORD COURT,E01032739,City of London 001F,Investigation complete; no suspect identified
cc01f9a0d70ccf6a3960e252117c07bcf12a578a31b695ec6c8afb85b09494ab,2016-11,City of London Police,City of London Police,-0.079786,51.517576,On or near Police Station,E01032739,City of London 001F,Investigation complete; no suspect identified
eeaa0f6c451c0df91a8944ed507fa7784e57cac18a088956b9c5d65391f2275a,2016-11,City of London Police,City of London Police,-0.084566,51.517690,On or near BLOMFIELD STREET,E01032739,City of London 001F,Investigation complete; no suspect identified
1ed0b19177d296a7f3aa971157f611e9b6eb0ac86d420e343ecf72f38701c343,2016-11,City of London Police,City of London Police,-0.074210,51.511711,On or near PORTSOKEN STREET,E01000005,City of London 001E,Investigation complete; no suspect identified
d13ad414ac1f74132c5a01b2465f9e67e71fa71cb4075401dc5f00e63f9e8a5f,2016-11,City of London Police,City of London Police,-0.084095,51.516900,On or near NEW BROAD STREET,E01032739,City of London 001F,Investigation complete; no suspect identified
f8947976a2893cb4902624dca0b40b919285681a85d5e28ded471ca7106a9d0a,2016-11,City of London Police,City of London Police,-0.102502,51.516165,On or near GREEN ARBOUR COURT,E01032740,City of London 001G,Investigation complete; no suspect identified
5e42260536c72d41f03f7bfe8ba4ee77260758e348736cbc50985989f45e235c,2016-11,City of London Police,City of London Police,-0.101794,51.516207,On or near NEWGATE STREET,E01032740,City of London 001G,Investigation complete; no suspect identified
5ab0caf3c3900e55c402a8300433b8800f0a4e839d0b597c608daeb287860c35,2016-11,City of London Police,City of London Police,-0.079080,51.519615,On or near BISHOPSGATE,E01004307,Tower Hamlets 015B,Investigation complete; no suspect identified
c277cd5786e253335fe662e9ee9639cec752c00d57a0c71e0a1b3216d3fa3f52,2016-11,City of London Police,City of London Police,-0.100884,51.516966,On or near Hospital,E01032740,City of London 001G,Investigation complete; no suspect identified
4717f6fea629e7887b95dbf48e2a01d3e52ce0e9bcd32b6cb5c82e84a444b10b,2016-11,City of London Police,City of London Police,-0.084566,51.517690,On or near BLOMFIELD STREET,E01032739,City of London 001F,Investigation complete; no suspect identified
e07cd561b5bdec90da9e59b3f94517f13388706ffba6e1df938dc546161eaf41,2016-11,City of London Police,City of London Police,-0.079607,51.515657,On or near ST MARY AXE,E01000005,City of London 001E,Investigation complete; no suspect identified
9d7ecb22d2a2629681b7b5d48f55e6615a50ef509e51d6e2ab00194beafd563a,2016-11,City of London Police,City of London Police,-0.078250,51.515033,On or near HOUNDSDITCH,E01000005,City of London 001E,Investigation complete; no suspect identified
9fdf46e799b22253a8ee8e6a673153c71b0446c042ea1cddd590c97833764268,2016-11,City of London Police,City of London Police,-0.088473,51.518374,On or near MOOR PLACE,E01032739,City of London 001F,Investigation complete; no suspect identified
25cff5732f1429df2ccd337f209ac346beacd17b71a99eac4ad53b5e0cdcfd86,2016-11,City of London Police,City of London Police,-0.076044,51.512650,On or near INDIA STREET,E01000005,City of London 001E,Investigation complete; no suspect identified
1b0f5ce996b1b0604f6e2c1bbb4fc98e23c68ce4ef8ab0f345637b1b05c55191,2016-11,City of London Police,City of London Police,-0.092719,51.512652,On or near QUEEN VICTORIA STREET,E01032739,City of London 001F,Investigation complete; no suspect identified
d124e4e8a53cbc8e9103f6679cd02edc6f3a4e321ec1a5fd9e45a5cc75404ec4,2016-11,City of London Police,City of London Police,-0.085355,51.510563,On or near PUDDING LANE,E01032739,City of London 001F,Investigation complete; no suspect identified
24929bc0f9d9e590b3119ef812d307e004180e370cd352495bf13feafb9d7dbb,2016-11,City of London Police,City of London Police,-0.082571,51.514753,On or near GREAT ST HELEN'S,E01032739,City of London 001F,Investigation complete; no suspect identified
9a01b9102ce79916bfb02000fd868839ab3c0498240ba4aeab23b560a73b2f8e,2016-11,City of London Police,City of London Police,-0.101452,51.512650,On or near ST ANDREW'S HILL,E01032739,City of London 001F,Investigation complete; no suspect identified
8b52483c8ea111504c8106b1a53b3e5a9f93acf305b24ced3376a431760ff2ae,2016-11,City of London Police,City of London Police,-0.076080,51.511445,On or near AMERICA SQUARE,E01000005,City of London 001E,Unable to prosecute suspect
e1b1de27d7a46290e8940e3c0f964bbd2c24714ea686e9217f74a4b56e9f8dd1,2016-11,City of London Police,City of London Police,-0.082913,51.513463,On or near LEADENHALL STREET,E01032739,City of London 001F,Unable to prosecute suspect
e0a11c1fe9c88d67eeb9d4ce33f5e26536515aebb045c178b0c84dc7dc2f9f1f,2016-11,City of London Police,City of London Police,-0.079283,51.511021,On or near SEETHING LANE,E01032739,City of London 001F,Investigation complete; no suspect identified
396b6c50184bbdd2f7b944246e504c56b33249b7c90f0a684682dc031d2dbac7,2016-11,City of London Police,City of London Police,-0.094464,51.512959,On or near WATLING COURT,E01032739,City of London 001F,Unable to prosecute suspect
c88965b243311446c7f7738639c263a6d759e659cf40df7a1dcfc2745649621f,2016-11,City of London Police,City of London Police,-0.109709,51.517909,On or near HIGH HOLBORN,E01032740,City of London 001G,Investigation complete; no suspect identified
57c17f98f94ff8bbd2283c0c8d2ebe153b6376234f966d7bc64694f82e95bead,2016-11,City of London Police,City of London Police,-0.077451,51.515523,On or near WHITE KENNETT STREET,E01000005,City of London 001E,Unable to prosecute suspect
3a654b73d107e62ca8c6d067e173ea9c242d0ec649c663a2a90b8817456df6b3,2016-11,City of London Police,City of London Police,-0.079786,51.517576,On or near Police Station,E01032739,City of London 001F,Unable to prosecute suspect
8dbcc5645cd7f9d821e2cdf49a1ddf7faf431a15b85835284d77094ea05fb595,2016-11,City of London Police,City of London Police,-0.091151,51.514992,On or near GRESHAM STREET,E01032739,City of London 001F,Investigation complete; no suspect identified
9d3533a9862c70b00c081bb4a1c3c4c72f8222de3a6f0a9f056e136d5c0e2ca7,2016-11,City of London Police,City of London Police,-0.079398,51.516508,On or near DEVONSHIRE SQUARE,E01032739,City of London 001F,Investigation complete; no suspect identified
b7c0d3d11894da6cdeab37d781ca3471bb114d84854a25c55370fa031aa3a7c1,2016-11,City of London Police,City of London Police,-0.110710,51.513914,On or near FLEET STREET,E01032740,City of London 001G,Unable to prosecute suspect
c70580acb9b5e3229d31de43427ab67ddd7e6840986fe1db8d1b807f43d30bd7,2016-11,City of London Police,City of London Police,-0.084199,51.513394,On or near CORNHILL,E01032739,City of London 001F,Investigation complete; no suspect identified
49e7996cff5d907fa4a49595503139c4eb9377c63b67c30a6fcf4fe554929d1c,2016-11,City of London Police,City of London Police,-0.109081,51.515327,On or near WEST HARDING STREET,E01032740,City of London 001G,Investigation complete; no suspect identified
e966aca8b67349bf0888eaacb1f7dda1f0817f8c25a78433284898bc682a2d62,2016-11,City of London Police,City of London Police,-0.084566,51.517690,On or near BLOMFIELD STREET,E01032739,City of London 001F,Investigation complete; no suspect identified
d2ba9f5949c3b0ade1b6cc44b756bcd6e6262332570ed1bd895f44e9c7e35fa8,2016-11,City of London Police,City of London Police,-0.105134,51.513869,On or near BRIDE LANE,E01032740,City of London 001G,Investigation complete; no suspect identified
4e6221be3531e21b5872e26b8d866c4d4b9929a9255686760e7c54a8274d52e1,2016-11,City of London Police,City of London Police,-0.108231,51.513928,On or near PLEYDELL STREET,E01032740,City of London 001G,Investigation complete; no suspect identified
84e2e035d82dcd5d1159b3ae9bd7f6e6f7549c83146d0b82290bb382ae0ba509,2016-11,City of London Police,City of London Police,-0.079786,51.517576,On or near Police Station,E01032739,City of London 001F,Investigation complete; no suspect identified
86738921b6bf9121a4549c8d928240172918956c5c76d51c53fa459dd192e373,2016-11,City of London Police,City of London Police,-0.097334,51.521567,On or near FANN STREET,E01000001,City of London 001A,Investigation complete; no suspect identified
1c4b83dbc8e072c72b29bd344a6f3adae4843624d16e9e429b0579bbd8b41d45,2016-11,City of London Police,City of London Police,-0.104252,51.516733,On or near Supermarket,E01032740,City of London 001G,Investigation complete; no suspect identified
4c95d8402c883deff30f08f232230673f836515d043cd88dff5222e76b369218,2016-11,City of London Police,City of London Police,-0.097645,51.515142,On or near ST MARTIN'S LE GRAND,E01032739,City of London 001F,Investigation complete; no suspect identified
b68556c673167dd8153bbb9d9023f93d8115a07a01398f491f0f9e006fb72384,2016-11,City of London Police,City of London Police,-0.096363,51.513377,On or near NEW CHANGE,E01032739,City of London 001F,Investigation complete; no suspect identified
a1869322348a46785d41e656a559a6b5a036a5603b9037e252d5949bc5023bae,2016-11,City of London Police,City of London Police,,,No location,,,Unable to prosecute suspect
434d7215a7a5535d7221556d402d84cdf108672bc5dd13201447455de3669a3f,2016-11,City of London Police,City of London Police,-0.082913,51.513463,On or near LEADENHALL STREET,E01032739,City of London 001F,Investigation complete; no suspect identified
e7dcef7baeec3cc5b84ea98f04f0585a0b3bd639819944c56921c9e8de524273,2016-11,City of London Police,City of London Police,-0.096363,51.513377,On or near NEW CHANGE,E01032739,City of London 001F,Investigation complete; no suspect identified
0735ae30cac72139ce6a6f23d8b43c0d9a82ce6b0f695f3dc00aa1ab1b6fda75,2016-11,City of London Police,City of London Police,-0.082913,51.513463,On or near LEADENHALL STREET,E01032739,City of London 001F,Investigation complete; no suspect identified
3edeaa821cf41fdbbee29eab10fe96be071d6475d3687ba509c998f388ec4984,2016-11,City of London Police,City of London Police,-0.105134,51.513869,On or near BRIDE LANE,E01032740,City of London 001G,Offender given a caution
2f50b77acaee683579280e5da487e49499393032636a91c8816905a015a64ead,2016-11,City of London Police,City of London Police,-0.086624,51.511923,On or near CLEMENT'S LANE,E01032739,City of London 001F,Local resolution
9253b9f3f6373cf4476e3d7c5518199d0c90baf80405540f7d7a782632ae620a,2016-11,City of London Police,City of London Police,-0.096075,51.514766,On or near FOSTER LANE,E01032739,City of London 001F,Offender given a caution
030d1e00a59c9df864424850ddec2aa6ac940ca7d498a04892b87b2ac05ff301,2016-11,City of London Police,City of London Police,-0.093257,51.513920,On or near BOW LANE,E01032739,City of London 001F,Local resolution
25b49b37aaabb0ae401a1e7ea0f5cdee4074636d345dc56590b58d92929ff597,2016-11,City of London Police,City of London Police,-0.094464,51.512959,On or near WATLING COURT,E01032739,City of London 001F,Offender given a caution
9476bc071bd2cdef2efe328ba4ee7529d93aff0aa5f1a9b1be35edeeef981e8c,2016-11,City of London Police,City of London Police,-0.094464,51.512959,On or near WATLING COURT,E01032739,City of London 001F,Offender given a caution
065fe9136c31af11ecc84d56b2b3ce47d18ea38f288e1d679c4a9f2f1e59ae29,2016-11,City of London Police,City of London Police,-0.109155,51.516668,On or near FETTER LANE,E01032740,City of London 001G,Local resolution
e80986c7d58cdd8c7224e03ec969f212d8ba189219a26d0636e44f24a88b2fb2,2016-11,City of London Police,City of London Police,-0.079786,51.517576,On or near Police Station,E01032739,City of London 001F,Local resolution
2c74243182013926e006bfe020975649e81f8bb67efed20bac0f26b0a1600aa1,2016-11,City of London Police,City of London Police,-0.104281,51.516032,On or near BEAR ALLEY,E01032740,City of London 001G,Offender given a drugs possession warning
c091176f022c334e9631d8d3b02467d094ff9589d149a5fd0b45441bf1123803,2016-11,City of London Police,City of London Police,-0.086624,51.511923,On or near CLEMENT'S LANE,E01032739,City of London 001F,Local resolution
2d1490842c3752ac42d719a14bbee00ab432c98fd04a2ef4e66396cb566a6990,2016-11,City of London Police,City of London Police,-0.104281,51.516032,On or near BEAR ALLEY,E01032740,City of London 001G,Offender given a caution
f81c64c1df5db5c937ca27d40cf8f5e03471ec444d5d9453938d8b101b350271,2016-11,City of London Police,City of London Police,-0.093796,51.512391,On or near Pedestrian Subway,E01032739,City of London 001F,Offender given a caution
c213f14c8a14c8078da31001b16936a97e2d1877ea6326e1fc0a5be058742167,2016-11,City of London Police,City of London Police,-0.085173,51.518680,On or near FINSBURY AVENUE,E01032739,City of London 001F,Offender given a caution
9d0c985927d4634d9fc09a29e76c1c4b3c32a8a3e2e91c016dc78b1e74300ec8,2016-11,City of London Police,City of London Police,-0.085173,51.518680,On or near FINSBURY AVENUE,E01032739,City of London 001F,Offender given a caution
a1bec31eb49d767c7ecee9e799e5c91836c2a91685125bdd2ecb1bf215f837bd,2016-11,City of London Police,City of London Police,-0.097645,51.515142,On or near ST MARTIN'S LE GRAND,E01032739,City of London 001F,Offender given a caution
38710bd886d7db94952b5eecb73333514a7eb9a3461095cbc0c8803c8d0da5cb,2016-11,City of London Police,City of London Police,-0.076592,51.514367,On or near Pedestrian Subway,E01000005,City of London 001E,Offender given a drugs possession warning
0b9dedecc4b6aa66e6e33ead04b116a2b29c073090adabf2a0c6cb492cdc71fc,2016-11,City of London Police,City of London Police,-0.082571,51.514753,On or near GREAT ST HELEN'S,E01032739,City of London 001F,Offender given a caution
ea75f0ed706d17aa495b9d5d50799df7a49dcec239022e87a7eb2d3cfc807bd9,2016-11,City of London Police,City of London Police,-0.086624,51.511923,On or near CLEMENT'S LANE,E01032739,City of London 001F,Offender given a caution
8cfdcbb486247e5f47bbcde453e6516f5aaefec4bdb2c705868bf2a1622f3a4a,2016-11,City of London Police,City of London Police,-0.080376,51.517244,On or near Supermarket,E01032739,City of London 001F,Offender given a caution
78a345bdea7c89d7675756bbb7a73aa8f4cd4f288b3ff25e5452629a320ca6b7,2016-11,City of London Police,City of London Police,-0.093948,51.518077,On or near MONKWELL SQUARE,E01000002,City of London 001B,Offender given a caution
265978a3eef2777558ce4c256cedf3b2be340111d7d8817d52464ca1352c2664,2016-11,City of London Police,City of London Police,-0.088995,51.512088,On or near ST SWITHIN'S LANE,E01032739,City of London 001F,Offender given a caution
7c650346bbddf7899cb14130b2cde448993d3cc25d654f8d702b99e0583eeb0c,2016-11,City of London Police,City of London Police,,,No location,,,Suspect charged
8732efdd4f1f4d49b9e8d9897f5b9f77c2d6ab25765fbf7125f13a700e63bb4f,2016-11,City of London Police,City of London Police,-0.084967,51.512598,On or near BELL INN YARD,E01032739,City of London 001F,Suspect charged
a870674a99a331308d4e4ae2a1b82fecaf4e4907e90d43ae6d9006831115135b,2016-11,City of London Police,City of London Police,,,No location,,,Suspect charged
164549891f5c378eee6063c5665e60e7ad53691f62e1335a6ac315140a783eca,2016-11,City of London Police,City of London Police,-0.085310,51.518511,On or near ELDON STREET,E01032739,City of London 001F,Suspect charged
aa3050980bed8ad762a0cefe826b3477da9c714b25001272ce10ee739b7f9766,2016-11,City of London Police,City of London Police,-0.094231,51.511984,On or near GREAT TRINITY LANE,E01032739,City of London 001F,Suspect charged
ae39f3d55cf8c97415bab64e2da164dc3d5a88ed6be061067ddadeeaa8287066,2016-11,City of London Police,City of London Police,-0.093465,51.514463,On or near RUSSIA ROW,E01032739,City of London 001F,Suspect charged
3f1446aa1cc915691873412e6a4d24b3ee3a5b418e847b2f7cb4f9aeca41ed93,2016-11,City of London Police,City of London Police,-0.083618,51.517288,On or near BROAD STREET AVENUE,E01032739,City of London 001F,Suspect charged
f318ecd8c0d1207cd1b1c5ce24602bdaf7cf8947d1c5f8aabc2d5f0d318bd954,2016-11,City of London Police,City of London Police,,,No location,,,Suspect charged
d8bf1e8c46e87b41ad2ccb0919a160c20af9afd0bc75811427ba857850eb68fa,2016-11,City of London Police,City of London Police,-0.093257,51.513920,On or near BOW LANE,E01032739,City of London 001F,Suspect charged
41708ebe58cf4bf8ada86ccf2b7edd0871a2d2eb67cff1f1578c87bb510a2f89,2016-11,City of London Police,City of London Police,-0.089451,51.517032,On or near Bus/Coach Station,E01032739,City of London 001F,Suspect charged
abde4d4f64991176363d0ad0f3335bc02d5765d0b4d7b9294343b5594bec9b5b,2016-11,City of London Police,City of London Police,-0.078393,51.515728,On or near CLOTHIER STREET,E01000005,City of London 001E,Suspect charged
5f92ad940a0bf0c6598ba9b5d38a4936c34a77d94d211ea741d3987c25ea8ce3,2016-11,City of London Police,City of London Police,-0.090804,51.511560,On or near DOWGATE HILL,E01032739,City of London 001F,Suspect charged
6ec5f98414ebcb5101a7b5fa2b365dcffbc4135de2aa9cd220c843baf7dc80a0,2016-11,City of London Police,City of London Police,,,No location,,,Suspect charged
cead8279288a3c48dc257d6ddd7f51c8b123f96bab2f47245e6a92bd082a826a,2016-11,City of London Police,City of London Police,-0.094720,51.514420,On or near WOOD STREET,E01032739,City of London 001F,Suspect charged
1844c38c17ea3628c86caf9007b9f288653cc9fd3dd1f48a6b80ca0b648519ac,2016-11,City of London Police,City of London Police,-0.080376,51.517244,On or near Supermarket,E01032739,City of London 001F,Suspect charged
2b84364c40054ec0aa6c11793c18992aa909beeef047510fc5e2bf0b08c25461,2016-11,City of London Police,City of London Police,-0.093493,51.513447,On or near BOW LANE,E01032739,City of London 001F,Suspect charged
f2aa107bfa1f7eefa100b7000ffffa59eb07a06ef392f9cf4cafb59c50e4cf6d,2016-11,City of London Police,City of London Police,-0.093493,51.513447,On or near BOW LANE,E01032739,City of London 001F,Suspect charged
63eeed5e7dbe6f2a9548955ce499ea44c6d8f9610eb97e668414efe6fe708acf,2016-11,City of London Police,City of London Police,-0.086624,51.511923,On or near CLEMENT'S LANE,E01032739,City of London 001F,Suspect charged
0617e518a9db07a858fc75b6331869164d5ee82714bc2f430923e089f32e4501,2016-11,City of London Police,City of London Police,,,No location,,,Suspect charged
12d445812f3d3141e0d73374b7f4b6662e4503e60d3e4a0eb6d8a9c703e31847,2016-11,City of London Police,City of London Police,-0.085355,51.510563,On or near PUDDING LANE,E01032739,City of London 001F,Suspect charged
aef3edae57c97c77cce1ae51ff1cf4e5aa57f20adf62d6302f3daa325c035f20,2016-11,City of London Police,City of London Police,-0.091720,51.513454,On or near Supermarket,E01032739,City of London 001F,Suspect charged
6e4d224713f5dea03704b87760e8d030a3ad53c45984b9178da61fd0ac3a13ca,2016-11,City of London Police,City of London Police,-0.079786,51.517576,On or near Police Station,E01032739,City of London 001F,Suspect charged
6cfb7bdf3fa0fb0585c8c57e126976aff3cbc25f14f0c1fbb3251a4bfcf49a53,2016-11,City of London Police,City of London Police,-0.085669,51.515100,On or near AUSTIN FRIARS,E01032739,City of London 001F,Suspect charged
1ab9740d4ddeb147ae71bcc138ca0698be37803d18b59100218364bc25d9e2f7,2016-11,City of London Police,City of London Police,-0.079786,51.517576,On or near Police Station,E01032739,City of London 001F,Suspect charged
68d1780880c5589827fff50d9a58ba751099b889cb2341d35113eb622afb1527,2016-11,City of London Police,City of London Police,-0.093465,51.514463,On or near RUSSIA ROW,E01032739,City of London 001F,Suspect charged
a5f785e0b31546f30a338d31fc69a30893be859d1d21fd9be06fe8106f388994,2016-11,City of London Police,City of London Police,-0.079786,51.517576,On or near Police Station,E01032739,City of London 001F,Suspect charged
6ec5f98414ebcb5101a7b5fa2b365dcffbc4135de2aa9cd220c843baf7dc80a0,2016-11,City of London Police,City of London Police,,,No location,,,Suspect charged
717ef0f0079ae4c09fd51fd87a696370b4375a93ffe1b09419af74728ef28a8c,2016-11,City of London Police,City of London Police,-0.084566,51.517690,On or near BLOMFIELD STREET,E01032739,City of London 001F,Suspect charged
9cccc0135bfd10f2635efa4e201c6f271853b16bf32d86ffe4c7a7cb05918f52,2016-11,City of London Police,City of London Police,-0.100632,51.515739,On or near WARWICK LANE,E01032739,City of London 001F,Suspect charged
9ee100360cc5eddbb860a560b64fb077c1c85f9afa69d51a22e50a461b54ce97,2016-11,City of London Police,City of London Police,-0.109155,51.516668,On or near FETTER LANE,E01032740,City of London 001G,Suspect charged
ac7ef68492e6d1aa763c54a6ba01ac76415e87e6764561499e26bc2a58c4cf62,2016-11,City of London Police,City of London Police,-0.084618,51.512682,On or near GRACECHURCH STREET,E01032739,City of London 001F,Suspect charged
831717f40ebfed1d8990e7f5fe64e909b0bd1d800c4441a99032b6bff1672553,2016-11,City of London Police,City of London Police,-0.085355,51.510563,On or near PUDDING LANE,E01032739,City of London 001F,Suspect charged
cd1ce3297fad976d87056afab37d96b51bff8cf72e866991a0e9b7fd0a4d68e1,2016-11,City of London Police,City of London Police,-0.084566,51.517690,On or near BLOMFIELD STREET,E01032739,City of London 001F,Suspect charged
e209c7f6190c0036cc93b47cad531ba74c95693cbcb40dcf36ca85237eaa9903,2016-11,City of London Police,City of London Police,-0.088995,51.512088,On or near ST SWITHIN'S LANE,E01032739,City of London 001F,Suspect charged
11be61802e857a29d8028b8ca59108e609f0795fcae9f59de19bca147657665a,2016-11,City of London Police,City of London Police,-0.085355,51.510563,On or near PUDDING LANE,E01032739,City of London 001F,Suspect charged
0e3f7c0a294fbffce3da8c68f1cfb6d80d52bfc4cf3f4f32b3ec7700dd6e36ac,2016-11,City of London Police,City of London Police,,,No location,,,Suspect charged
6ec5f98414ebcb5101a7b5fa2b365dcffbc4135de2aa9cd220c843baf7dc80a0,2016-11,City of London Police,City of London Police,,,No location,,,Suspect charged
7aa597d09eb5202b7fe1a0c58a72cc8e6d9f2843aa929ef9fe9fce581e246838,2016-11,City of London Police,City of London Police,-0.088995,51.512088,On or near ST SWITHIN'S LANE,E01032739,City of London 001F,Suspect charged
e209c7f6190c0036cc93b47cad531ba74c95693cbcb40dcf36ca85237eaa9903,2016-11,City of London Police,City of London Police,-0.088995,51.512088,On or near ST SWITHIN'S LANE,E01032739,City of London 001F,Suspect charged
038a97fe9ece1599d51455ff7749070baf71056feaa0d09287fb061e2490e988,2016-11,City of London Police,City of London Police,-0.109647,51.514887,On or near FETTER LANE,E01032740,City of London 001G,Investigation complete; no suspect identified
3f7731b04ce6caf9171399afce01f7a2b569e3945ef4abd04d3b32897c293ead,2016-11,City of London Police,City of London Police,-0.092719,51.512652,On or near QUEEN VICTORIA STREET,E01032739,City of London 001F,Unable to prosecute suspect
ac5494bf3461a53570090951dd6508bdfa17d5b382ee8230f28f6f8bc58d8e0c,2016-11,City of London Police,City of London Police,-0.082571,51.514753,On or near GREAT ST HELEN'S,E01032739,City of London 001F,Suspect charged
344913f415930841c467b7a95f540cfd3954686143afcc38b4896a4866f7acf1,2016-11,City of London Police,City of London Police,-0.084201,51.510949,On or near PHILPOT LANE,E01032739,City of London 001F,Investigation complete; no suspect identified
5e6d13d4af71a940087765ab137e292eed27cb628204cdc11ad9968c4d9e4a84,2016-11,City of London Police,City of London Police,-0.098320,51.519344,On or near NEWBURY STREET,E01032740,City of London 001G,Investigation complete; no suspect identified
666637cf6bc22df55e0c14299f8ac579424b17afa3f75e6478672d10c0e3c763,2016-11,City of London Police,City of London Police,-0.080034,51.513389,On or near LEADENHALL STREET,E01032739,City of London 001F,Suspect charged
751281c049937dcf8e7bed5d3f605dafa37b4872204fe630917141c0d3c6ee4b,2016-11,City of London Police,City of London Police,-0.101055,51.513552,On or near CREED LANE,E01032739,City of London 001F,Suspect charged
6207e8b40785f39d53e7a7039de65c77625b149ca3d1c5d0d1cdf8654a0bf974,2016-11,City of London Police,City of London Police,-0.088621,51.518619,On or near MOORFIELDS,E01000002,City of London 001B,Investigation complete; no suspect identified
11c2647ccaba2200a8866a48e2a9b05c3b595919388c3cfffc642eb000656ab9,2016-11,City of London Police,City of London Police,-0.088203,51.518262,On or near MOORGATE,E01032739,City of London 001F,Unable to prosecute suspect
19cce4e4558cbd3af7f17a5268adbd137f2766445d58c4d2715a558bf1d0855b,2016-11,City of London Police,City of London Police,-0.080322,51.510651,On or near MARK LANE,E01032739,City of London 001F,Unable to prosecute suspect
a7b34d98a50de3528930519e7d5003ccb95017a429e9f00ae001ca2b95248c02,2016-11,City of London Police,City of London Police,,,No location,,,Investigation complete; no suspect identified
77d18d9d1c5715986c6fe87d3b1372044775cdd051661841757ead66a59705fb,2016-11,City of London Police,City of London Police,-0.083296,51.517058,On or near OLD BROAD STREET,E01032739,City of London 001F,Investigation complete; no suspect identified
a1edf97cdc0f3ec21319937eb48688cb95a5276fe3f0759ec3b745467e7b52e9,2016-11,City of London Police,City of London Police,-0.096363,51.513377,On or near NEW CHANGE,E01032739,City of London 001F,Investigation complete; no suspect identified
7a5920e133c50b2eba323ee6834fc4546f0cf1d5072f527a8a36d7722b3e5415,2016-11,City of London Police,City of London Police,-0.088233,51.515484,On or near TOKENHOUSE YARD,E01032739,City of London 001F,Investigation complete; no suspect identified
feb0f556a9236135ae67c59b8622b50eb06f77976de05b0a346f4872de0de5cd,2016-11,City of London Police,City of London Police,-0.085149,51.517196,On or near BLOMFIELD STREET,E01032739,City of London 001F,Investigation complete; no suspect identified
767e4e20989acd8260ae019daa4ab2f0f7debe672754a8e474505277f88ad51b,2016-11,City of London Police,City of London Police,-0.093493,51.513447,On or near BOW LANE,E01032739,City of London 001F,Investigation complete; no suspect identified
f301e9c77df8cd426ae2983442ae5ee001a618dd5e405792c88e4c92493239f9,2016-11,City of London Police,City of London Police,-0.095026,51.518499,On or near Park/Open Space,E01000002,City of London 001B,Investigation complete; no suspect identified
1d488b1424ddabe06d50645b6411685fb21bb64231e4ea1a723593954ab9af6c,2016-11,City of London Police,City of London Police,-0.080234,51.516855,On or near DEVONSHIRE ROW,E01032739,City of London 001F,Unable to prosecute suspect
9cccc0135bfd10f2635efa4e201c6f271853b16bf32d86ffe4c7a7cb05918f52,2016-11,City of London Police,City of London Police,-0.100632,51.515739,On or near WARWICK LANE,E01032739,City of London 001F,Suspect charged
76cc441049406b6447d7b104a879e65aae5fd11685757a088cd1713226821479,2016-11,City of London Police,City of London Police,-0.096363,51.513377,On or near NEW CHANGE,E01032739,City of London 001F,Investigation complete; no suspect identified
252dc34d48586af2306dca6f1dfb9ba3a718314c75f40203945ba41fac5f1270,2016-11,City of London Police,City of London Police,-0.097736,51.520206,On or near Conference/Exhibition Centre,E01000001,City of London 001A,Investigation complete; no suspect identified
a7eef920a51ed64fa9d71398e0729002b6f9da315e00495dc5f86f3a80959842,2016-11,City of London Police,City of London Police,-0.091494,51.510924,On or near COLLEGE STREET,E01032739,City of London 001F,Investigation complete; no suspect identified
b495b1fba42ce8ffa128c342f15aa3ad5c3ff3d74e2458a4f15070506085c314,2016-11,City of London Police,City of London Police,-0.091732,51.521080,On or near Nightclub,E01002704,Islington 023D,Investigation complete; no suspect identified
d7f37d381c6cb29b15f322c3ab1ae7681ca7135547bf6d836667c4a528ec15b8,2016-11,City of London Police,City of London Police,-0.109155,51.516668,On or near FETTER LANE,E01032740,City of London 001G,Investigation complete; no suspect identified
c2b8eefe9f57db4fea536fb6b59f7124e2d9d3bce75e6dbf1160a0d7a91b168a,2016-11,City of London Police,City of London Police,-0.102741,51.513885,On or near PAGEANTMASTER COURT,E01032740,City of London 001G,Unable to prosecute suspect
5d44ee0e191a9d643c8dd8f98fbdc45f7c67164a0e545260a5d7746f200b7143,2016-11,City of London Police,City of London Police,-0.098062,51.517577,On or near MONTAGUE STREET,E01000001,City of London 001A,Investigation complete; no suspect identified
ae39025c37eef84c013c41aa0ef49fcc2bf31e10f2336ba5047ab30a60f8029c,2016-11,City of London Police,City of London Police,-0.084967,51.512598,On or near BELL INN YARD,E01032739,City of London 001F,Investigation complete; no suspect identified
fd9e0fa598c71cacc4ad546709e2cc5de771e235a5fc311f666915d0d88e0d8e,2016-11,City of London Police,City of London Police,-0.073065,51.511180,On or near GOODMAN'S YARD,E01000005,City of London 001E,Investigation complete; no suspect identified
1419b9a5ab9f3d7c090300fad3dd602c52cfb1aa59d22a8855de515efdc21bd1,2016-11,City of London Police,City of London Police,-0.081938,51.513007,On or near LIME STREET,E01032739,City of London 001F,Unable to prosecute suspect
44cc5e9d47a7de93ba314b691a7e225198ee55453799c56d464fdcb774888ca1,2016-11,City of London Police,City of London Police,-0.094720,51.514420,On or near WOOD STREET,E01032739,City of London 001F,Suspect charged
d54c17a173b6ecf59fe18ae946c8898ff8867aed0c53e691f30cda93c30a6ebd,2016-11,City of London Police,City of London Police,-0.095960,51.517534,On or near LONDON WALL,E01000001,City of London 001A,Suspect charged
b6073e039049930557df17e90dc6aa179c3916ebaf82012c3946272d049fa079,2016-11,City of London Police,City of London Police,-0.092321,51.513194,On or near PANCRAS LANE,E01032739,City of London 001F,Investigation complete; no suspect identified
73ab7ac5fa4de76971d7a43867b31baec2b3f7ea20f02be0086c5068ec7036f7,2016-11,City of London Police,City of London Police,-0.100179,51.514158,On or near Shopping Area,E01032739,City of London 001F,Investigation complete; no suspect identified
7c650346bbddf7899cb14130b2cde448993d3cc25d654f8d702b99e0583eeb0c,2016-11,City of London Police,City of London Police,,,No location,,,Offender sent to prison
77c5eadae95359ab312435b9d2fc0fc0f3c1a3c64eeed996b4e5835b06b63487,2016-11,City of London Police,City of London Police,-0.083086,51.511407,On or near ROOD LANE,E01032739,City of London 001F,Offender sent to prison
6025140c780765462281299461642f9fe82f1628fa94b474004f54d593a41c18,2016-11,City of London Police,City of London Police,-0.085355,51.510563,On or near PUDDING LANE,E01032739,City of London 001F,Offender sent to prison
65633c4fe96b6040992e272507e614a8d73ecd8a28637df24a4055a394247552,2016-11,City of London Police,City of London Police,-0.096363,51.513377,On or near NEW CHANGE,E01032739,City of London 001F,Offender sent to prison
58c8dd860afa7a0a8950e65a6897398dc9326293ee470c895827c2fde0ba00ed,2016-11,City of London Police,City of London Police,-0.088203,51.518262,On or near MOORGATE,E01032739,City of London 001F,Offender sent to prison
d50f3890289c4eeceafd3d71534c39959a62c4122458267d77e8cbe335da328f,2016-11,City of London Police,City of London Police,-0.078718,51.521038,On or near NORTON FOLGATE,E01004307,Tower Hamlets 015B,Offender sent to prison
44cc5e9d47a7de93ba314b691a7e225198ee55453799c56d464fdcb774888ca1,2016-11,City of London Police,City of London Police,-0.094720,51.514420,On or near WOOD STREET,E01032739,City of London 001F,Offender given community sentence
8732efdd4f1f4d49b9e8d9897f5b9f77c2d6ab25765fbf7125f13a700e63bb4f,2016-11,City of London Police,City of London Police,-0.084967,51.512598,On or near BELL INN YARD,E01032739,City of London 001F,Offender given conditional discharge
805f807eceef74709bd094bfa9cb35649fcd73194abaa706b81c89f21ed01861,2016-11,City of London Police,City of London Police,-0.086624,51.511923,On or near CLEMENT'S LANE,E01032739,City of London 001F,Offender sent to prison
aa3050980bed8ad762a0cefe826b3477da9c714b25001272ce10ee739b7f9766,2016-11,City of London Police,City of London Police,-0.094231,51.511984,On or near GREAT TRINITY LANE,E01032739,City of London 001F,Offender sent to prison
68d1780880c5589827fff50d9a58ba751099b889cb2341d35113eb622afb1527,2016-11,City of London Police,City of London Police,-0.093465,51.514463,On or near RUSSIA ROW,E01032739,City of London 001F,Offender sent to prison
1844c38c17ea3628c86caf9007b9f288653cc9fd3dd1f48a6b80ca0b648519ac,2016-11,City of London Police,City of London Police,-0.080376,51.517244,On or near Supermarket,E01032739,City of London 001F,Offender fined
abde4d4f64991176363d0ad0f3335bc02d5765d0b4d7b9294343b5594bec9b5b,2016-11,City of London Police,City of London Police,-0.078393,51.515728,On or near CLOTHIER STREET,E01000005,City of London 001E,Offender sent to prison
a5f785e0b31546f30a338d31fc69a30893be859d1d21fd9be06fe8106f388994,2016-11,City of London Police,City of London Police,-0.079786,51.517576,On or near Police Station,E01032739,City of London 001F,Offender sent to prison
6e4d224713f5dea03704b87760e8d030a3ad53c45984b9178da61fd0ac3a13ca,2016-11,City of London Police,City of London Police,-0.079786,51.517576,On or near Police Station,E01032739,City of London 001F,Offender given community sentence
f76d4f0dfd6afe1ebad7c98eaa6c28434162df2b304c79085175ae7da1e48860,2016-11,City of London Police,City of London Police,,,No location,,,Offender sent to prison
006724129e38b131479ac24be625428afd0d6897dbf5f165f12c1a9b01840aa2,2016-11,City of London Police,City of London Police,-0.084566,51.517690,On or near BLOMFIELD STREET,E01032739,City of London 001F,Offender given community sentence
022342adb16054c9c6938dadbe8412da76ee52974c85076fd9147cf238b7a7ca,2016-11,City of London Police,City of London Police,-0.089435,51.511223,On or near BUSH LANE,E01032739,City of London 001F,Offender sent to prison
af85c5783507e43aff8fe13813590d26b5200a102143887988da908c62abf144,2016-11,City of London Police,City of London Police,-0.084095,51.516900,On or near NEW BROAD STREET,E01032739,City of London 001F,Offender given suspended prison sentence
ac7ef68492e6d1aa763c54a6ba01ac76415e87e6764561499e26bc2a58c4cf62,2016-11,City of London Police,City of London Police,-0.084618,51.512682,On or near GRACECHURCH STREET,E01032739,City of London 001F,Offender fined
9da10718a51aa4873900c5e4b8446f6464443246c2dc1c0bbd50684c8e2d79be,2016-11,City of London Police,City of London Police,-0.093257,51.513920,On or near BOW LANE,E01032739,City of London 001F,Offender given conditional discharge
63eeed5e7dbe6f2a9548955ce499ea44c6d8f9610eb97e668414efe6fe708acf,2016-11,City of London Police,City of London Police,-0.086624,51.511923,On or near CLEMENT'S LANE,E01032739,City of London 001F,Offender fined
ae39f3d55cf8c97415bab64e2da164dc3d5a88ed6be061067ddadeeaa8287066,2016-11,City of London Police,City of London Police,-0.093465,51.514463,On or near RUSSIA ROW,E01032739,City of London 001F,Offender sent to prison
a870674a99a331308d4e4ae2a1b82fecaf4e4907e90d43ae6d9006831115135b,2016-11,City of London Police,City of London Police,,,No location,,,Offender sent to prison
251e4b3842d327bf26cadbfd4064d5e6923541332bddac79a454db850b234bc2,2016-11,City of London Police,City of London Police,-0.109155,51.516668,On or near FETTER LANE,E01032740,City of London 001G,Offender given community sentence
41708ebe58cf4bf8ada86ccf2b7edd0871a2d2eb67cff1f1578c87bb510a2f89,2016-11,City of London Police,City of London Police,-0.089451,51.517032,On or near Bus/Coach Station,E01032739,City of London 001F,Defendant found not guilty
d5451bde5aefe57ff71793fe0a48e84c95b340664165f1a8e2e99043e0d63e63,2016-11,City of London Police,City of London Police,-0.096363,51.513377,On or near NEW CHANGE,E01032739,City of London 001F,Offender sent to prison
63dcf3319a6fff6e08cff41e7c3db9ff2e8dfac6446c7f3ff795af3cb149404e,2016-11,City of London Police,City of London Police,-0.080376,51.517244,On or near Supermarket,E01032739,City of London 001F,Offender given conditional discharge
aef3edae57c97c77cce1ae51ff1cf4e5aa57f20adf62d6302f3daa325c035f20,2016-11,City of London Police,City of London Police,-0.091720,51.513454,On or near Supermarket,E01032739,City of London 001F,Offender fined
2b84364c40054ec0aa6c11793c18992aa909beeef047510fc5e2bf0b08c25461,2016-11,City of London Police,City of London Police,-0.093493,51.513447,On or near BOW LANE,E01032739,City of London 001F,Offender sent to prison
d50f3890289c4eeceafd3d71534c39959a62c4122458267d77e8cbe335da328f,2016-11,City of London Police,City of London Police,-0.078718,51.521038,On or near NORTON FOLGATE,E01004307,Tower Hamlets 015B,Offender sent to prison
f2aa107bfa1f7eefa100b7000ffffa59eb07a06ef392f9cf4cafb59c50e4cf6d,2016-11,City of London Police,City of London Police,-0.093493,51.513447,On or near BOW LANE,E01032739,City of London 001F,Offender sent to prison
