Type,Date,Part of a policing operation,Policing operation,Latitude,Longitude,Gender,Age range,Self-defined ethnicity,Officer-defined ethnicity,Legislation,Object of search,Outcome,Outcome linked to object of search,Removal of more than just outer clothing
Person search,2016-11-01T00:10:00+00:00,,,,,Male,18-24,Asian or Asian British - Bangladeshi (A3),Black,Police and Criminal Evidence Act 1984 (section 1),Stolen goods,Nothing found - no further action,,False
Person search,2016-11-02T14:46:00+00:00,,,,,Male,18-24,White - White British (W1),White,Police and Criminal Evidence Act 1984 (section 1),Stolen goods,Suspect arrested,True,False
Person search,2016-11-02T15:01:00+00:00,,,,,Male,18-24,White - White British (W1),White,Misuse of Drugs Act 1971 (section 23),Controlled drugs,Nothing found - no further action,,False
Person search,2016-11-03T16:00:00+00:00,,,,,Male,over 34,White - Any other White ethnic background (W9),White,Police and Criminal Evidence Act 1984 (section 1),Stolen goods,Nothing found - no further action,,False
Person search,2016-11-03T16:31:00+00:00,,,,,Male,over 34,White - Any other White ethnic background (W9),White,Police and Criminal Evidence Act 1984 (section 1),Article for use in theft,Suspect arrested,False,False
Person search,2016-11-03T17:20:00+00:00,,,,,Male,25-34,White - Any other White ethnic background (W9),White,Police and Criminal Evidence Act 1984 (section 1),Stolen goods,Nothing found - no further action,,False
Person and Vehicle search,2016-11-04T11:28:00+00:00,,,,,Male,18-24,Black or Black British - African (B2),Black,Misuse of Drugs Act 1971 (section 23),Controlled drugs,Nothing found - no further action,,False
Person and Vehicle search,2016-11-04T11:37:00+00:00,,,,,Male,25-34,Black or Black British - African (B2),Black,Misuse of Drugs Act 1971 (section 23),Controlled drugs,Nothing found - no further action,,False
Person search,2016-11-04T20:14:00+00:00,,,,,Male,25-34,White - White British (W1),White,Police and Criminal Evidence Act 1984 (section 1),Article for use in theft,Nothing found - no further action,,False
Person search,2016-11-04T20:25:00+00:00,,,,,Male,over 34,Black or Black British - Caribbean (B1),Black,Police and Criminal Evidence Act 1984 (section 1),Stolen goods,Nothing found - no further action,,False
Person search,2016-11-05T01:50:00+00:00,,,,,Male,over 34,White - Any other White ethnic background (W9),White,Police and Criminal Evidence Act 1984 (section 1),Stolen goods,Nothing found - no further action,,False
Person search,2016-11-05T18:31:00+00:00,,,,,Male,10-17,Asian or Asian British - Bangladeshi (A3),Asian,Police and Criminal Evidence Act 1984 (section 1),Anything to threaten or harm anyone,Nothing found - no further action,,False
Person search,2016-11-05T22:40:00+00:00,,,,,Male,18-24,White - White British (W1),White,Police and Criminal Evidence Act 1984 (section 1),Article for use in theft,Nothing found - no further action,,False
Person search,2016-11-05T22:45:00+00:00,,,,,Male,10-17,Not Stated (NS),White,Police and Criminal Evidence Act 1984 (section 1),Article for use in theft,Nothing found - no further action,,False
Person search,2016-11-05T22:50:00+00:00,,,,,Male,10-17,White - White British (W1),White,Police and Criminal Evidence Act 1984 (section 1),Article for use in theft,Nothing found - no further action,,False
Person search,2016-11-06T14:51:00+00:00,,,,,Male,over 34,Mixed - White and Black African (M2),Black,Police and Criminal Evidence Act 1984 (section 1),Stolen goods,Suspect arrested,True,False
Person search,2016-11-07T09:49:00+00:00,,,,,Male,over 34,White - White British (W1),White,Firearms Act 1968 (section 47),Firearms,Nothing found - no further action,,False
Person and Vehicle search,2016-11-08T00:59:00+00:00,,,,,Female,10-17,Black or Black British - Caribbean (B1),Black,Misuse of Drugs Act 1971 (section 23),Controlled drugs,Nothing found - no further action,,False
Person and Vehicle search,2016-11-08T01:07:00+00:00,,,,,Male,18-24,Black or Black British - African (B2),Black,Misuse of Drugs Act 1971 (section 23),Controlled drugs,Suspect arrested,True,False
Person and Vehicle search,2016-11-08T01:16:00+00:00,,,,,Male,18-24,Mixed - White and Black African (M2),Black,Misuse of Drugs Act 1971 (section 23),Controlled drugs,Nothing found - no further action,,False
Person search,2016-11-08T12:14:00+00:00,,,,,Male,25-34,Black or Black British - African (B2),Black,Police and Criminal Evidence Act 1984 (section 1),Stolen goods,Local resolution,True,False
Person search,2016-11-08T12:20:00+00:00,,,,,Male,over 34,Not Stated (NS),Asian,Police and Criminal Evidence Act 1984 (section 1),Stolen goods,Suspect arrested,True,False
Person and Vehicle search,2016-11-08T17:00:00+00:00,,,,,Male,over 34,White - White Irish (W2),White,Police and Criminal Evidence Act 1984 (section 1),Stolen goods,Suspect arrested,True,False
Person and Vehicle search,2016-11-09T03:17:00+00:00,,,,,Male,25-34,White - Any other White ethnic background (W9),White,Misuse of Drugs Act 1971 (section 23),Controlled drugs,Suspect arrested,False,False
Person search,2016-11-09T04:45:00+00:00,,,,,Male,25-34,White - White British (W1),White,Police and Criminal Evidence Act 1984 (section 1),Stolen goods,Suspect arrested,False,False
Person and Vehicle search,2016-11-09T13:34:00+00:00,,,,,Male,25-34,White - White British (W1),White,Misuse of Drugs Act 1971 (section 23),Controlled drugs,Nothing found - no further action,,False
Person and Vehicle search,2016-11-09T13:55:00+00:00,,,,,Male,18-24,Black or Black British - Caribbean (B1),Black,Misuse of Drugs Act 1971 (section 23),Controlled drugs,Suspect arrested,False,False
Person and Vehicle search,2016-11-09T13:57:00+00:00,,,,,Male,18-24,Black or Black British - African (B2),Black,Misuse of Drugs Act 1971 (section 23),Controlled drugs,Nothing found - no further action,,False
Person and Vehicle search,2016-11-09T14:09:00+00:00,,,,,Male,25-34,Asian or Asian British - Bangladeshi (A3),Asian,Misuse of Drugs Act 1971 (section 23),Controlled drugs,Nothing found - no further action,,False
Person and Vehicle search,2016-11-09T15:19:00+00:00,,,,,Male,25-34,Black or Black British - African (B2),Black,Police and Criminal Evidence Act 1984 (section 1),Stolen goods,Suspect arrested,True,False
Person and Vehicle search,2016-11-09T15:35:00+00:00,,,,,Male,18-24,Black or Black British - African (B2),Black,Police and Criminal Evidence Act 1984 (section 1),Article for use in theft,Nothing found - no further action,,False
Person and Vehicle search,2016-11-09T15:59:00+00:00,,,,,Male,18-24,Black or Black British - Any other Black ethnic background (B9),Black,Police and Criminal Evidence Act 1984 (section 1),Stolen goods,Nothing found - no further action,,False
Person and Vehicle search,2016-11-10T16:00:00+00:00,,,,,Male,25-34,White - Any other White ethnic background (W9),White,Police and Criminal Evidence Act 1984 (section 1),Article for use in theft,Nothing found - no further action,,True
Person and Vehicle search,2016-11-10T16:45:00+00:00,,,,,Male,25-34,White - Any other White ethnic background (W9),White,Police and Criminal Evidence Act 1984 (section 1),Article for use in theft,Nothing found - no further action,,True
Person search,2016-11-10T19:29:00+00:00,,,,,Male,over 34,Not Stated (NS),Asian,Police and Criminal Evidence Act 1984 (section 1),Article for use in theft,Nothing found - no further action,,False
Person and Vehicle search,2016-11-10T23:45:00+00:00,,,,,Male,25-34,Asian or Asian British - Any other Asian ethnic background (A9),Asian,Police and Criminal Evidence Act 1984 (section 1),Offensive weapons,Nothing found - no further action,True,False
Person search,2016-11-11T11:13:00+00:00,,,,,Male,18-24,White - Any other White ethnic background (W9),White,Police and Criminal Evidence Act 1984 (section 1),Articles for use in criminal damage,Nothing found - no further action,,False
Person and Vehicle search,2016-11-11T23:13:00+00:00,,,,,Male,25-34,Asian or Asian British - Any other Asian ethnic background (A9),Asian,Police and Criminal Evidence Act 1984 (section 1),Stolen goods,Offender given penalty notice,False,False
Person search,2016-11-12T11:30:00+00:00,,,,,Male,over 34,White - Any other White ethnic background (W9),White,Police and Criminal Evidence Act 1984 (section 1),Offensive weapons,Nothing found - no further action,,False
Person search,2016-11-12T16:55:00+00:00,,,,,Male,over 34,White - Any other White ethnic background (W9),White,Police and Criminal Evidence Act 1984 (section 1),Article for use in theft,Suspect arrested,False,False
Person search,2016-11-12T17:36:00+00:00,,,,,Male,over 34,White - Any other White ethnic background (W9),White,Police and Criminal Evidence Act 1984 (section 1),Article for use in theft,Suspect arrested,False,False
Person and Vehicle search,2016-11-13T07:33:00+00:00,,,,,Male,25-34,Black or Black British - Caribbean (B1),Black,Police and Criminal Evidence Act 1984 (section 1),Offensive weapons,Suspect arrested,False,False
Person search,2016-11-13T10:41:00+00:00,,,,,Male,25-34,Not Stated (NS),Black,Police and Criminal Evidence Act 1984 (section 1),Article for use in theft,Nothing found - no further action,,False
Person search,2016-11-13T10:53:00+00:00,,,,,Male,18-24,White - Any other White ethnic background (W9),White,Police and Criminal Evidence Act 1984 (section 1),Stolen goods,Suspect arrested,False,False
Person search,2016-11-13T21:55:00+00:00,,,,,Male,18-24,Not Stated (NS),Black,Police and Criminal Evidence Act 1984 (section 1),Offensive weapons,Nothing found - no further action,,False
Person search,2016-11-13T22:13:00+00:00,,,,,Male,18-24,White - White British (W1),White,Police and Criminal Evidence Act 1984 (section 1),Stolen goods,Offender given penalty notice,False,False
Person and Vehicle search,2016-11-14T00:12:00+00:00,,,,,Male,18-24,Black or Black British - Caribbean (B1),Black,Firearms Act 1968 (section 47),Firearms,Suspect summonsed to court,False,False
Person and Vehicle search,2016-11-14T00:15:00+00:00,,,,,Male,18-24,Black or Black British - African (B2),Black,Firearms Act 1968 (section 47),Firearms,Suspect arrested,False,False
Person and Vehicle search,2016-11-14T03:48:00+00:00,,,,,Male,18-24,Black or Black British - African (B2),Black,Firearms Act 1968 (section 47),Firearms,Suspect arrested,False,False
Person search,2016-11-14T11:29:00+00:00,,,,,Male,25-34,White - Any other White ethnic background (W9),White,Police and Criminal Evidence Act 1984 (section 1),Article for use in theft,Suspect arrested,False,False
Person search,2016-11-14T11:30:00+00:00,,,,,Male,25-34,White - Any other White ethnic background (W9),White,Police and Criminal Evidence Act 1984 (section 1),Stolen goods,Suspect arrested,False,False
Person search,2016-11-14T14:50:00+00:00,,,,,Male,over 34,White - White British (W1),White,Misuse of Drugs Act 1971 (section 23),Controlled drugs,Suspect arrested,True,False
Person search,2016-11-14T16:45:00+00:00,,,,,Male,18-24,White - Any other White ethnic background (W9),White,Police and Criminal Evidence Act 1984 (section 1),Stolen goods,Local resolution,True,False
Person and Vehicle search,2016-11-15T11:57:00+00:00,,,,,Male,25-34,White - White British (W1),White,Police and Criminal Evidence Act 1984 (section 1),Stolen goods,Local resolution,True,False
Person search,2016-11-15T14:37:00+00:00,,,,,Male,25-34,White - Any other White ethnic background (W9),White,Misuse of Drugs Act 1971 (section 23),Controlled drugs,Suspect arrested,True,False
Person and Vehicle search,2016-11-15T14:43:00+00:00,,,,,Male,over 34,White - Any other White ethnic background (W9),White,Misuse of Drugs Act 1971 (section 23),Controlled drugs,Suspect arrested,True,False
Person search,2016-11-15T15:00:00+00:00,,,,,Male,25-34,White - Any other White ethnic background (W9),White,Misuse of Drugs Act 1971 (section 23),Controlled drugs,Suspect arrested,True,False
Person search,2016-11-16T18:11:00+00:00,,,,,Male,25-34,White - Any other White ethnic background (W9),White,Misuse of Drugs Act 1971 (section 23),Controlled drugs,Nothing found - no further action,,False
Person search,2016-11-16T19:05:00+00:00,,,,,Male,over 34,Not Stated (NS),White,Police and Criminal Evidence Act 1984 (section 1),Stolen goods,Nothing found - no further action,,False
Person search,2016-11-17T11:53:00+00:00,,,,,Male,25-34,Asian or Asian British - Any other Asian ethnic background (A9),Asian,Misuse of Drugs Act 1971 (section 23),Controlled drugs,Nothing found - no further action,,False
Person search,2016-11-17T15:00:00+00:00,,,,,Male,18-24,White - Any other White ethnic background (W9),White,Police and Criminal Evidence Act 1984 (section 1),Stolen goods,Suspect arrested,True,False
Person search,2016-11-17T15:03:00+00:00,,,,,Female,18-24,White - Any other White ethnic background (W9),White,Police and Criminal Evidence Act 1984 (section 1),Stolen goods,Suspect arrested,True,False
Person and Vehicle search,2016-11-17T19:22:00+00:00,,,,,Male,over 34,White - White British (W1),White,Misuse of Drugs Act 1971 (section 23),Controlled drugs,Suspect arrested,True,False
Person and Vehicle search,2016-11-17T19:25:00+00:00,,,,,Male,25-34,Mixed - Any other Mixed ethnic background (M9),Black,Misuse of Drugs Act 1971 (section 23),Controlled drugs,Suspect arrested,True,False
Person search,2016-11-17T21:20:00+00:00,,,,,Male,25-34,Asian or Asian British - Any other Asian ethnic background (A9),Asian,Police and Criminal Evidence Act 1984 (section 1),Stolen goods,Nothing found - no further action,,False
Person search,2016-11-18T14:00:00+00:00,,,,,Male,25-34,Black or Black British - African (B2),Black,Police and Criminal Evidence Act 1984 (section 1),Article for use in theft,Nothing found - no further action,,False
Person search,2016-11-18T15:07:00+00:00,,,,,Male,25-34,White - Any other White ethnic background (W9),White,Police and Criminal Evidence Act 1984 (section 1),Stolen goods,Nothing found - no further action,,False
Person search,2016-11-18T16:06:00+00:00,,,,,Male,over 34,White - Any other White ethnic background (W9),White,Police and Criminal Evidence Act 1984 (section 1),Article for use in theft,Nothing found - no further action,,False
Person search,2016-11-18T18:29:00+00:00,,,,,Male,over 34,White - White British (W1),White,Police and Criminal Evidence Act 1984 (section 1),Stolen goods,Suspect arrested,False,False
Person search,2016-11-18T18:31:00+00:00,,,,,Male,over 34,White - White Irish (W2),White,Police and Criminal Evidence Act 1984 (section 1),Article for use in theft,Nothing found - no further action,,False
Person and Vehicle search,2016-11-18T20:05:00+00:00,,,,,Male,25-34,Asian or Asian British - Bangladeshi (A3),Asian,Misuse of Drugs Act 1971 (section 23),Controlled drugs,Nothing found - no further action,,False
Person and Vehicle search,2016-11-18T20:14:00+00:00,,,,,Male,25-34,Asian or Asian British - Bangladeshi (A3),Asian,Misuse of Drugs Act 1971 (section 23),Controlled drugs,Nothing found - no further action,,True
Person and Vehicle search,2016-11-18T20:24:00+00:00,,,,,Male,25-34,Asian or Asian British - Bangladeshi (A3),Asian,Misuse of Drugs Act 1971 (section 23),Controlled drugs,Nothing found - no further action,,False
Person and Vehicle search,2016-11-18T20:58:00+00:00,,,,,Male,18-24,Asian or Asian British - Any other Asian ethnic background (A9),Asian,Misuse of Drugs Act 1971 (section 23),Controlled drugs,Suspect arrested,True,False
Person and Vehicle search,2016-11-18T23:53:00+00:00,,,,,Male,25-34,White - White British (W1),White,Misuse of Drugs Act 1971 (section 23),Controlled drugs,Nothing found - no further action,,False
Person and Vehicle search,2016-11-19T00:09:00+00:00,,,,,Male,25-34,White - White British (W1),White,Misuse of Drugs Act 1971 (section 23),Controlled drugs,Nothing found - no further action,,False
Person and Vehicle search,2016-11-19T00:14:00+00:00,,,,,Male,18-24,White - White British (W1),White,Misuse of Drugs Act 1971 (section 23),Controlled drugs,Nothing found - no further action,,False
Person search,2016-11-19T01:31:00+00:00,,,,,Male,over 34,White - White British (W1),White,Misuse of Drugs Act 1971 (section 23),Controlled drugs,Nothing found - no further action,,False
Person search,2016-11-19T01:31:00+00:00,,,,,Male,25-34,White - White Irish (W2),White,Misuse of Drugs Act 1971 (section 23),Controlled drugs,Nothing found - no further action,,False
Person search,2016-11-19T04:18:00+00:00,,,,,Male,10-17,White - Any other White ethnic background (W9),White,Police and Criminal Evidence Act 1984 (section 1),Stolen goods,Nothing found - no further action,,False
Person and Vehicle search,2016-11-20T19:54:00+00:00,,,,,Male,18-24,Black or Black British - African (B2),Black,Misuse of Drugs Act 1971 (section 23),Controlled drugs,Offender given drugs possession warning,True,False
Person and Vehicle search,2016-11-20T19:58:00+00:00,,,,,Male,25-34,Mixed - White and Black Caribbean (M1),Black,Misuse of Drugs Act 1971 (section 23),Controlled drugs,Nothing found - no further action,,False
Person search,2016-11-20T23:50:00+00:00,,,,,Male,10-17,White - White British (W1),White,Police and Criminal Evidence Act 1984 (section 1),Article for use in theft,Suspect arrested,False,False
Person search,2016-11-21T00:05:00+00:00,,,,,Male,10-17,White - White British (W1),White,Police and Criminal Evidence Act 1984 (section 1),Article for use in theft,Suspect arrested,False,False
Person and Vehicle search,2016-11-22T21:40:00+00:00,,,,,Male,25-34,White - Any other White ethnic background (W9),White,Misuse of Drugs Act 1971 (section 23),Controlled drugs,Suspect arrested,True,False
Person search,2016-11-22T22:00:00+00:00,,,,,Male,18-24,Not Stated (NS),White,Misuse of Drugs Act 1971 (section 23),Controlled drugs,Nothing found - no further action,,False
Person search,2016-11-22T22:12:00+00:00,,,,,Male,18-24,White - Any other White ethnic background (W9),White,Misuse of Drugs Act 1971 (section 23),Controlled drugs,Nothing found - no further action,,False
Person search,2016-11-23T14:40:00+00:00,,,,,Male,25-34,White - White British (W1),White,Police and Criminal Evidence Act 1984 (section 1),Stolen goods,Suspect arrested,True,False
Person search,2016-11-23T16:53:00+00:00,,,,,Male,over 34,White - Any other White ethnic background (W9),White,Misuse of Drugs Act 1971 (section 23),Controlled drugs,Nothing found - no further action,,False
Person search,2016-11-23T17:07:00+00:00,,,,,Male,25-34,White - White Irish (W2),White,Misuse of Drugs Act 1971 (section 23),Controlled drugs,Nothing found - no further action,,False
Person search,2016-11-23T17:45:00+00:00,,,,,Male,over 34,Asian or Asian British - Bangladeshi (A3),Asian,Police and Criminal Evidence Act 1984 (section 1),Stolen goods,Local resolution,True,False
Person search,2016-11-23T18:38:00+00:00,,,,,Male,25-34,Not Stated (NS),Asian,Police and Criminal Evidence Act 1984 (section 1),Stolen goods,Nothing found - no further action,,False
Person search,2016-11-23T21:00:00+00:00,,,,,Male,25-34,Not Stated (NS),Black,Police and Criminal Evidence Act 1984 (section 1),Stolen goods,Nothing found - no further action,,False
Person search,2016-11-24T00:57:00+00:00,,,,,Male,over 34,Asian or Asian British - Bangladeshi (A3),Asian,Police and Criminal Evidence Act 1984 (section 1),Stolen goods,Nothing found - no further action,,False
Person search,2016-11-24T17:17:00+00:00,,,,,Male,25-34,White - White British (W1),White,Police and Criminal Evidence Act 1984 (section 1),Stolen goods,Nothing found - no further action,,False
Person search,2016-11-24T17:23:00+00:00,,,,,Male,25-34,White - Any other White ethnic background (W9),White,Police and Criminal Evidence Act 1984 (section 1),Stolen goods,Nothing found - no further action,,False
Person search,2016-11-24T19:42:00+00:00,,,,,Male,over 34,Asian or Asian British - Pakistani (A2),Asian,Police and Criminal Evidence Act 1984 (section 1),Stolen goods,Nothing found - no further action,,False
Person search,2016-11-25T12:25:00+00:00,,,,,Male,18-24,White - Any other White ethnic background (W9),White,Police and Criminal Evidence Act 1984 (section 1),Article for use in theft,Suspect arrested,False,False
Person search,2016-11-25T16:15:00+00:00,,,,,Male,over 34,White - Any other White ethnic background (W9),White,Police and Criminal Evidence Act 1984 (section 1),Stolen goods,Nothing found - no further action,,False
Person search,2016-11-25T19:29:00+00:00,,,,,Male,over 34,White - Any other White ethnic background (W9),White,Police and Criminal Evidence Act 1984 (section 1),Stolen goods,Suspect arrested,False,False
Person and Vehicle search,2016-11-26T01:15:00+00:00,,,,,Female,18-24,Asian or Asian British - Pakistani (A2),Asian,Misuse of Drugs Act 1971 (section 23),Controlled drugs,Nothing found - no further action,,False
Person search,2016-11-26T01:16:00+00:00,,,,,Male,18-24,Asian or Asian British - Pakistani (A2),Asian,Misuse of Drugs Act 1971 (section 23),Controlled drugs,Nothing found - no further action,,False
Person search,2016-11-26T09:55:00+00:00,,,,,Male,10-17,Not Stated (NS),Black,Misuse of Drugs Act 1971 (section 23),Controlled drugs,Nothing found - no further action,,False
Person search,2016-11-26T18:42:00+00:00,,,,,Male,over 34,White - Any other White ethnic background (W9),White,Misuse of Drugs Act 1971 (section 23),Controlled drugs,Nothing found - no further action,,False
Person search,2016-11-26T18:42:00+00:00,,,,,Male,25-34,White - White Irish (W2),White,Misuse of Drugs Act 1971 (section 23),Controlled drugs,Nothing found - no further action,,False
Person and Vehicle search,2016-11-26T21:50:00+00:00,,,,,Female,18-24,White - Any other White ethnic background (W9),White,Misuse of Drugs Act 1971 (section 23),Controlled drugs,Suspect arrested,True,False
Person search,2016-11-26T22:39:00+00:00,,,,,Male,18-24,White - White British (W1),White,Misuse of Drugs Act 1971 (section 23),Controlled drugs,Local resolution,True,False
Person search,2016-11-27T15:55:00+00:00,,,,,Male,over 34,Black or Black British - Caribbean (B1),Black,Police and Criminal Evidence Act 1984 (section 1),Article for use in theft,Suspect arrested,True,False
Person search,2016-11-28T04:38:00+00:00,,,,,Male,18-24,White - Any other White ethnic background (W9),White,Police and Criminal Evidence Act 1984 (section 1),Stolen goods,Suspect arrested,False,False
Person and Vehicle search,2016-11-29T00:10:00+00:00,,,,,Male,10-17,Asian or Asian British - Bangladeshi (A3),Asian,Misuse of Drugs Act 1971 (section 23),Controlled drugs,Suspect arrested,True,False
Person search,2016-11-29T12:18:00+00:00,,,,,Male,25-34,White - Any other White ethnic background (W9),White,Police and Criminal Evidence Act 1984 (section 1),Stolen goods,Nothing found - no further action,,False
Person search,2016-11-29T14:41:00+00:00,,,,,Male,18-24,Asian or Asian British - Bangladeshi (A3),Asian,Police and Criminal Evidence Act 1984 (section 1),Stolen goods,Suspect arrested,False,False
Person and Vehicle search,2016-11-29T22:33:00+00:00,,,,,Male,over 34,Black or Black British - African (B2),Black,Police and Criminal Evidence Act 1984 (section 1),Article for use in theft,Nothing found - no further action,,False
Person and Vehicle search,2016-11-30T03:25:00+00:00,,,,,Male,25-34,Black or Black British - African (B2),Black,Misuse of Drugs Act 1971 (section 23),Controlled drugs,Offender given penalty notice,True,False
Person and Vehicle search,2016-11-30T03:25:00+00:00,,,,,Male,25-34,Black or Black British - African (B2),Black,Misuse of Drugs Act 1971 (section 23),Controlled drugs,Nothing found - no further action,,False
Person and Vehicle search,2016-11-30T03:36:00+00:00,,,,,Female,18-24,Mixed - White and Black Caribbean (M1),Black,Misuse of Drugs Act 1971 (section 23),Controlled drugs,Nothing found - no further action,,False
Person search,2016-11-30T12:00:00+00:00,,,,,Male,25-34,Not Stated (NS),White,Police and Criminal Evidence Act 1984 (section 1),Stolen goods,Nothing found - no further action,,False
