Type,Date,Part of a policing operation,Policing operation,Latitude,Longitude,Gender,Age range,Self-defined ethnicity,Officer-defined ethnicity,Legislation,Object of search,Outcome,Outcome linked to object of search,Removal of more than just outer clothing
Person search,2017-07-02T02:32:00+00:00,,,,,Male,25-34,Asian/Asian British - Chinese,Asian,Firearms Act 1968 (section 47),Firearms,Nothing found - no further action,False,False
Person search,2017-07-02T02:34:00+00:00,,,51.494983,-0.121188,Male,25-34,Black/African/Caribbean/Black British - African,Black,Police and Criminal Evidence Act 1984 (section 1),Offensive weapons,Nothing found - no further action,False,False
Person search,2017-07-02T02:35:00+00:00,,,,,Male,18-24,Other ethnic group - Not stated,Black,Firearms Act 1968 (section 47),Firearms,Nothing found - no further action,False,False
Person search,2017-07-02T03:46:00+00:00,,,51.517576,-0.079786,Male,over 34,Black/African/Caribbean/Black British - African,Black,Police and Criminal Evidence Act 1984 (section 1),Anything to threaten or harm anyone,Nothing found - no further action,False,False
Person search,2017-07-04T01:55:00+00:00,,,51.494983,-0.121188,Female,25-34,White - English/Welsh/Scottish/Northern Irish/British,White,Police and Criminal Evidence Act 1984 (section 1),Stolen goods,,False,False
Person and Vehicle search,2017-07-04T05:42:00+00:00,,,,,Male,over 34,White - Any other White background,White,Misuse of Drugs Act 1971 (section 23),Controlled drugs,Nothing found - no further action,False,False
Person search,2017-07-04T09:51:00+00:00,,,,,Male,over 34,White - English/Welsh/Scottish/Northern Irish/British,White,Police and Criminal Evidence Act 1984 (section 1),Article for use in theft,Nothing found - no further action,False,False
Person search,2017-07-04T10:07:00+00:00,,,,,Male,18-24,White - Any other White background,White,Misuse of Drugs Act 1971 (section 23),Controlled drugs,Offender given penalty notice,False,False
Person search,2017-07-05T05:28:00+00:00,,,51.494983,-0.121188,Male,18-24,Asian/Asian British - Bangladeshi,Asian,Misuse of Drugs Act 1971 (section 23),Controlled drugs,Offender given penalty notice,False,False
Person and Vehicle search,2017-07-05T06:48:00+00:00,,,51.514203,-0.094628,Male,10-17,Other ethnic group - Not stated,Asian,Police and Criminal Evidence Act 1984 (section 1),Anything to threaten or harm anyone,Nothing found - no further action,False,False
Person and Vehicle search,2017-07-05T06:53:00+00:00,,,,,Male,18-24,Asian/Asian British - Bangladeshi,Asian,Police and Criminal Evidence Act 1984 (section 1),Article for use in theft,,True,False
Person search,2017-07-05T07:03:00+00:00,,,51.422502,-0.366679,Male,10-17,Other ethnic group - Not stated,Asian,Police and Criminal Evidence Act 1984 (section 1),Offensive weapons,Nothing found - no further action,False,False
Person and Vehicle search,2017-07-05T11:07:00+00:00,,,,,Male,18-24,Other ethnic group - Not stated,Black,Misuse of Drugs Act 1971 (section 23),Controlled drugs,Nothing found - no further action,False,False
Person search,2017-07-05T11:20:00+00:00,,,51.517526,-0.108283,Male,18-24,White - Any other White background,White,Misuse of Drugs Act 1971 (section 23),Controlled drugs,,True,False
Person search,2017-07-06T03:00:00+00:00,,,,,Male,10-17,White - Any other White background,White,Police and Criminal Evidence Act 1984 (section 1),Article for use in theft,,True,False
Person search,2017-07-06T09:45:00+00:00,,,51.494983,-0.121188,Male,18-24,White - Any other White background,White,Misuse of Drugs Act 1971 (section 23),Controlled drugs,Offender given drugs possession warning,False,False
Person search,2017-07-06T09:49:00+00:00,,,51.422502,-0.366679,Male,10-17,White - English/Welsh/Scottish/Northern Irish/British,White,Misuse of Drugs Act 1971 (section 23),Controlled drugs,Nothing found - no further action,False,False
Person search,2017-07-06T10:33:00+00:00,,,51.494983,-0.121188,Female,18-24,Black/African/Caribbean/Black British - Caribbean,Black,Misuse of Drugs Act 1971 (section 23),Controlled drugs,Nothing found - no further action,False,False
Person search,2017-07-06T10:36:00+00:00,,,,,Male,25-34,Black/African/Caribbean/Black British - Caribbean,Black,Misuse of Drugs Act 1971 (section 23),Controlled drugs,Nothing found - no further action,False,False
Person search,2017-07-07T01:32:00+00:00,,,,,Male,25-34,Mixed/Multiple ethnic groups - White and Black African,Black,Misuse of Drugs Act 1971 (section 23),Controlled drugs,Nothing found - no further action,False,False
Person search,2017-07-07T01:33:00+00:00,,,51.422502,-0.366679,Male,25-34,Black/African/Caribbean/Black British - African,Black,Misuse of Drugs Act 1971 (section 23),Controlled drugs,Nothing found - no further action,False,False
Person search,2017-07-07T01:40:00+00:00,,,51.517576,-0.079786,Male,25-34,Black/African/Caribbean/Black British - African,Asian,Misuse of Drugs Act 1971 (section 23),Controlled drugs,Nothing found - no further action,False,False
Person search,2017-07-07T05:26:00+00:00,,,,,Male,18-24,Asian/Asian British - Bangladeshi,Asian,Police and Criminal Evidence Act 1984 (section 1),Offensive weapons,,False,False
Person and Vehicle search,2017-07-07T11:28:00+00:00,,,,,Male,over 34,White - English/Welsh/Scottish/Northern Irish/British,White,Police and Criminal Evidence Act 1984 (section 1),Stolen goods,Nothing found - no further action,False,False
Person search,2017-07-09T00:54:00+00:00,,,,,Male,25-34,Mixed/Multiple ethnic groups - White and Black Caribbean,Black,Misuse of Drugs Act 1971 (section 23),Controlled drugs,Nothing found - no further action,False,False
Person search,2017-07-09T01:05:00+00:00,,,51.511560,-0.090804,Female,25-34,Other ethnic group - Not stated,Black,Misuse of Drugs Act 1971 (section 23),Controlled drugs,Nothing found - no further action,False,False
Person and Vehicle search,2017-07-09T03:48:00+00:00,,,,,Male,25-34,Other ethnic group - Not stated,White,Police and Criminal Evidence Act 1984 (section 1),Evidence of offences under the Act,,True,False
Person search,2017-07-10T00:40:00+00:00,,,,,Male,25-34,Other ethnic group - Not stated,Asian,Police and Criminal Evidence Act 1984 (section 1),Stolen goods,,False,False
Person search,2017-07-10T00:55:00+00:00,,,51.749453,0.457564,Male,18-24,Asian/Asian British - Chinese,Asian,Police and Criminal Evidence Act 1984 (section 1),Article for use in theft,,True,False
Person search,2017-07-10T09:39:00+00:00,,,,,Male,over 34,White - Any other White background,White,Police and Criminal Evidence Act 1984 (section 1),Stolen goods,Nothing found - no further action,False,False
Person search,2017-07-11T00:04:00+00:00,,,,,Male,10-17,Other ethnic group - Not stated,White,Police and Criminal Evidence Act 1984 (section 1),Stolen goods,Nothing found - no further action,False,False
Person search,2017-07-11T00:06:00+00:00,,,51.517920,-0.092628,Male,10-17,White - English/Welsh/Scottish/Northern Irish/British,White,Police and Criminal Evidence Act 1984 (section 1),Evidence of offences under the Act,Nothing found - no further action,False,False
Person search,2017-07-11T00:13:00+00:00,,,,,Female,10-17,Other ethnic group - Not stated,White,Police and Criminal Evidence Act 1984 (section 1),Stolen goods,Nothing found - no further action,False,False
Person search,2017-07-11T01:07:00+00:00,,,,,Male,25-34,White - Any other White background,Other,Misuse of Drugs Act 1971 (section 23),Controlled drugs,Nothing found - no further action,False,False
Person and Vehicle search,2017-07-11T03:25:00+00:00,,,51.494983,-0.121188,Male,over 34,White - Any other White background,White,Misuse of Drugs Act 1971 (section 23),Controlled drugs,,True,False
Person search,2017-07-11T04:49:00+00:00,,,,,Male,over 34,Other ethnic group - Not stated,White,Police and Criminal Evidence Act 1984 (section 1),Evidence of offences under the Act,Local resolution,False,False
Person search,2017-07-12T02:54:00+00:00,,,51.494983,-0.121188,Male,10-17,Other ethnic group - Not stated,Black,Misuse of Drugs Act 1971 (section 23),Controlled drugs,,True,False
Person search,2017-07-12T07:24:00+00:00,,,51.494983,-0.121188,Male,10-17,Black/African/Caribbean/Black British - African,Black,Police and Criminal Evidence Act 1984 (section 1),Anything to threaten or harm anyone,Nothing found - no further action,False,False
Person search,2017-07-13T06:15:00+00:00,,,,,Male,18-24,White - Any other White background,White,Police and Criminal Evidence Act 1984 (section 1),Offensive weapons,,True,False
Person search,2017-07-14T03:11:00+00:00,,,,,Male,over 34,Asian/Asian British - Bangladeshi,Asian,Police and Criminal Evidence Act 1984 (section 1),Stolen goods,Nothing found - no further action,False,False
Person search,2017-07-14T03:16:00+00:00,,,,,Female,over 34,White - Any other White background,White,Police and Criminal Evidence Act 1984 (section 1),Stolen goods,Nothing found - no further action,False,False
Person search,2017-07-14T11:18:00+00:00,,,,,Male,over 34,Black/African/Caribbean/Black British - African,Black,Police and Criminal Evidence Act 1984 (section 1),Anything to threaten or harm anyone,Nothing found - no further action,False,False
Person search,2017-07-15T01:50:00+00:00,,,51.494983,-0.121188,Male,18-24,Black/African/Caribbean/Black British - African,Black,Police and Criminal Evidence Act 1984 (section 1),Anything to threaten or harm anyone,Offender given drugs possession warning,False,False
Person search,2017-07-15T01:54:00+00:00,,,,,Male,25-34,Black/African/Caribbean/Black British - Any other Black/African/Caribbean background,Black,Police and Criminal Evidence Act 1984 (section 1),Stolen goods,,True,False
Person search,2017-07-15T01:59:00+00:00,,,51.513268,-0.100202,Male,25-34,Black/African/Caribbean/Black British - Any other Black/African/Caribbean background,Black,Misuse of Drugs Act 1971 (section 23),Controlled drugs,,False,False
Person search,2017-07-15T02:04:00+00:00,,,,,Male,25-34,Black/African/Caribbean/Black British - African,Black,Police and Criminal Evidence Act 1984 (section 1),Article for use in theft,,False,False
Person search,2017-07-15T02:08:00+00:00,,,,,Male,25-34,Black/African/Caribbean/Black British - African,Black,Police and Criminal Evidence Act 1984 (section 1),Article for use in theft,Nothing found - no further action,False,False
Person search,2017-07-15T02:16:00+00:00,,,51.517576,-0.079786,Male,25-34,White - English/Welsh/Scottish/Northern Irish/British,White,Misuse of Drugs Act 1971 (section 23),Controlled drugs,Nothing found - no further action,False,False
Person and Vehicle search,2017-07-16T00:17:00+00:00,,,51.494983,-0.121188,Male,18-24,White - English/Welsh/Scottish/Northern Irish/British,White,Police and Criminal Evidence Act 1984 (section 1),Anything to threaten or harm anyone,,True,False
Person and Vehicle search,2017-07-16T00:30:00+00:00,,,51.494983,-0.121188,Male,18-24,Asian/Asian British - Indian,Asian,Police and Criminal Evidence Act 1984 (section 1),Anything to threaten or harm anyone,,True,False
Person search,2017-07-16T00:30:00+00:00,,,51.516703,-0.093558,Male,18-24,White - English/Welsh/Scottish/Northern Irish/British,White,Police and Criminal Evidence Act 1984 (section 1),Anything to threaten or harm anyone,Suspect arrested,False,False
Person search,2017-07-16T11:36:00+00:00,,,51.513384,-0.089647,Male,over 34,Other ethnic group - Not stated,White,Police and Criminal Evidence Act 1984 (section 1),Stolen goods,Nothing found - no further action,False,False
Person search,2017-07-16T11:43:00+00:00,,,,,Male,over 34,Other ethnic group - Not stated,White,Police and Criminal Evidence Act 1984 (section 1),Article for use in theft,Nothing found - no further action,False,False
Person search,2017-07-16T11:44:00+00:00,,,,,Male,18-24,Other ethnic group - Not stated,White,Police and Criminal Evidence Act 1984 (section 1),Article for use in theft,Nothing found - no further action,False,False
Person search,2017-07-17T01:26:00+00:00,,,51.517196,-0.085149,Male,over 34,Other ethnic group - Not stated,White,Police and Criminal Evidence Act 1984 (section 1),Stolen goods,Nothing found - no further action,False,False
Person search,2017-07-17T02:44:00+00:00,,,51.495928,-0.100073,Male,10-17,Black/African/Caribbean/Black British - African,Black,Police and Criminal Evidence Act 1984 (section 1),Article for use in theft,Nothing found - no further action,False,False
Person search,2017-07-17T02:47:00+00:00,,,51.495928,-0.100073,Male,10-17,Other ethnic group - Not stated,Black,Police and Criminal Evidence Act 1984 (section 1),Offensive weapons,Nothing found - no further action,False,False
Person search,2017-07-18T08:52:00+00:00,,,51.518433,-0.078856,Male,18-24,White - Any other White background,White,Misuse of Drugs Act 1971 (section 23),Controlled drugs,,True,False
Person search,2017-07-18T09:20:00+00:00,,,,,Male,25-34,Other ethnic group - Not stated,White,Police and Criminal Evidence Act 1984 (section 1),Stolen goods,Nothing found - no further action,False,False
Person search,2017-07-18T11:44:00+00:00,,,51.518433,-0.078856,Male,25-34,White - Any other White background,White,Misuse of Drugs Act 1971 (section 23),Controlled drugs,,True,False
Person search,2017-07-19T03:28:00+00:00,,,,,Male,25-34,Other ethnic group - Not stated,White,Police and Criminal Evidence Act 1984 (section 1),Article for use in theft,,True,False
Person search,2017-07-20T04:49:00+00:00,,,,,Male,over 34,White - English/Welsh/Scottish/Northern Irish/British,White,Misuse of Drugs Act 1971 (section 23),Controlled drugs,Nothing found - no further action,False,False
Person search,2017-07-20T05:00:00+00:00,,,,,Male,18-24,White - English/Welsh/Scottish/Northern Irish/British,White,Police and Criminal Evidence Act 1984 (section 1),Article for use in theft,,False,False
Person search,2017-07-20T06:05:00+00:00,,,,,Male,18-24,Black/African/Caribbean/Black British - Caribbean,Asian,Misuse of Drugs Act 1971 (section 23),Controlled drugs,,True,False
Person and Vehicle search,2017-07-20T06:18:00+00:00,,,51.525555,-0.082160,Male,18-24,Black/African/Caribbean/Black British - Caribbean,Asian,Misuse of Drugs Act 1971 (section 23),Controlled drugs,,True,False
Person search,2017-07-20T06:45:00+00:00,,,51.517955,-0.073831,Male,18-24,Asian/Asian British - Bangladeshi,Asian,Aviation Security Act 1982 (section 27(1)),Controlled drugs,Article found - Detailed outcome unavailable,False,False
Person and Vehicle search,2017-07-20T06:45:00+00:00,,,,,Male,25-34,Asian/Asian British - Bangladeshi,Asian,Misuse of Drugs Act 1971 (section 23),Controlled drugs,,False,False
Person search,2017-07-20T06:51:00+00:00,,,,,Male,over 34,Black/African/Caribbean/Black British - Caribbean,Black,Misuse of Drugs Act 1971 (section 23),Controlled drugs,Article found - Detailed outcome unavailable,False,False
Person search,2017-07-20T07:02:00+00:00,,,,,Female,18-24,White - English/Welsh/Scottish/Northern Irish/British,White,Misuse of Drugs Act 1971 (section 23),Controlled drugs,Nothing found - no further action,False,False
Person and Vehicle search,2017-07-21T06:23:00+00:00,,,,,Male,18-24,White - Any other White background,White,Misuse of Drugs Act 1971 (section 23),Controlled drugs,,True,False
Person search,2017-07-21T09:52:00+00:00,,,,,Male,over 34,Black/African/Caribbean/Black British - Caribbean,White,Police and Criminal Evidence Act 1984 (section 1),Stolen goods,Nothing found - no further action,False,False
Person search,2017-07-21T10:11:00+00:00,,,,,Male,25-34,White - Irish,White,Misuse of Drugs Act 1971 (section 23),Controlled drugs,Offender given drugs possession warning,False,False
Person search,2017-07-21T10:16:00+00:00,,,,,Male,25-34,Black/African/Caribbean/Black British - Caribbean,White,Misuse of Drugs Act 1971 (section 23),Controlled drugs,Article found - Detailed outcome unavailable,False,False
Person search,2017-07-22T09:53:00+00:00,,,,,Male,18-24,White - Any other White background,White,Misuse of Drugs Act 1971 (section 23),Controlled drugs,,False,False
Person search,2017-07-23T03:14:00+00:00,,,,,Male,18-24,White - Any other White background,White,Misuse of Drugs Act 1971 (section 23),Controlled drugs,,False,False
Person search,2017-07-23T07:15:00+00:00,,,51.499997,-0.099212,Male,over 34,White - English/Welsh/Scottish/Northern Irish/British,White,Firearms Act 1968 (section 47),Firearms,,False,False
Person search,2017-07-25T02:22:00+00:00,,,,,Male,18-24,Mixed/Multiple ethnic groups - White and Black Caribbean,Black,Misuse of Drugs Act 1971 (section 23),Controlled drugs,Offender cautioned,False,False
Person search,2017-07-25T04:55:00+00:00,,,51.514158,-0.100179,Male,25-34,White - English/Welsh/Scottish/Northern Irish/British,White,Police and Criminal Evidence Act 1984 (section 1),Article for use in theft,Local resolution,False,False
Person search,2017-07-25T05:30:00+00:00,,,,,Male,18-24,Other ethnic group - Any other ethnic group,Asian,Misuse of Drugs Act 1971 (section 23),Controlled drugs,Local resolution,False,False
Person search,2017-07-25T05:31:00+00:00,,,,,Male,18-24,Asian/Asian British - Bangladeshi,Asian,Misuse of Drugs Act 1971 (section 23),Controlled drugs,Nothing found - no further action,False,False
Person and Vehicle search,2017-07-25T05:42:00+00:00,,,51.758891,-0.736817,Male,10-17,Mixed/Multiple ethnic groups - White and Black Caribbean,Black,Misuse of Drugs Act 1971 (section 23),Controlled drugs,Nothing found - no further action,False,False
Person and Vehicle search,2017-07-25T05:42:00+00:00,,,51.758891,-0.736817,Male,18-24,Asian/Asian British - Bangladeshi,Asian,Misuse of Drugs Act 1971 (section 23),Controlled drugs,Nothing found - no further action,False,False
Person search,2017-07-25T05:58:00+00:00,,,,,Male,18-24,Black/African/Caribbean/Black British - Any other Black/African/Caribbean background,Black,Misuse of Drugs Act 1971 (section 23),Controlled drugs,Nothing found - no further action,False,False
Person search,2017-07-25T07:43:00+00:00,,,,,Male,25-34,White - English/Welsh/Scottish/Northern Irish/British,White,Misuse of Drugs Act 1971 (section 23),Controlled drugs,Nothing found - no further action,False,False
Person search,2017-07-25T08:18:00+00:00,,,51.494983,-0.121188,Male,25-34,White - English/Welsh/Scottish/Northern Irish/British,White,Police and Criminal Evidence Act 1984 (section 1),Stolen goods,Local resolution,False,False
Person and Vehicle search,2017-07-27T07:00:00+00:00,,,,,Male,18-24,White - Any other White background,White,Misuse of Drugs Act 1971 (section 23),Controlled drugs,,True,False
Person search,2017-07-27T08:20:00+00:00,,,,,Male,over 34,Other ethnic group - Not stated,Asian,Police and Criminal Evidence Act 1984 (section 1),Evidence of offences under the Act,,True,False
Person search,2017-07-28T02:38:00+00:00,,,,,Male,25-34,White - English/Welsh/Scottish/Northern Irish/British,White,Police and Criminal Evidence Act 1984 (section 1),Stolen goods,Nothing found - no further action,False,False
Person search,2017-07-28T03:50:00+00:00,,,,,Male,25-34,White - English/Welsh/Scottish/Northern Irish/British,White,Misuse of Drugs Act 1971 (section 23),Controlled drugs,Offender given drugs possession warning,False,False
Person search,2017-07-28T04:30:00+00:00,,,,,Male,18-24,White - Any other White background,White,Police and Criminal Evidence Act 1984 (section 1),Article for use in theft,,True,False
Person search,2017-07-28T06:25:00+00:00,,,51.494983,-0.121188,Male,18-24,Other ethnic group - Not stated,Asian,Police and Criminal Evidence Act 1984 (section 1),Stolen goods,,False,False
Person search,2017-07-28T08:00:00+00:00,,,,,Male,18-24,White - English/Welsh/Scottish/Northern Irish/British,White,Misuse of Drugs Act 1971 (section 23),Controlled drugs,,True,False
Person search,2017-07-28T09:30:00+00:00,,,,,Male,18-24,Asian/Asian British - Bangladeshi,Black,Police and Criminal Evidence Act 1984 (section 1),Anything to threaten or harm anyone,Nothing found - no further action,False,False
Person search,2017-07-28T09:31:00+00:00,,,,,Male,25-34,Asian/Asian British - Bangladeshi,Asian,Police and Criminal Evidence Act 1984 (section 1),Article for use in theft,Nothing found - no further action,False,False
Person search,2017-07-28T09:58:00+00:00,,,51.517146,-0.098642,Male,18-24,Asian/Asian British - Bangladeshi,Black,Police and Criminal Evidence Act 1984 (section 1),Anything to threaten or harm anyone,Nothing found - no further action,False,False
Person search,2017-07-29T04:12:00+00:00,,,51.517244,-0.080376,Male,18-24,Other ethnic group - Not stated,Other,Police and Criminal Evidence Act 1984 (section 1),Stolen goods,,True,False
Person search,2017-07-30T00:50:00+00:00,,,,,Male,over 34,Black/African/Caribbean/Black British - Caribbean,Black,Police and Criminal Evidence Act 1984 (section 1),Evidence of offences under the Act,,True,False
Person search,2017-07-30T01:33:00+00:00,,,,,Male,25-34,Asian/Asian British - Bangladeshi,Asian,Misuse of Drugs Act 1971 (section 23),Controlled drugs,,True,False
Vehicle search,2017-07-30T01:40:00+00:00,,,,,Other,,Other ethnic group - Not stated,Other,Misuse of Drugs Act 1971 (section 23),Controlled drugs,,True,False
Person search,2017-07-30T03:41:00+00:00,,,,,Male,25-34,White - English/Welsh/Scottish/Northern Irish/British,White,Police and Criminal Evidence Act 1984 (section 1),Article for use in theft,Nothing found - no further action,False,False
Person search,2017-07-30T07:49:00+00:00,,,51.517576,-0.079786,Male,over 34,White - English/Welsh/Scottish/Northern Irish/British,White,Police and Criminal Evidence Act 1984 (section 1),Anything to threaten or harm anyone,Local resolution,False,False
Person search,2017-07-30T08:10:00+00:00,,,,,Male,18-24,Mixed/Multiple ethnic groups - White and Black African,Other,Police and Criminal Evidence Act 1984 (section 1),Article for use in theft,Nothing found - no further action,False,False
Person search,2017-07-31T02:49:00+00:00,,,51.518567,-0.107044,Male,25-34,Other ethnic group - Not stated,White,Police and Criminal Evidence Act 1984 (section 1),Stolen goods,Local resolution,False,False
Person search,2017-07-31T03:45:00+00:00,,,,,Female,25-34,White - English/Welsh/Scottish/Northern Irish/British,White,Police and Criminal Evidence Act 1984 (section 1),Stolen goods,Nothing found - no further action,False,False
