Crime ID,Month,Reported by,Falls within,Longitude,Latitude,Location,LSOA code,LSOA name,Outcome type
2d760a53b4ec33dcd36bf44df789e7f75ef5f103c01d123d5dfed2ca92444708,2017-05,City of London Police,City of London Police,-0.073065,51.511180,On or near GOODMAN'S YARD,E01000005,City of London 001E,Investigation complete; no suspect identified
702296f6cb6f7ba74141633ab030b1e7cda70ccb80cce77f1c51c0a551616330,2017-05,City of London Police,City of London Police,-0.090419,51.514917,On or near GRESHAM STREET,E01032739,City of London 001F,Investigation complete; no suspect identified
0e9fac966cd60a79df80722929021da712377123143134f4612ccfec957d2e33,2017-05,City of London Police,City of London Police,-0.075146,51.513435,On or near Bus/Coach Station,E01000005,City of London 001E,Investigation complete; no suspect identified
b18edba9b42a5e9b74e683137a8ca249d574693fcd4c248c8506a505492c8017,2017-05,City of London Police,City of London Police,-0.088473,51.518374,On or near MOOR PLACE,E01032739,City of London 001F,Investigation complete; no suspect identified
61729d3736e954c9370ced1a70ba35e43252d673af247659e9dac1b4473a2eaf,2017-05,City of London Police,City of London Police,-0.080318,51.520678,On or near PRIMROSE STREET,E01032739,City of London 001F,Investigation complete; no suspect identified
c034031f2d6c3af0682ccb62fb9d199367a791113d0ce007a25492550d595c99,2017-05,City of London Police,City of London Police,-0.080318,51.520678,On or near PRIMROSE STREET,E01032739,City of London 001F,Investigation complete; no suspect identified
19b99d4c0139b7f40fe25a67912393c51c147fa657fa6e9da70fa7966617aab6,2017-05,City of London Police,City of London Police,-0.105134,51.513869,On or near BRIDE LANE,E01032740,City of London 001G,Investigation complete; no suspect identified
0f77275539e62f81a7a1a94fc3223950088485b80ea0c11d9d856ae96eac6610,2017-05,City of London Police,City of London Police,-0.101345,51.518709,On or near Parking Area,E01032740,City of London 001G,Investigation complete; no suspect identified
707b3e7658a0426961a162d29cad7abfe4467a31c640536b28d0b73283f6fa8a,2017-05,City of London Police,City of London Police,-0.100202,51.513268,On or near DEAN'S COURT,E01032739,City of London 001F,Investigation complete; no suspect identified
9491521f43a5b6b0cc46fffc3d8241bac77a3199455c2723de51bfcfac4524e1,2017-05,City of London Police,City of London Police,-0.079011,51.509614,On or near Pedestrian Subway,E01032739,City of London 001F,Investigation complete; no suspect identified
7ac7b7ce452cc0be447c1e9257b9edc3fb5cc7f9f7a8f19d79ac446c8d46ea67,2017-05,City of London Police,City of London Police,-0.075146,51.513435,On or near Bus/Coach Station,E01000005,City of London 001E,Investigation complete; no suspect identified
6d79eec0d14039c43c275f9fa60a4c0d64104dd1381989ef2f5eefce2a0e36af,2017-05,City of London Police,City of London Police,-0.105134,51.513869,On or near BRIDE LANE,E01032740,City of London 001G,Investigation complete; no suspect identified
0cc0add41cbf7b38cb6a2de4f1a72966f5fe2012e24262e9ccc88c00c778b318,2017-05,City of London Police,City of London Police,-0.090203,51.511118,On or near SCOTT'S YARD,E01032739,City of London 001F,Investigation complete; no suspect identified
26b1005af6a79834753e6ea2c25c1b7c84ddea20a91eebc5a4d6711455cb2111,2017-05,City of London Police,City of London Police,-0.081938,51.513007,On or near LIME STREET,E01032739,City of London 001F,Investigation complete; no suspect identified
d2b8b960ece52a5196ed486e0e63ea5a1a8dc70e596417b5e5e389a17e4fa695,2017-05,City of London Police,City of London Police,-0.112939,51.518231,On or near SOUTHAMPTON BUILDINGS,E01032740,City of London 001G,Investigation complete; no suspect identified
5931993d3bd9dcd24b0d6a8213a758aab25936dfa19305856f6e68df9bfecb05,2017-05,City of London Police,City of London Police,-0.097562,51.518864,On or near Parking Area,E01000001,City of London 001A,Investigation complete; no suspect identified
d4e797a5593df6887430f3b0ca7e45a8b52226c9c44f44356826c527674c304c,2017-05,City of London Police,City of London Police,-0.073065,51.511180,On or near GOODMAN'S YARD,E01000005,City of London 001E,Formal action is not in the public interest
cdb675928ecdf73423661cffdcc1c533505ab2811eb01c4990bd0ab57591bc34,2017-05,City of London Police,City of London Police,-0.078856,51.518433,On or near ARTILLERY LANE,E01032739,City of London 001F,Investigation complete; no suspect identified
53eea7401be04e3e2e40162f493fde20fd328e1ef534d69370eb288713e3abbf,2017-05,City of London Police,City of London Police,-0.096561,51.514513,On or near CHEAPSIDE,E01032739,City of London 001F,Formal action is not in the public interest
79a0f62e5ba67a94251a5488e1c5708c079469a25628eea5aff738cde5172338,2017-05,City of London Police,City of London Police,-0.111497,51.518226,On or near Pedestrian Subway,E01000914,Camden 028B,Investigation complete; no suspect identified
8604c660f145d5937895fd1e9cb0b5ae3e869a4cc4bceabb2c4cd4a2156791da,2017-05,City of London Police,City of London Police,-0.080318,51.520678,On or near PRIMROSE STREET,E01032739,City of London 001F,Investigation complete; no suspect identified
9d41fc6683f0ba0a0696f120c43836649d24db55dc6f3d49fc47ee850786e865,2017-05,City of London Police,City of London Police,-0.078779,51.508971,On or near GLOUCESTER COURT,E01004293,Tower Hamlets 027B,Investigation complete; no suspect identified
72edfe40f1ca9b08fd16e2df36c88a289dbf153bee57f50a77fd28c55c534372,2017-05,City of London Police,City of London Police,-0.078856,51.518433,On or near ARTILLERY LANE,E01032739,City of London 001F,Investigation complete; no suspect identified
330c7b9a7eaa8bdde5da22585c388d26a429df027a4e1eb448bc55d42950d219,2017-05,City of London Police,City of London Police,-0.084095,51.516900,On or near NEW BROAD STREET,E01032739,City of London 001F,Investigation complete; no suspect identified
9de701c04d3a97f8f24e13144df0284c6e27a6083876caef5e97d4935e003360,2017-05,City of London Police,City of London Police,-0.090348,51.519358,On or near MOOR LANE,E01000002,City of London 001B,Investigation complete; no suspect identified
485a8a2c24863d3d6eaab133c241b155a6df8489e282db3b397c38778e8c77ae,2017-05,City of London Police,City of London Police,-0.086764,51.510307,On or near FISH STREET HILL,E01032739,City of London 001F,Investigation complete; no suspect identified
9b0cc39b5f9cd093f032cbb206a288898eb6fd24a34f078d4062a1b020791d11,2017-05,City of London Police,City of London Police,-0.093493,51.513447,On or near BOW LANE,E01032739,City of London 001F,Investigation complete; no suspect identified
dd01a155ff4bcd824bb02c886cf6698c8475a9c879bdb20c979753773b1c34d3,2017-05,City of London Police,City of London Police,-0.088203,51.518262,On or near MOORGATE,E01032739,City of London 001F,Investigation complete; no suspect identified
9f9b8c24f6f0e396b4054c49ab4047268f3c234840a8d45a59dc355c1b228c1d,2017-05,City of London Police,City of London Police,-0.081580,51.520510,On or near PINDAR STREET,E01032739,City of London 001F,Investigation complete; no suspect identified
e6fdda05efb28c45d6af3125ae64f6fec2ba628a106eebbaa8001f61d2323a2b,2017-05,City of London Police,City of London Police,-0.094720,51.514420,On or near WOOD STREET,E01032739,City of London 001F,Unable to prosecute suspect
09aba853d41c1d4f67ebce650a497fbbc2a39b9e6a73430e478ba1df8a8fa7d3,2017-05,City of London Police,City of London Police,-0.082571,51.514753,On or near GREAT ST HELEN'S,E01032739,City of London 001F,Investigation complete; no suspect identified
7de3c06d314a8bb8a1dd7c28450521c9ec41c9a075b861adc1584401fa10dc50,2017-05,City of London Police,City of London Police,-0.108231,51.513928,On or near PLEYDELL STREET,E01032740,City of London 001G,Investigation complete; no suspect identified
687364cd6bd300e7a3328371c3e733c65dcc5f10713dd381814c486af001d758,2017-05,City of London Police,City of London Police,-0.107148,51.511879,On or near TALLIS STREET,E01032740,City of London 001G,Investigation complete; no suspect identified
5fceebeba2967e8c3bee6e37576f3bcdc027922a774620b44417c04e0c77474b,2017-05,City of London Police,City of London Police,-0.085310,51.518511,On or near ELDON STREET,E01032739,City of London 001F,Investigation complete; no suspect identified
110aca2bc4b0927b8e56e3419f1bfddc167065043bba7b7d912abc872a467eef,2017-05,City of London Police,City of London Police,-0.086764,51.510307,On or near FISH STREET HILL,E01032739,City of London 001F,Investigation complete; no suspect identified
720f2993b4c4f0bf517256ac11efaf45e6ca16eaba41086be5b3c6d8f34b0588,2017-05,City of London Police,City of London Police,-0.093933,51.519812,On or near Conference/Exhibition Centre,E01000002,City of London 001B,Investigation complete; no suspect identified
e1cde0f16980f8594debfeb43ab136e7bff9eb303189fe66549cf1c4bfbea806,2017-05,City of London Police,City of London Police,-0.096348,51.515472,On or near FOSTER LANE,E01000001,City of London 001A,Investigation complete; no suspect identified
d5608e5ed91849aaf6357ce607bbcd577075b65971048491b68950cd76ca0548,2017-05,City of London Police,City of London Police,-0.084618,51.512682,On or near GRACECHURCH STREET,E01032739,City of London 001F,Investigation complete; no suspect identified
eb8c6841c500a9f1295b955726deb9bf0eb6a5d96d2fde763959aee533267ca0,2017-05,City of London Police,City of London Police,-0.079786,51.517576,On or near Police Station,E01032739,City of London 001F,Investigation complete; no suspect identified
05029c3e75ea6ab105e9efef0e225d3a60cc2f6d144f827712dba1a220cd416f,2017-05,City of London Police,City of London Police,-0.086728,51.510477,On or near KING WILLIAM STREET,E01032739,City of London 001F,Investigation complete; no suspect identified
53b73da0c27b338eed3c6e156391705a9fd08055c0a511e691eda8427f564709,2017-05,City of London Police,City of London Police,-0.097277,51.515307,On or near ST MARTIN'S LE GRAND,E01000001,City of London 001A,Investigation complete; no suspect identified
057050bd612f9173fedc1f07c05fae771794f289e054dd472fd9ad72805dbfae,2017-05,City of London Police,City of London Police,-0.080318,51.520678,On or near PRIMROSE STREET,E01032739,City of London 001F,Investigation complete; no suspect identified
aed73fa02907e96d2112e76eb87b0802b34d0f312c43c009779ac800d603b7c1,2017-05,City of London Police,City of London Police,-0.082571,51.514753,On or near GREAT ST HELEN'S,E01032739,City of London 001F,Unable to prosecute suspect
2f85e8ad7f7a888bb1ab966a175efa14c768e4c898209f9f108340e850f1690d,2017-05,City of London Police,City of London Police,-0.088203,51.518262,On or near MOORGATE,E01032739,City of London 001F,Investigation complete; no suspect identified
6d633123cec2c7cf746efcb60147ab821b9c3b6457af96c3b2ff3c4edab224fe,2017-05,City of London Police,City of London Police,-0.088203,51.518262,On or near MOORGATE,E01032739,City of London 001F,Unable to prosecute suspect
21c0a964898966c74fb37c655f4f148f20d46f91fa9dea777a01aa3126b6eacf,2017-05,City of London Police,City of London Police,-0.080146,51.514848,On or near BURY COURT,E01032739,City of London 001F,Investigation complete; no suspect identified
738819cfc055a01206009fc69be66e0797c12732e17ff8a64d7c54a3cf93b22f,2017-05,City of London Police,City of London Police,-0.094468,51.521853,On or near GOLDEN LANE,E01000003,City of London 001C,Investigation complete; no suspect identified
cae033a74dc4428bb2900d7a19c6f619a6d90aae49d5c4beec0db6a5be78cb76,2017-05,City of London Police,City of London Police,-0.083086,51.511407,On or near ROOD LANE,E01032739,City of London 001F,Investigation complete; no suspect identified
10b5c7dd7657fd473efa4a7af85e6644dffb005a3b26a7e87118837f5fefa99e,2017-05,City of London Police,City of London Police,-0.076437,51.519050,On or near BRUSHFIELD STREET,E01004307,Tower Hamlets 015B,Investigation complete; no suspect identified
081d05a297f4f3a334d52eed95eb4bad2a119740a28b0a01738bc56df45f7ef2,2017-05,City of London Police,City of London Police,-0.082527,51.512027,On or near CULLUM STREET,E01032739,City of London 001F,Investigation complete; no suspect identified
2d1bd0c20df4e884b80d556b5d1a5a6e9f1055d0e27c961201efd56c5101d0c3,2017-05,City of London Police,City of London Police,-0.092321,51.513194,On or near PANCRAS LANE,E01032739,City of London 001F,Investigation complete; no suspect identified
203245602bd1fe8cfd57922819af1f129bfb317504abff69acc35b5c6577d2bb,2017-05,City of London Police,City of London Police,-0.091494,51.510924,On or near COLLEGE STREET,E01032739,City of London 001F,Investigation complete; no suspect identified
1f2ee2a409ad91599bc092bfe2928d71c14a09415949e20c6c0277e67ce961dd,2017-05,City of London Police,City of London Police,-0.080234,51.516855,On or near DEVONSHIRE ROW,E01032739,City of London 001F,Investigation complete; no suspect identified
f563cf22dfbfc8d2e07d2f6c1b255c64816a0d239df2aeb870eb801f7b764d7c,2017-05,City of London Police,City of London Police,-0.080665,51.509344,On or near Pedestrian Subway,E01032739,City of London 001F,Investigation complete; no suspect identified
19969997ddc987e078ea58a87037db4d43c02731c708b16f6aa89a01f97bb76b,2017-05,City of London Police,City of London Police,-0.110735,51.517836,On or near Further/Higher Educational Building,E01032740,City of London 001G,Investigation complete; no suspect identified
e8a3fc1ccc2fda7752651bc4efde14ac88fa528a825abea20fdb61b9f2ca8777,2017-05,City of London Police,City of London Police,-0.077224,51.516122,On or near Shopping Area,E01000005,City of London 001E,Investigation complete; no suspect identified
f86674c8babddb8cfc0f80a2b3a1a66058ee156f08fcfe8c9efca9df1541a1b1,2017-05,City of London Police,City of London Police,-0.086166,51.510828,On or near EASTCHEAP,E01032739,City of London 001F,Investigation complete; no suspect identified
875a06fb0635ae2b1e1ce03208956f9b7b34b3f991b17685fee1a3a90c6840da,2017-05,City of London Police,City of London Police,-0.085257,51.511200,On or near TALBOT COURT,E01032739,City of London 001F,Investigation complete; no suspect identified
341497665940523ee0ebf20b8a59b2f04b29bb9e5ed0f8e984096f9c14d95882,2017-05,City of London Police,City of London Police,-0.084566,51.517690,On or near BLOMFIELD STREET,E01032739,City of London 001F,Investigation complete; no suspect identified
8c16ce6f2008e57c5604cbc16b23ea5dc9e1d043cc9a2515dce73dfe900dd951,2017-05,City of London Police,City of London Police,-0.089040,51.512745,On or near MANSION HOUSE PLACE,E01032739,City of London 001F,Investigation complete; no suspect identified
621fbf1d88071208688632ef0a5693a28493c95c84c6ab5f77312e3317c1174e,2017-05,City of London Police,City of London Police,-0.092296,51.511386,On or near COLLEGE HILL,E01032739,City of London 001F,Investigation complete; no suspect identified
c3d0ba35a4cfb9cd5d1afbde4b908efeafb491a1b6cc78f59ac17cf4ca07b0c8,2017-05,City of London Police,City of London Police,-0.075389,51.511775,On or near MINORIES,E01000005,City of London 001E,Investigation complete; no suspect identified
08e235b56a050930b3d18398eab31b7adde7006e2380c75efca001680d6f148e,2017-05,City of London Police,City of London Police,-0.096114,51.520747,On or near Park/Open Space,E01000003,City of London 001C,Unable to prosecute suspect
708c2a899129066ce0dcf92b6e6586afd33772f1dc5dc4312575b4cd1af8f92b,2017-05,City of London Police,City of London Police,-0.106214,51.513905,On or near SALISBURY COURT,E01032740,City of London 001G,Investigation complete; no suspect identified
98f4d27429a42faddae544dd9aec9419cf37bdc6a3a8191b79b3d5e4e2504d45,2017-05,City of London Police,City of London Police,-0.082512,51.512387,On or near LIME STREET,E01032739,City of London 001F,Investigation complete; no suspect identified
4a5fe43d1d40d0cfc97e636531004984d352b0e2a56f877ada8e38c0e97dbb6f,2017-05,City of London Police,City of London Police,-0.082811,51.510054,On or near IDOL LANE,E01032739,City of London 001F,Investigation complete; no suspect identified
326bdb8bcf9ab6934265215798ee52df8c3e7b325965b7ec6b186ec2d1d27824,2017-05,City of London Police,City of London Police,-0.109647,51.514887,On or near FETTER LANE,E01032740,City of London 001G,Investigation complete; no suspect identified
8fe2c9a80dd65cc013f604f7f0e94282f7d019a5cdac70f08d881ff014503908,2017-05,City of London Police,City of London Police,-0.088203,51.518262,On or near MOORGATE,E01032739,City of London 001F,Investigation complete; no suspect identified
043dd63a66d7ad014235abd608b62c82fe58d940295aca4104cee3706f8d6e97,2017-05,City of London Police,City of London Police,-0.074896,51.514933,On or near Pedestrian Subway,E01000005,City of London 001E,Investigation complete; no suspect identified
4810fceefac3836c8f3c9cc8fac47d9a68011e46ecbe3f63f95c4ded15f0a27a,2017-05,City of London Police,City of London Police,-0.078856,51.518433,On or near ARTILLERY LANE,E01032739,City of London 001F,Investigation complete; no suspect identified
55b0dc1e9e7c8198f1b9e093d0a962ffd21045f6903a8f0348f26e49ba7a0f0a,2017-05,City of London Police,City of London Police,-0.080376,51.517244,On or near Supermarket,E01032739,City of London 001F,Investigation complete; no suspect identified
c624ed708d77f9e9d8532ddfa2b6f717130f8ffce07ed7484a7e1fe8201369d0,2017-05,City of London Police,City of London Police,-0.074613,51.512060,On or near HAYDON STREET,E01000005,City of London 001E,Investigation complete; no suspect identified
acec76908b9cda0f2769470af08e6ab8578e18e3604d54b50cf8cc20126a1231,2017-05,City of London Police,City of London Police,-0.084967,51.512598,On or near BELL INN YARD,E01032739,City of London 001F,Investigation complete; no suspect identified
115560f04050b832167495f5b853f1dc7224c66afd9ba4b16893b6bd87cad190,2017-05,City of London Police,City of London Police,-0.074210,51.511711,On or near PORTSOKEN STREET,E01000005,City of London 001E,Investigation complete; no suspect identified
6be98703ab578f4d65289aa70d5edec186c900ab6114c0dc661292b3e0aab29b,2017-05,City of London Police,City of London Police,-0.085173,51.518680,On or near FINSBURY AVENUE,E01032739,City of London 001F,Investigation complete; no suspect identified
9a4285874f57f810d686a1cef6b0d70d6e4de145b0a91d07718245a28687b802,2017-05,City of London Police,City of London Police,-0.095377,51.520789,On or near BRIDGEWATER STREET,E01000003,City of London 001C,Investigation complete; no suspect identified
610b5a2163a55727891594e33e93bec24abb35f82b01d9b161b910f040358754,2017-05,City of London Police,City of London Police,-0.084199,51.513394,On or near CORNHILL,E01032739,City of London 001F,Unable to prosecute suspect
2a0a2eee5ea77219031319bceefe54de4c32cd33a941b6ed04bde9e7b0e62889,2017-05,City of London Police,City of London Police,-0.101320,51.519302,On or near GRAND AVENUE,E01032740,City of London 001G,Investigation complete; no suspect identified
355c20d038e3b9946d3be8d8c2dc6213da2075190320fc690f28954c72faecd6,2017-05,City of London Police,City of London Police,-0.096561,51.514513,On or near CHEAPSIDE,E01032739,City of London 001F,Unable to prosecute suspect
2949f278cac565bd5d9ea7ef4e012b7ae13ed9a1a1fff410781bb9b705468460,2017-05,City of London Police,City of London Police,-0.090203,51.511118,On or near SCOTT'S YARD,E01032739,City of London 001F,Investigation complete; no suspect identified
8d786a2dd136afb000f751bc75bec308c517d7924c5f40b02736114b77c1545b,2017-05,City of London Police,City of London Police,-0.090203,51.511118,On or near SCOTT'S YARD,E01032739,City of London 001F,Investigation complete; no suspect identified
66dd8c8d871f506553f6889fac81d3fe385331684ce72d5350f4078c70b4bd85,2017-05,City of London Police,City of London Police,-0.086051,51.513569,On or near FINCH LANE,E01032739,City of London 001F,Investigation complete; no suspect identified
fa9a1b570b8aac4941c4eed28f7b311c2121512740d3e1a59ae320c468cb3db9,2017-05,City of London Police,City of London Police,-0.082571,51.514753,On or near GREAT ST HELEN'S,E01032739,City of London 001F,Investigation complete; no suspect identified
15d6659a5826672320dbdc7c8496b52ea5b9d3ebc9e7f2c38c21651e85e8300b,2017-05,City of London Police,City of London Police,-0.084566,51.517690,On or near BLOMFIELD STREET,E01032739,City of London 001F,Investigation complete; no suspect identified
d0f7daf2e5b7c2201fa966691a9b5cfc169e8c38c1c3d781b502711330bc60c9,2017-05,City of London Police,City of London Police,-0.082512,51.512387,On or near LIME STREET,E01032739,City of London 001F,Investigation complete; no suspect identified
73755c42b8b4dc8bfcfd7da3605501ba2b9197618e3ded39f94c1bff1dc47e36,2017-05,City of London Police,City of London Police,-0.094468,51.521853,On or near GOLDEN LANE,E01000003,City of London 001C,Investigation complete; no suspect identified
768bd220d67a9296bc9a43301fe571855fbac2088eb7814011314f23db9b7dda,2017-05,City of London Police,City of London Police,,,No location,,,Investigation complete; no suspect identified
3a49ad53ebd4f73ac2a19cf1d322c9839f5cda1b1d97cf881ae061b52e9a3031,2017-05,City of London Police,City of London Police,-0.083972,51.510549,On or near LOVAT LANE,E01032739,City of London 001F,Investigation complete; no suspect identified
1e64f0c54add9cff4625b7bc9cbaa037660cfd2861b3d4094a445c1af19774f3,2017-05,City of London Police,City of London Police,-0.075508,51.514763,On or near Pedestrian Subway,E01000005,City of London 001E,Investigation complete; no suspect identified
ed7d7dd76edcad8d0bd6dd6254c3bd0d3f92cf49e6d4f73fb8ee4a57884d1e70,2017-05,City of London Police,City of London Police,-0.095860,51.521660,On or near FANN STREET,E01000003,City of London 001C,Investigation complete; no suspect identified
4183320e506943bb600d8511853551199722989c5eef65ac9288caaaf34920d7,2017-05,City of London Police,City of London Police,-0.102502,51.516165,On or near GREEN ARBOUR COURT,E01032740,City of London 001G,Investigation complete; no suspect identified
b813ba12236e330a948a8d90ba35fca00394b9f8e3f0575f8c9189555a76c51d,2017-05,City of London Police,City of London Police,-0.079130,51.507808,On or near Ferry Terminal,E01004293,Tower Hamlets 027B,Investigation complete; no suspect identified
34eee73cd2d8d34ead69152b1f37a41f5593c5a367cee8ac52a073afe81ef467,2017-05,City of London Police,City of London Police,-0.109709,51.517909,On or near HIGH HOLBORN,E01032740,City of London 001G,Investigation complete; no suspect identified
4edc914b726df12c1e5838b989deb79dfdcf1ad08dde37e3cb6ca59b09d0d29d,2017-05,City of London Police,City of London Police,-0.077451,51.515523,On or near WHITE KENNETT STREET,E01000005,City of London 001E,Unable to prosecute suspect
f710359aecb02e10e53f94705e777a2f4771adf1e2af851cd260a092affc8601,2017-05,City of London Police,City of London Police,-0.077451,51.515523,On or near WHITE KENNETT STREET,E01000005,City of London 001E,Unable to prosecute suspect
6941639777238a819cfdd48c5f4a00ffd3dee3dc74cfb663999de3da0ee8e5a6,2017-05,City of London Police,City of London Police,-0.104244,51.512749,On or near NEW BRIDGE STREET,E01032739,City of London 001F,Unable to prosecute suspect
5a93fb64389e64ca592214ea3835a2ebeb3933b430c5342cdedfcbe6a19859b1,2017-05,City of London Police,City of London Police,-0.088203,51.518262,On or near MOORGATE,E01032739,City of London 001F,Investigation complete; no suspect identified
fdb7e5868a439acb43f01212295580d08f96b40714cd4e2687f86d1f2c53acaa,2017-05,City of London Police,City of London Police,-0.091494,51.510924,On or near COLLEGE STREET,E01032739,City of London 001F,Investigation complete; no suspect identified
d604bcab3f7e8ae38284140583b72a80628e193091591c65b59a1ef3a4e521ac,2017-05,City of London Police,City of London Police,-0.074793,51.511208,On or near Pedestrian Subway,E01000005,City of London 001E,Investigation complete; no suspect identified
d6db9301e669285242588c95a2e700423a3e54c904795a5466b79e835c371529,2017-05,City of London Police,City of London Police,-0.082913,51.513463,On or near LEADENHALL STREET,E01032739,City of London 001F,Formal action is not in the public interest
59a31339c854bd0a3faf6046d1b1bf2a10c15338b0f3b1b1808bc28851418f63,2017-05,City of London Police,City of London Police,-0.093198,51.510834,On or near UPPER THAMES STREET,E01032739,City of London 001F,Unable to prosecute suspect
f90b98e3d28fa8132554497be540207c06d97bea7257d00c22b9bc5557db4f12,2017-05,City of London Police,City of London Police,-0.101575,51.513857,On or near LUDGATE HILL,E01032739,City of London 001F,Investigation complete; no suspect identified
a7b4ccf4c65612bb378e0363fe3ff8eb15bc01c6990c8ebaae72d4556e66f282,2017-05,City of London Police,City of London Police,-0.086416,51.516191,On or near THROGMORTON AVENUE,E01032739,City of London 001F,Investigation complete; no suspect identified
547e635a05a43b0f587366f13538b0d4e8de7a9e401d4e0f9930432c65fb8837,2017-05,City of London Police,City of London Police,-0.081580,51.520510,On or near PINDAR STREET,E01032739,City of London 001F,Investigation complete; no suspect identified
9e2619d7b2615cb55c6f5521c5d6d1e19026500ba06e2b65496ed57b99e3939b,2017-05,City of London Police,City of London Police,-0.096900,51.510868,On or near BROKEN WHARF,E01032739,City of London 001F,Investigation complete; no suspect identified
ac4e2aa855c2642dfaa3a00c0ca19b9822881dd7d71e1dc49e0b48515973aa0b,2017-05,City of London Police,City of London Police,-0.089364,51.515331,On or near KING'S ARMS YARD,E01032739,City of London 001F,Investigation complete; no suspect identified
1630bc086206a7003df82109029945580162810012e51a626679bbb8a6dee4c1,2017-05,City of London Police,City of London Police,-0.084095,51.516900,On or near NEW BROAD STREET,E01032739,City of London 001F,Investigation complete; no suspect identified
894cdc52bedce0601551eecc8450308128b65b26bf5a4469382dcf9c8836ebb1,2017-05,City of London Police,City of London Police,-0.086624,51.511923,On or near CLEMENT'S LANE,E01032739,City of London 001F,Investigation complete; no suspect identified
83aed9bf312bc735c1b333119bbb17cd5bb0ed33638214c8f25d3313b77eb1c2,2017-05,City of London Police,City of London Police,-0.100179,51.514158,On or near Shopping Area,E01032739,City of London 001F,Unable to prosecute suspect
b7875636d833bdcd70e733f9a0712621c65e6ec443f355e342a40a03cddc424e,2017-05,City of London Police,City of London Police,-0.086728,51.510477,On or near KING WILLIAM STREET,E01032739,City of London 001F,Investigation complete; no suspect identified
1241eb5df5c79ad40a87966a32eb1e5f1238bd633e0feb59999f095e1dcb1b2a,2017-05,City of London Police,City of London Police,-0.080318,51.520678,On or near PRIMROSE STREET,E01032739,City of London 001F,Investigation complete; no suspect identified
430c0d21e98af90b39493593280ce9512175d493b5250efd7a5dd567f969cc48,2017-05,City of London Police,City of London Police,-0.074901,51.506255,On or near A100,E01004293,Tower Hamlets 027B,Investigation complete; no suspect identified
a33e8af029da1ded0d4547224d2df71ec029b99ad2689f381e00ab561db8ebaf,2017-05,City of London Police,City of London Police,-0.085257,51.511200,On or near TALBOT COURT,E01032739,City of London 001F,Investigation complete; no suspect identified
447decec28d3de2353e6527491e39fc9fba0dd6d3f197ba8ecbe03f0807463d9,2017-05,City of London Police,City of London Police,-0.104281,51.516032,On or near BEAR ALLEY,E01032740,City of London 001G,Investigation complete; no suspect identified
9b48c0a8a37a99966e70147d9577970389b460567e04f78aa9e91ae444707c06,2017-05,City of London Police,City of London Police,,,No location,,,Unable to prosecute suspect
f25beccb2eda4a49ea4e9b42ee01f524ab04e658943909f6ac4b613b52d044ac,2017-05,City of London Police,City of London Police,-0.092296,51.511386,On or near COLLEGE HILL,E01032739,City of London 001F,Investigation complete; no suspect identified
96b0ba4689c16d68fd92c87134eea72e82e228edbe61fc5d795d78baf60e4cb7,2017-05,City of London Police,City of London Police,-0.084105,51.515281,On or near Conference/Exhibition Centre,E01032739,City of London 001F,Investigation complete; no suspect identified
7f6c240176282aa82d4af1b2dbc2419b6860f3c5eabaaa547c90a20c384c34f1,2017-05,City of London Police,City of London Police,-0.095860,51.521660,On or near FANN STREET,E01000003,City of London 001C,Investigation complete; no suspect identified
0902164e837296c3b7d81d76a06ee9e06d14727a3433790ca9eab1b2fd36e130,2017-05,City of London Police,City of London Police,-0.100593,51.520846,On or near CHARTERHOUSE MEWS,E01033490,Islington 022H,Investigation complete; no suspect identified
60719051dd4b57951db0f524ad2743605b933c370163427ffbffcf1543432271,2017-05,City of London Police,City of London Police,-0.088621,51.518619,On or near MOORFIELDS,E01000002,City of London 001B,Investigation complete; no suspect identified
8e6447482e5fe2dd74b89b8aeb4c96af30666cd08cb6bbfa6ce394c3dee82caa,2017-05,City of London Police,City of London Police,-0.100593,51.520846,On or near CHARTERHOUSE MEWS,E01033490,Islington 022H,Investigation complete; no suspect identified
4f0e434a3297c928142f6379f885899433a8e527d7c434902cd7ed092bd11794,2017-05,City of London Police,City of London Police,-0.088203,51.518262,On or near MOORGATE,E01032739,City of London 001F,Investigation complete; no suspect identified
f7ff84ef45a1928bfb7deaf1341b8a722c62da5f2cfbc5c4d5bff7235bd5f44a,2017-05,City of London Police,City of London Police,-0.082913,51.513463,On or near LEADENHALL STREET,E01032739,City of London 001F,Investigation complete; no suspect identified
d5f87279073cd556fc2523445a302ff760bf7c52d541e18d24f0611ab94858a7,2017-05,City of London Police,City of London Police,-0.105134,51.513869,On or near BRIDE LANE,E01032740,City of London 001G,Investigation complete; no suspect identified
0f44617fcd1dc9f429a1e536de886d0a98847ab2924540a8d8645f1f95ce619e,2017-05,City of London Police,City of London Police,-0.105134,51.513869,On or near BRIDE LANE,E01032740,City of London 001G,Investigation complete; no suspect identified
c207b0f587bc0d98bf0f8fc540ae33f2c07034705445c61abab00ba8d2cc2fba,2017-05,City of London Police,City of London Police,-0.082748,51.512597,On or near LEADENHALL PLACE,E01032739,City of London 001F,Investigation complete; no suspect identified
4e0f0cc731de5d9f5f305b0df9a7067863c947d968dbb5c2295208b7969d6d6a,2017-05,City of London Police,City of London Police,-0.083645,51.512504,On or near LIME STREET PASSAGE,E01032739,City of London 001F,Investigation complete; no suspect identified
27719154b4a88bfc3841c23254a2e741952ef6ea50c5981d50b5e779f4c03135,2017-05,City of London Police,City of London Police,-0.079786,51.517576,On or near Police Station,E01032739,City of London 001F,Investigation complete; no suspect identified
89d1c922b9fc49abce8d618204690558a8f8b344f7b90805d506af9c19851efa,2017-05,City of London Police,City of London Police,-0.091720,51.513454,On or near Supermarket,E01032739,City of London 001F,Investigation complete; no suspect identified
b7cfe4cffc166af64f41be166c8da03bb89ea2cb5e0b9ae37c4c51dead795e74,2017-05,City of London Police,City of London Police,-0.088995,51.512088,On or near ST SWITHIN'S LANE,E01032739,City of London 001F,Investigation complete; no suspect identified
40fa4d2d8a964916819e7dd7191ba68fb6858d68657b33fda73291023b3c6f6d,2017-05,City of London Police,City of London Police,-0.100179,51.514158,On or near Shopping Area,E01032739,City of London 001F,Investigation complete; no suspect identified
4879351938c9bdd15e874d50ff47fc4e13470979ab9865c666b2c521e4bdf9e3,2017-05,City of London Police,City of London Police,-0.096561,51.514513,On or near CHEAPSIDE,E01032739,City of London 001F,Investigation complete; no suspect identified
d84df2a6bd2ab880b2fa55a85a9904383f1be80ed8f87c8604c8307d2de07170,2017-05,City of London Police,City of London Police,-0.083645,51.512504,On or near LIME STREET PASSAGE,E01032739,City of London 001F,Investigation complete; no suspect identified
188057cf5d26bb21e60542bb0c68a79671339022fe19e70928d0613df270d0b6,2017-05,City of London Police,City of London Police,-0.080376,51.517244,On or near Supermarket,E01032739,City of London 001F,Unable to prosecute suspect
0c72e70ce605b1f57deb2617fd4e179c133f55357099025141f7f6354b18e2ae,2017-05,City of London Police,City of London Police,-0.084095,51.516900,On or near NEW BROAD STREET,E01032739,City of London 001F,Unable to prosecute suspect
ba87adf02e6f33b4719b46b306309e0a54dbe0661f1a1b297d1c47272023b670,2017-05,City of London Police,City of London Police,-0.100593,51.520846,On or near CHARTERHOUSE MEWS,E01033490,Islington 022H,Investigation complete; no suspect identified
35760151d21d868cba040c2fea6f178765f36b813508b7103bf34e37782da72b,2017-05,City of London Police,City of London Police,-0.082571,51.514753,On or near GREAT ST HELEN'S,E01032739,City of London 001F,Investigation complete; no suspect identified
9692f7e14ee2700392d6e28a25c9f64c346e3ce2eb4124ffe52c971d862b8a15,2017-05,City of London Police,City of London Police,-0.104281,51.516032,On or near BEAR ALLEY,E01032740,City of London 001G,Investigation complete; no suspect identified
4ab4604a6b421275c9e4e10753f9736355fb3813516ea72568248850502ca918,2017-05,City of London Police,City of London Police,-0.078924,51.508587,On or near PETTY WALES,E01032739,City of London 001F,Investigation complete; no suspect identified
8c957ab14c9110f286f9a4de9cb47a4a04175001d78c98ba1f505936b01efa0b,2017-05,City of London Police,City of London Police,-0.102502,51.516165,On or near GREEN ARBOUR COURT,E01032740,City of London 001G,Investigation complete; no suspect identified
cab28403cee13e62e07d765712993089c1af5f134559794b54b4b450870bfb5e,2017-05,City of London Police,City of London Police,-0.084199,51.513394,On or near CORNHILL,E01032739,City of London 001F,Unable to prosecute suspect
b96ff5e96cdd54a64f26de07ffcae9ed524e65c691cfa669bbcc810ff261e477,2017-05,City of London Police,City of London Police,-0.105134,51.513869,On or near BRIDE LANE,E01032740,City of London 001G,Investigation complete; no suspect identified
6e6be237ea6beda3a3c19d763ab72a7565dc70fe3082e7aab739e3ef182ee3f7,2017-05,City of London Police,City of London Police,-0.104909,51.517912,On or near Parking Area,E01032740,City of London 001G,Investigation complete; no suspect identified
064b506c0be1614cf398237fe20c59882a4c22e64c72d4258196f4e03ecd3dac,2017-05,City of London Police,City of London Police,-0.090203,51.511118,On or near SCOTT'S YARD,E01032739,City of London 001F,Unable to prosecute suspect
3027339e0c40b40e20ba280e646c44feae58b3cd8e214b5f00733d3eae7d2627,2017-05,City of London Police,City of London Police,-0.080376,51.517244,On or near Supermarket,E01032739,City of London 001F,Investigation complete; no suspect identified
7e494df3e324aa92a8ce1795fc6363b4fbeb1fd94614710be1656b9cc40dc3ce,2017-05,City of London Police,City of London Police,-0.102502,51.516165,On or near GREEN ARBOUR COURT,E01032740,City of London 001G,Investigation complete; no suspect identified
c7ff70868c6aa71f23c25da2af06dfb12a3057664037ac49b4902a97b74173af,2017-05,City of London Police,City of London Police,-0.085173,51.518680,On or near FINSBURY AVENUE,E01032739,City of London 001F,Investigation complete; no suspect identified
3c80726165b496150039c0e34c4b2bf4d753fcf98bc82254638f10f7ea70ee35,2017-05,City of London Police,City of London Police,-0.086051,51.513569,On or near FINCH LANE,E01032739,City of London 001F,Investigation complete; no suspect identified
426b540ab6004134b34f2e441868b2cd44ac93c13b318732c58bab0933d34f5e,2017-05,City of London Police,City of London Police,-0.084618,51.512682,On or near GRACECHURCH STREET,E01032739,City of London 001F,Investigation complete; no suspect identified
307c66810cc3f967f5086a09d2f29dbaab9d4a991ad346c4c94eb15419466946,2017-05,City of London Police,City of London Police,-0.109155,51.516668,On or near FETTER LANE,E01032740,City of London 001G,Investigation complete; no suspect identified
502003c6cecb5f2c44330a871e6ad95691adc7326590b5290733026b78bba1cc,2017-05,City of London Police,City of London Police,-0.096333,51.523799,On or near TIMBER STREET,E01033490,Islington 022H,Investigation complete; no suspect identified
af10666d141838f66d5d5675277857314d33cc1d5ed361057056d6bcf07a99f2,2017-05,City of London Police,City of London Police,-0.092865,51.510182,On or near Parking Area,E01032739,City of London 001F,Investigation complete; no suspect identified
9aa46c53bf04aef7f7560213f7462a53f1d26e5db72675bf24a4d92465547cb7,2017-05,City of London Police,City of London Police,-0.075196,51.512609,On or near ST CLARE STREET,E01000005,City of London 001E,Investigation complete; no suspect identified
b8e0aba70a01aac950398c9b98d4eebbbbbffa1cd45c40dd6bd452dbe738bd3b,2017-05,City of London Police,City of London Police,-0.084105,51.515281,On or near Conference/Exhibition Centre,E01032739,City of London 001F,Investigation complete; no suspect identified
8f976411226d20e6c85680140b75a50042c4dc12f83e4a9d09dfa0a40f3f85ac,2017-05,City of London Police,City of London Police,-0.081580,51.520510,On or near PINDAR STREET,E01032739,City of London 001F,Investigation complete; no suspect identified
6102709405c2b3848c0878ffd17bb31437714322595c7fb7ea93a942b0b2c6c2,2017-05,City of London Police,City of London Police,-0.080665,51.509344,On or near Pedestrian Subway,E01032739,City of London 001F,Investigation complete; no suspect identified
61f7390b66beef5f0df70e9bfd81487ca89dcc26446b00435552cf30dea0e5db,2017-05,City of London Police,City of London Police,-0.088621,51.518619,On or near MOORFIELDS,E01000002,City of London 001B,Investigation complete; no suspect identified
cfe6ce6a2fc7ef0e881707ecaff5401c53b8a4d550968c19ebbab3a660680759,2017-05,City of London Police,City of London Police,-0.080244,51.511828,On or near MARK LANE,E01032739,City of London 001F,Investigation complete; no suspect identified
0e066421ab5f858e3a94dc1b9bfa02e6ac25282d3aa3c36ffc50692f301a47ff,2017-05,City of London Police,City of London Police,-0.082913,51.513463,On or near LEADENHALL STREET,E01032739,City of London 001F,Investigation complete; no suspect identified
e7ecbec9550e6bb21a3288e45187b37f599196566d2dcd6e8c22d87980f332c0,2017-05,City of London Police,City of London Police,-0.099436,51.519901,On or near HAYNE STREET,E01032740,City of London 001G,Unable to prosecute suspect
1d659aebbdafd1a6f771b1aef7b5f2e6a55819d06ed5b8e2713a9ac5b33c5180,2017-05,City of London Police,City of London Police,-0.090142,51.514292,On or near Conference/Exhibition Centre,E01032739,City of London 001F,Unable to prosecute suspect
030d29f064c316299de4c09d6070a2f1888edd2423ab1c6f6e3ee0a99827b64d,2017-05,City of London Police,City of London Police,-0.079786,51.517576,On or near Police Station,E01032739,City of London 001F,Investigation complete; no suspect identified
4c99c90d52308e9eae8310f3ccafa21d5b0849135d6df6058713d749ef9b4fab,2017-05,City of London Police,City of London Police,-0.086051,51.513569,On or near FINCH LANE,E01032739,City of London 001F,Unable to prosecute suspect
a141107104e3cd9ec5dad98a3a1836f6c659507710bb38b1ea97dee0dd2864a2,2017-05,City of London Police,City of London Police,-0.097601,51.520699,On or near CARTHUSIAN STREET,E01000001,City of London 001A,Investigation complete; no suspect identified
f6c80772ba5488bf658d1c9ab3f55edc05febe8b4fa2b68a864e3d12c564e525,2017-05,City of London Police,City of London Police,-0.100884,51.516966,On or near Hospital,E01032740,City of London 001G,Unable to prosecute suspect
81107d06db908fbb5318ea42178fae2141910c3bab85a08084106f2bbc9871fe,2017-05,City of London Police,City of London Police,-0.082965,51.516351,On or near WORMWOOD STREET,E01032739,City of London 001F,Unable to prosecute suspect
c08dd07db7c87c7d1551a65b2d426e0d0c437a2e0ef43e635a441b784848f4c1,2017-05,City of London Police,City of London Police,-0.077777,51.518046,On or near SANDY'S ROW,E01032739,City of London 001F,Investigation complete; no suspect identified
9afb0518d587da6e296c0527f7957509a10ef47ede3653b8117957d0618af01e,2017-05,City of London Police,City of London Police,-0.093948,51.518077,On or near MONKWELL SQUARE,E01000002,City of London 001B,Unable to prosecute suspect
92bec127803af3d94a8848ce590dfcbf608a967c0398ef15dd118c12606520d8,2017-05,City of London Police,City of London Police,-0.085257,51.511200,On or near TALBOT COURT,E01032739,City of London 001F,Investigation complete; no suspect identified
85a22ea393195c85830abc140fcb15a586b6c379ddb27301f815a2d106df60e6,2017-05,City of London Police,City of London Police,-0.082965,51.516351,On or near WORMWOOD STREET,E01032739,City of London 001F,Unable to prosecute suspect
633aa32154a6381711713ba3434d2fd42d2ded968dd4560e91f5295bf90c501c,2017-05,City of London Police,City of London Police,-0.112039,51.514547,On or near BELL YARD,E01004735,Westminster 018B,Unable to prosecute suspect
f71c7bde88440ffee43de59c54e6c8d5405d4f9a7274c05d08091811fdb6e75b,2017-05,City of London Police,City of London Police,-0.112939,51.518231,On or near SOUTHAMPTON BUILDINGS,E01032740,City of London 001G,Investigation complete; no suspect identified
707d0b868eaea77b4551d77583c96c9086995dea95f996d2e5ff1fdad0ecb19a,2017-05,City of London Police,City of London Police,-0.079875,51.510995,On or near HART STREET,E01032739,City of London 001F,Unable to prosecute suspect
3b63150013d6bb1b43d58ee4439a541b6833bac67e55f370dbdea4ca67b0d3f1,2017-05,City of London Police,City of London Police,-0.077777,51.518046,On or near SANDY'S ROW,E01032739,City of London 001F,Investigation complete; no suspect identified
958f2335b86a597eaea154810272c672f0a49c8218e4ae7e0fb3d5d9f8718e56,2017-05,City of London Police,City of London Police,-0.096511,51.511922,On or near QUEEN VICTORIA STREET,E01032739,City of London 001F,Unable to prosecute suspect
924c339485424f7f34caa2ebafae257d7802a2b44359e631a40de26361ad9c56,2017-05,City of London Police,City of London Police,-0.081091,51.516014,On or near CAMOMILE STREET,E01032739,City of London 001F,Investigation complete; no suspect identified
5668943ead811a0efa40b7720abb85b70300fb7b153cd2c0339ba7d4a591cfab,2017-05,City of London Police,City of London Police,-0.077451,51.515523,On or near WHITE KENNETT STREET,E01000005,City of London 001E,Investigation complete; no suspect identified
538a3c6d60bc956c2960d42a516c071011833e283b769b692812adce0e600259,2017-05,City of London Police,City of London Police,-0.098138,51.520609,On or near CARTHUSIAN STREET,E01033490,Islington 022H,Investigation complete; no suspect identified
141116811960b12b8b6c7c578b32a8d78eb80c73296434aac259cf27ecf7b778,2017-05,City of London Police,City of London Police,-0.098138,51.520609,On or near CARTHUSIAN STREET,E01033490,Islington 022H,Investigation complete; no suspect identified
7b647f00e56f56a98f618f52218708f9eb0422050588f81253f91c3573ca9578,2017-05,City of London Police,City of London Police,-0.080782,51.514804,On or near ST MARY AXE,E01032739,City of London 001F,Unable to prosecute suspect
207a055c02cf2ada886e5f686a29105a0cad2a86dd614dbf3f89664eb5061321,2017-05,City of London Police,City of London Police,-0.082458,51.517431,On or near LIVERPOOL STREET,E01032739,City of London 001F,Investigation complete; no suspect identified
0ace354ca7ba76010c10da9673afe9b7ddab4b028526f5e59cdea0c4cc7df1d4,2017-05,City of London Police,City of London Police,-0.101345,51.518709,On or near Parking Area,E01032740,City of London 001G,Investigation complete; no suspect identified
05ea1338a27e43c7aa4dcaa8b3cbab3f7906592616e0517b360f6e850e945b6d,2017-05,City of London Police,City of London Police,-0.094720,51.514420,On or near WOOD STREET,E01032739,City of London 001F,Unable to prosecute suspect
960136ccdee9e78eee70a64090dab9d63989b273255fe768362e8d2ee0d777b2,2017-05,City of London Police,City of London Police,-0.092296,51.511386,On or near COLLEGE HILL,E01032739,City of London 001F,Investigation complete; no suspect identified
bf1166c4bdefd7d67506bbb476fb9d96225b6eda9f8a14d655b29a2bfe66b177,2017-05,City of London Police,City of London Police,-0.097334,51.521567,On or near FANN STREET,E01000001,City of London 001A,Formal action is not in the public interest
015ba506b29e1f0026674376e643b57531ab6ad65ea59ae389004a91e0d22b0c,2017-05,City of London Police,City of London Police,-0.112939,51.518231,On or near SOUTHAMPTON BUILDINGS,E01032740,City of London 001G,Investigation complete; no suspect identified
237c3a8e00266cc744d1095cccc7cfb3d0ed4db329630453b363f49eff0b25a9,2017-05,City of London Police,City of London Police,-0.111242,51.516738,On or near TOOK'S COURT,E01032740,City of London 001G,Investigation complete; no suspect identified
d540de21beda1d7c1376ee923ee3f30af25a84f62ee01e6e3d2e83cf63573abc,2017-05,City of London Police,City of London Police,-0.105134,51.513869,On or near BRIDE LANE,E01032740,City of London 001G,Unable to prosecute suspect
029309f229f009447107bf61a3f8c041fad42dd800d694fcf7a1e44a582a7622,2017-05,City of London Police,City of London Police,-0.080782,51.514804,On or near ST MARY AXE,E01032739,City of London 001F,Unable to prosecute suspect
dbf8bd9ac1ca1acae88461edf40fe7808aa7af19ff70302cf1b7d1c834d9880b,2017-05,City of London Police,City of London Police,-0.113767,51.517372,On or near STONE BUILDINGS,E01000914,Camden 028B,Investigation complete; no suspect identified
ef866e11bb2df96baca2cd50f241fdf755ca6679423754f302320dad72414241,2017-05,City of London Police,City of London Police,-0.105134,51.513869,On or near BRIDE LANE,E01032740,City of London 001G,Investigation complete; no suspect identified
be457bb1873aad1c1319e74f859e4459a6abe3b9aff3849d1b82801e3e77c101,2017-05,City of London Police,City of London Police,-0.112939,51.518231,On or near SOUTHAMPTON BUILDINGS,E01032740,City of London 001G,Investigation complete; no suspect identified
fe5e9217f04902869bed17b1e981cb3440d37737195c64b3f8e0a6356e840870,2017-05,City of London Police,City of London Police,-0.080376,51.517244,On or near Supermarket,E01032739,City of London 001F,Suspect charged
517d47b01a62cbf8fbd1c82249ae4d17a7bd3b73efc5a2793a35b7ec618168b9,2017-05,City of London Police,City of London Police,-0.076853,51.511916,On or near Nightclub,E01032739,City of London 001F,Suspect charged
00c1ac25cc91fb4f00c33ca892958bedf3aa93ba042e99afe1b710109dcc8d2d,2017-05,City of London Police,City of London Police,-0.086278,51.509876,On or near FISH STREET HILL,E01032739,City of London 001F,Suspect charged
3834f9da10c43c121e2c1f113840ffa76aede242fffb09460642e4db3e8acc98,2017-05,City of London Police,City of London Police,-0.108231,51.513928,On or near PLEYDELL STREET,E01032740,City of London 001G,Suspect charged
22c853728364329da2321c19940297b5504f62c574106f70a309ce2987681589,2017-05,City of London Police,City of London Police,-0.108231,51.513928,On or near PLEYDELL STREET,E01032740,City of London 001G,Suspect charged
7e7e647c1919489400016b32520a801696b43910a3eb20b898a1ca53fa57ca9f,2017-05,City of London Police,City of London Police,-0.078856,51.518433,On or near ARTILLERY LANE,E01032739,City of London 001F,Suspect charged
0ec2faadfbdef189f7045f9403d8d84bdf6e648da00d14686e67ace33766cf43,2017-05,City of London Police,City of London Police,-0.080376,51.517244,On or near Supermarket,E01032739,City of London 001F,Suspect charged
6d25840e673feeb3a8bc3bd5373c8b8b90b631a50b310d8855129b85f1d812e5,2017-05,City of London Police,City of London Police,-0.080376,51.517244,On or near Supermarket,E01032739,City of London 001F,Suspect charged
a01f2cfa8ac5ae8677684439e7707a01fe1aefc98d86883656d7eb6c6cd694a0,2017-05,City of London Police,City of London Police,-0.079398,51.516508,On or near DEVONSHIRE SQUARE,E01032739,City of London 001F,Suspect charged
00e35279162d6cf593fd1f4d9d7d6329b2bcc88e295d72aa183098ce89ba96d6,2017-05,City of London Police,City of London Police,-0.080376,51.517244,On or near Supermarket,E01032739,City of London 001F,Suspect charged
427ea12ce3eb27fc607aca118b928bb39af349795ba84e441e68d1380647cf37,2017-05,City of London Police,City of London Police,-0.097645,51.515142,On or near ST MARTIN'S LE GRAND,E01032739,City of London 001F,Suspect charged
fda05759cc9a890edf6c885be080d3ad199ffd748bbba4989df68bf9cfb99cc0,2017-05,City of London Police,City of London Police,-0.096561,51.514513,On or near CHEAPSIDE,E01032739,City of London 001F,Suspect charged
2e4087919fe9ae4ac0861e610283737aa1a9748932532e3a50296499f99c5091,2017-05,City of London Police,City of London Police,-0.085355,51.510563,On or near PUDDING LANE,E01032739,City of London 001F,Suspect charged
8596d875d3a56e6c52f0bf1c427829e8667172d48474ff0fe0756ecddf19ff90,2017-05,City of London Police,City of London Police,-0.079786,51.517576,On or near Police Station,E01032739,City of London 001F,Suspect charged
601c1590f81ff75bf3fd8cdeca1bf362eefd10973cb51595fe7039a74826bb34,2017-05,City of London Police,City of London Police,-0.079674,51.514409,On or near BURY STREET,E01032739,City of London 001F,Suspect charged
2e14ae5ba6b186998adb0b8a01ea5fb82e28d63546dc90ce74d886a3f025dbd5,2017-05,City of London Police,City of London Police,-0.025145,51.517217,On or near BURGESS STREET,E01004272,Tower Hamlets 014D,Suspect charged
36ca2bb10b4312ed7fbca7d91feaae92fe0d6c98b6ee21db189e29e017f50eef,2017-05,City of London Police,City of London Police,-0.084199,51.513394,On or near CORNHILL,E01032739,City of London 001F,Suspect charged
e552187a24c627920694ec489159a4d78b5342620724b0d1ea0c95b3732cc985,2017-05,City of London Police,City of London Police,-0.082571,51.514753,On or near GREAT ST HELEN'S,E01032739,City of London 001F,Suspect charged
dc3d2aae6176dd9636f6fc1f54b3991f22bdc15120b99b2279e4edc0152a94ca,2017-05,City of London Police,City of London Police,-0.080782,51.514804,On or near ST MARY AXE,E01032739,City of London 001F,Suspect charged
701fbbf1a0f5a351550875e3bcb7254d4341cf5f6cab3414c2fef3b3e61099e6,2017-05,City of London Police,City of London Police,-0.080782,51.514804,On or near ST MARY AXE,E01032739,City of London 001F,Suspect charged
a151af8d89e2bc42cde6f240994e5e81e9d1202218442dd53b2e00e1ed54ddc7,2017-05,City of London Police,City of London Police,-0.080376,51.517244,On or near Supermarket,E01032739,City of London 001F,Suspect charged
cbacfb20c23957c79f5649bd7fbf2d4b7ba8d839363008bf0fca7498b26b49b6,2017-05,City of London Police,City of London Police,-0.100884,51.516966,On or near Hospital,E01032740,City of London 001G,Suspect charged
76f29223f6f22120df3988708f0b4d0d32eacddea7e4830ceaf8348150203817,2017-05,City of London Police,City of London Police,-0.086624,51.511923,On or near CLEMENT'S LANE,E01032739,City of London 001F,Suspect charged
189d5d7cc9f539d678300b6806db6d3af60f935083af7a75ad5d082aa462020d,2017-05,City of London Police,City of London Police,-0.086624,51.511923,On or near CLEMENT'S LANE,E01032739,City of London 001F,Suspect charged
157fdfe8cd04eaf2cb18b2d6377ba6002277d916f1a47dee663f588a95b3591f,2017-05,City of London Police,City of London Police,-0.108231,51.513928,On or near PLEYDELL STREET,E01032740,City of London 001G,Suspect charged
63539da4a3ce3b9187a6c20480bafd00a7d776f78f483076bcc329abec25e552,2017-05,City of London Police,City of London Police,-0.089465,51.510855,On or near GOPHIR LANE,E01032739,City of London 001F,Suspect charged
b9ba8da0fa14c325c140973a6fdbf35e139bb422f53eba4c1002c581b78acc74,2017-05,City of London Police,City of London Police,-0.086278,51.509876,On or near FISH STREET HILL,E01032739,City of London 001F,Suspect charged
2e14ae5ba6b186998adb0b8a01ea5fb82e28d63546dc90ce74d886a3f025dbd5,2017-05,City of London Police,City of London Police,-0.025145,51.517217,On or near BURGESS STREET,E01004272,Tower Hamlets 014D,Suspect charged
d8be7edd0d99e5ba6ebfb3451f1ede2afe9def7631117af6689990a9200abc59,2017-05,City of London Police,City of London Police,-0.080782,51.514804,On or near ST MARY AXE,E01032739,City of London 001F,Suspect charged
6cd97168c2297006c5b7c60d26029f47abead738c676d65d435fc12fed5244c9,2017-05,City of London Police,City of London Police,-0.080376,51.517244,On or near Supermarket,E01032739,City of London 001F,Suspect charged
c09b460ccf574d3e8b78b2c644ce4df5d2baff04dae8dc3b4fbb7518d9509df4,2017-05,City of London Police,City of London Police,-0.084105,51.515281,On or near Conference/Exhibition Centre,E01032739,City of London 001F,Suspect charged
2e14ae5ba6b186998adb0b8a01ea5fb82e28d63546dc90ce74d886a3f025dbd5,2017-05,City of London Police,City of London Police,-0.025145,51.517217,On or near BURGESS STREET,E01004272,Tower Hamlets 014D,Suspect charged
32ab3c99c3260279fa3a9a966a23ba777313c44f98e51d1b3a11112f5edcf45a,2017-05,City of London Police,City of London Police,-0.086764,51.510307,On or near FISH STREET HILL,E01032739,City of London 001F,Suspect charged
32ab3c99c3260279fa3a9a966a23ba777313c44f98e51d1b3a11112f5edcf45a,2017-05,City of London Police,City of London Police,-0.086764,51.510307,On or near FISH STREET HILL,E01032739,City of London 001F,Suspect charged
32ab3c99c3260279fa3a9a966a23ba777313c44f98e51d1b3a11112f5edcf45a,2017-05,City of London Police,City of London Police,-0.086764,51.510307,On or near FISH STREET HILL,E01032739,City of London 001F,Suspect charged
c131483d1c6484a55321da634892bfdf39a568f3453cac00d2b8658c9b0e69db,2017-05,City of London Police,City of London Police,,,No location,,,Investigation complete; no suspect identified
9f98c6d6d5d8b97ffc1fc446c167aab2fb2e65c0ae23b679d386a467b4c53bfe,2017-05,City of London Police,City of London Police,,,No location,,,Unable to prosecute suspect
a1fb3516c63783818ed434a43cc55bb0d2c6b3fecc3af006400184695121fc01,2017-05,City of London Police,City of London Police,-0.084199,51.513394,On or near CORNHILL,E01032739,City of London 001F,Investigation complete; no suspect identified
c2cc1c0b5bc4606446437082ed528a076127537141464b0980b7c0b9e80eccde,2017-05,City of London Police,City of London Police,-0.090797,51.514482,On or near OLD JEWRY,E01032739,City of London 001F,Investigation complete; no suspect identified
52770c6131df6424a2edf6bfde4f3ee6e18bf3a566adbb93187687ae44a68ade,2017-05,City of London Police,City of London Police,,,No location,,,Investigation complete; no suspect identified
dc37e4f7f9b79b4fe4f413388b881acd512d8b1658f3eb24e6405b892865fb82,2017-05,City of London Police,City of London Police,,,No location,,,Suspect charged
00adf795461b9ab8a8e807b2e7795f0f126c0f8845c0dbdb1a786126fd76a90a,2017-05,City of London Police,City of London Police,,,No location,,,Offender given suspended prison sentence
d2ea09f67023fdef89e00b2121f373948fa8f8ff9c36a9f93f3c02507781f68e,2017-05,City of London Police,City of London Police,-0.080322,51.510651,On or near MARK LANE,E01032739,City of London 001F,Offender fined
645141c887c4b55dffedfa656668fc0d1918a5751093203d2c2efc6330a46597,2017-05,City of London Police,City of London Police,-0.082913,51.513463,On or near LEADENHALL STREET,E01032739,City of London 001F,Defendant found not guilty
78e808a60618210e825498e89b59d2a888ddbca526cee06fad7c1bce996052a2,2017-05,City of London Police,City of London Police,-0.079786,51.517576,On or near Police Station,E01032739,City of London 001F,Offender fined
6cd97168c2297006c5b7c60d26029f47abead738c676d65d435fc12fed5244c9,2017-05,City of London Police,City of London Police,-0.080376,51.517244,On or near Supermarket,E01032739,City of London 001F,Defendant found not guilty
b9ba8da0fa14c325c140973a6fdbf35e139bb422f53eba4c1002c581b78acc74,2017-05,City of London Police,City of London Police,-0.086278,51.509876,On or near FISH STREET HILL,E01032739,City of London 001F,Offender given conditional discharge
081534810fe1f100b06a3084723a786717a45e21c3d55944beedc5eaf4ba9924,2017-05,City of London Police,City of London Police,-0.085310,51.518511,On or near ELDON STREET,E01032739,City of London 001F,Offender sent to prison
37c2a15433e1df4a5971b5ae13c54d51fb322e71eee0746a502be14651c9149c,2017-05,City of London Police,City of London Police,-0.078718,51.521038,On or near NORTON FOLGATE,E01004307,Tower Hamlets 015B,Offender fined
e23fa9dca3bff1bc0446a4c3501f71f9a775270bdb967521f7ccc68c0d2fc246,2017-05,City of London Police,City of London Police,-0.087153,51.518910,On or near SOUTH PLACE MEWS,E01032739,City of London 001F,Offender given suspended prison sentence
0dc98a479cbf6ae6608a128628e41d80e9707b8914886264aef3c6b2223a63ae,2017-05,City of London Police,City of London Police,-0.094464,51.512959,On or near WATLING COURT,E01032739,City of London 001F,Offender fined
cb3a3c183af3d99977df114155bc39c06bcba77cd96ff0fab15dd1067616c50a,2017-05,City of London Police,City of London Police,-0.088473,51.518374,On or near MOOR PLACE,E01032739,City of London 001F,Offender given community sentence
0f34989a8ceadbd3b99378edfbff63fbaed1991ff8ee3b783ee672b0e958f7ab,2017-05,City of London Police,City of London Police,-0.094464,51.512959,On or near WATLING COURT,E01032739,City of London 001F,Defendant found not guilty
cead8279288a3c48dc257d6ddd7f51c8b123f96bab2f47245e6a92bd082a826a,2017-05,City of London Police,City of London Police,-0.094720,51.514420,On or near WOOD STREET,E01032739,City of London 001F,Offender given suspended prison sentence
157fdfe8cd04eaf2cb18b2d6377ba6002277d916f1a47dee663f588a95b3591f,2017-05,City of London Police,City of London Police,-0.108231,51.513928,On or near PLEYDELL STREET,E01032740,City of London 001G,Offender fined
28fc8c44c9b04ada46754f75fb38e89b70f12f3ab3c19b25d91068ff8a751064,2017-05,City of London Police,City of London Police,-0.104494,51.509848,On or near A201,E01032739,City of London 001F,Offender sent to prison
c9579c9dc092dac48e67aa86a3ef9bbece7af33feb711c8ebef189a881382cd4,2017-05,City of London Police,City of London Police,-0.079786,51.517576,On or near Police Station,E01032739,City of London 001F,Defendant found not guilty
c825e1164646e97a1bbeb256c414fc9083afee483258d2136186213975232002,2017-05,City of London Police,City of London Police,-0.085355,51.510563,On or near PUDDING LANE,E01032739,City of London 001F,Offender given suspended prison sentence
4d70f39c70469a8f394e2bd93a93f72a84484445d6a2b1e72bdfe63648d192c1,2017-05,City of London Police,City of London Police,,,No location,,,Offender sent to prison
9f402de41a77957ddd43b9ccf6f4f85b48928bc1c6e30086ecb21e1e558bb0f1,2017-05,City of London Police,City of London Police,-0.082571,51.514753,On or near GREAT ST HELEN'S,E01032739,City of London 001F,Offender given community sentence
614cc08de8500b45571dd94b7406078f3530951a9d778a1a1e41e1643a083e8b,2017-05,City of London Police,City of London Police,-0.085310,51.518511,On or near ELDON STREET,E01032739,City of London 001F,Offender given community sentence
dc37e4f7f9b79b4fe4f413388b881acd512d8b1658f3eb24e6405b892865fb82,2017-05,City of London Police,City of London Police,,,No location,,,Offender sent to prison
fda05759cc9a890edf6c885be080d3ad199ffd748bbba4989df68bf9cfb99cc0,2017-05,City of London Police,City of London Police,-0.096561,51.514513,On or near CHEAPSIDE,E01032739,City of London 001F,Offender given conditional discharge
1c96aacf9b6ab0e7680481dd26987c28d6a69e0fc80a91eabab843f10fef368a,2017-05,City of London Police,City of London Police,-0.086278,51.509876,On or near FISH STREET HILL,E01032739,City of London 001F,Offender sent to prison
5881757d54b17d702864753c641f15ea6d2765fef0c7162c16d6ea25e310dd3e,2017-05,City of London Police,City of London Police,-0.092719,51.512652,On or near QUEEN VICTORIA STREET,E01032739,City of London 001F,Offender given community sentence
3834f9da10c43c121e2c1f113840ffa76aede242fffb09460642e4db3e8acc98,2017-05,City of London Police,City of London Police,-0.108231,51.513928,On or near PLEYDELL STREET,E01032740,City of London 001G,Offender given suspended prison sentence
1c43a283bffd4f0effe6a661354c1355d10839a1897427f2eaed6bfab7b96fb4,2017-05,City of London Police,City of London Police,-0.090710,51.513132,On or near QUEEN VICTORIA STREET,E01032739,City of London 001F,Offender otherwise dealt with
5d3c0cdf169558e57dfec513dc6d280d146bdd1fb7afc647c585bf33de4f0658,2017-05,City of London Police,City of London Police,-0.097645,51.515142,On or near ST MARTIN'S LE GRAND,E01032739,City of London 001F,Offender given community sentence
2545e4710ddc6992474115f70b7a1c54c5dd2689cd57ed356c5ed651157bc9bd,2017-05,City of London Police,City of London Police,-0.105561,51.510873,On or near Ferry Terminal,E01032740,City of London 001G,Offender given suspended prison sentence
e658c56deb86deaeede8f26df62e09b3963f658fa32276137a70640f18c0436f,2017-05,City of London Police,City of London Police,-0.078856,51.518433,On or near ARTILLERY LANE,E01032739,City of London 001F,Offender given suspended prison sentence
ad2d0c87a1cecf3c967f15d5344f32479da0f2008e63a143ebf409e06c8e03f8,2017-05,City of London Police,City of London Police,-0.090710,51.513132,On or near QUEEN VICTORIA STREET,E01032739,City of London 001F,Offender given community sentence
99a147bf2f07c6a032b81af7baa14a421254c4097d4029b1882eed7b89bdfe5f,2017-05,City of London Police,City of London Police,-0.086278,51.509876,On or near FISH STREET HILL,E01032739,City of London 001F,Offender sent to prison
9a2a5083d0ce849c49888a08ea3c2e01d71a26f8920c4802c555ffe61af4648e,2017-05,City of London Police,City of London Police,-0.079786,51.517576,On or near Police Station,E01032739,City of London 001F,Offender given suspended prison sentence
b1143214b280e5390f4cb055aefbd0010faebb86fbadedc4fcdfe4adc3cad98e,2017-05,City of London Police,City of London Police,-0.078994,51.514137,On or near HENEAGE PLACE,E01032739,City of London 001F,Offender sent to prison
b8668a57f7c994c05a9beafd6a97df0ae26be00979182dfdda4c98826b94de76,2017-05,City of London Police,City of London Police,-0.096114,51.520747,On or near Park/Open Space,E01000003,City of London 001C,Offender given suspended prison sentence
111c40fc3d801af91d1a49accab2eb938fae322a3d729e817a79ebdbb44b60de,2017-05,City of London Police,City of London Police,-0.079398,51.516508,On or near DEVONSHIRE SQUARE,E01032739,City of London 001F,Court case unable to proceed
80949c6ac8e4edd535d643aeb82e47292aae9032de5dafe1bb02f0d0dc422489,2017-05,City of London Police,City of London Police,-0.083993,51.511440,On or near PHILPOT LANE,E01032739,City of London 001F,Defendant found not guilty
95bf061fcd87839d48be6b26d3d8dac71edaf64c08fe9ae5c7b84ea06e9a3d55,2017-05,City of London Police,City of London Police,-0.104494,51.509848,On or near A201,E01032739,City of London 001F,Offender sent to prison
