Type,Date,Part of a policing operation,Policing operation,Latitude,Longitude,Gender,Age range,Self-defined ethnicity,Officer-defined ethnicity,Legislation,Object of search,Outcome,Outcome linked to object of search,Removal of more than just outer clothing
Person search,2016-10-01T13:16:00+00:00,,,,,Male,18-24,Black or Black British - African (B2),White,Misuse of Drugs Act 1971 (section 23),Controlled drugs,Offender given drugs possession warning,True,False
Person search,2016-10-01T22:30:00+00:00,,,,,Male,25-34,White - Any other White ethnic background (W9),White,Misuse of Drugs Act 1971 (section 23),Controlled drugs,Nothing found - no further action,,False
Person and Vehicle search,2016-10-02T00:15:00+00:00,,,,,Male,18-24,Black or Black British - African (B2),Black,Misuse of Drugs Act 1971 (section 23),Controlled drugs,Suspect summonsed to court,False,False
Person and Vehicle search,2016-10-02T00:15:00+00:00,,,,,Female,18-24,Black or Black British - African (B2),Black,Misuse of Drugs Act 1971 (section 23),Controlled drugs,Nothing found - no further action,,False
Person and Vehicle search,2016-10-04T13:05:00+00:00,,,,,Male,18-24,White - Any other White ethnic background (W9),White,Misuse of Drugs Act 1971 (section 23),Controlled drugs,Suspect arrested,True,False
Person search,2016-10-05T12:00:00+00:00,,,,,Male,25-34,Not Stated (NS),White,Misuse of Drugs Act 1971 (section 23),Controlled drugs,Nothing found - no further action,,False
Person search,2016-10-05T16:20:00+00:00,,,,,Male,25-34,White - Any other White ethnic background (W9),White,Police and Criminal Evidence Act 1984 (section 1),Article for use in theft,Nothing found - no further action,,False
Person search,2016-10-05T17:10:00+00:00,,,,,Female,over 34,White - White British (W1),White,Police and Criminal Evidence Act 1984 (section 1),Stolen goods,Suspect arrested,True,False
Person search,2016-10-06T13:08:00+00:00,,,,,Male,25-34,White - White British (W1),White,Police and Criminal Evidence Act 1984 (section 1),Stolen goods,Suspect summonsed to court,False,False
Person search,2016-10-06T13:12:00+00:00,,,,,Male,25-34,White - Any other White ethnic background (W9),White,Police and Criminal Evidence Act 1984 (section 1),Stolen goods,Suspect summonsed to court,False,False
Person search,2016-10-06T22:00:00+00:00,,,,,Male,10-17,Not Stated (NS),White,Police and Criminal Evidence Act 1984 (section 1),Stolen goods,Nothing found - no further action,,False
Person and Vehicle search,2016-10-06T22:25:00+00:00,,,,,Female,18-24,Asian or Asian British - Any other Asian ethnic background (A9),Asian,Misuse of Drugs Act 1971 (section 23),Controlled drugs,Nothing found - no further action,,False
Person search,2016-10-06T22:38:00+00:00,,,,,Male,10-17,White - Any other White ethnic background (W9),White,Police and Criminal Evidence Act 1984 (section 1),Stolen goods,Nothing found - no further action,,False
Person and Vehicle search,2016-10-07T15:44:00+00:00,,,,,Male,over 34,White - Any other White ethnic background (W9),White,Police and Criminal Evidence Act 1984 (section 1),Stolen goods,Local resolution,True,False
Person and Vehicle search,2016-10-07T19:00:00+00:00,,,,,Male,25-34,White - Any other White ethnic background (W9),White,Misuse of Drugs Act 1971 (section 23),Controlled drugs,Suspect arrested,True,False
Person and Vehicle search,2016-10-07T21:21:00+00:00,,,,,Male,25-34,Asian or Asian British - Indian (A1),Asian,Misuse of Drugs Act 1971 (section 23),Controlled drugs,Nothing found - no further action,,False
Person search,2016-10-07T21:27:00+00:00,,,,,Male,18-24,White - White British (W1),White,Misuse of Drugs Act 1971 (section 23),Controlled drugs,Nothing found - no further action,,False
Person and Vehicle search,2016-10-07T21:50:00+00:00,,,,,Male,25-34,White - Any other White ethnic background (W9),White,Misuse of Drugs Act 1971 (section 23),Controlled drugs,Suspect arrested,True,False
Person search,2016-10-08T17:15:00+00:00,,,,,Male,25-34,White - Any other White ethnic background (W9),White,Police and Criminal Evidence Act 1984 (section 1),Article for use in theft,Suspect arrested,True,False
Person search,2016-10-10T09:05:00+00:00,,,,,Male,over 34,White - Any other White ethnic background (W9),White,Police and Criminal Evidence Act 1984 (section 1),Article for use in theft,Nothing found - no further action,,False
Person search,2016-10-10T10:48:00+00:00,,,,,Male,25-34,White - Any other White ethnic background (W9),White,Police and Criminal Evidence Act 1984 (section 1),Stolen goods,Nothing found - no further action,,False
Person search,2016-10-10T10:49:00+00:00,,,,,Male,over 34,White - Any other White ethnic background (W9),White,Police and Criminal Evidence Act 1984 (section 1),Article for use in theft,Nothing found - no further action,,False
Person search,2016-10-10T12:31:00+00:00,,,,,Male,25-34,White - Any other White ethnic background (W9),White,Police and Criminal Evidence Act 1984 (section 1),Stolen goods,Nothing found - no further action,,False
Person search,2016-10-10T13:12:00+00:00,,,,,Female,25-34,White - Any other White ethnic background (W9),White,Police and Criminal Evidence Act 1984 (section 1),Stolen goods,Nothing found - no further action,,False
Person search,2016-10-10T13:20:00+00:00,,,,,Male,over 34,White - Any other White ethnic background (W9),White,Police and Criminal Evidence Act 1984 (section 1),Stolen goods,Nothing found - no further action,,False
Person search,2016-10-10T21:44:00+00:00,,,,,Male,over 34,White - White British (W1),White,Police and Criminal Evidence Act 1984 (section 1),Stolen goods,Suspect arrested,False,False
Person search,2016-10-11T10:57:00+00:00,,,,,Male,25-34,White - White British (W1),White,Police and Criminal Evidence Act 1984 (section 1),Stolen goods,Nothing found - no further action,,False
Person search,2016-10-11T11:57:00+00:00,,,,,Male,over 34,White - Any other White ethnic background (W9),White,Police and Criminal Evidence Act 1984 (section 1),Article for use in theft,Suspect arrested,False,False
Person search,2016-10-11T14:37:00+00:00,,,,,Female,over 34,Mixed - Any other Mixed ethnic background (M9),White,Police and Criminal Evidence Act 1984 (section 1),Stolen goods,Suspect arrested,False,False
Person search,2016-10-12T09:32:00+00:00,,,,,Male,over 34,Not Stated (NS),Asian,Misuse of Drugs Act 1971 (section 23),Controlled drugs,Suspect summonsed to court,True,False
Person search,2016-10-12T11:22:00+00:00,,,,,Male,over 34,White - White British (W1),White,Police and Criminal Evidence Act 1984 (section 1),Stolen goods,Nothing found - no further action,,False
Person and Vehicle search,2016-10-12T12:35:00+00:00,,,,,Male,25-34,Black or Black British - Caribbean (B1),Black,Misuse of Drugs Act 1971 (section 23),Controlled drugs,Nothing found - no further action,,False
Person and Vehicle search,2016-10-12T13:46:00+00:00,,,,,Male,25-34,Black or Black British - Caribbean (B1),Black,Police and Criminal Evidence Act 1984 (section 1),Stolen goods,Suspect summonsed to court,False,False
Person and Vehicle search,2016-10-12T14:20:00+00:00,,,,,Female,18-24,Black or Black British - Any other Black ethnic background (B9),Black,Police and Criminal Evidence Act 1984 (section 1),Stolen goods,Nothing found - no further action,,False
Person search,2016-10-12T16:18:00+00:00,,,,,Male,over 34,Black or Black British - African (B2),Black,Police and Criminal Evidence Act 1984 (section 1),Stolen goods,Nothing found - no further action,,False
Person and Vehicle search,2016-10-12T19:36:00+00:00,,,,,Male,25-34,White - Any other White ethnic background (W9),White,Misuse of Drugs Act 1971 (section 23),Controlled drugs,Suspect arrested,True,False
Person search,2016-10-13T11:30:00+00:00,,,,,Male,25-34,White - White British (W1),White,Police and Criminal Evidence Act 1984 (section 1),Stolen goods,Suspect arrested,False,False
Person search,2016-10-13T14:32:00+00:00,,,,,Female,18-24,White - White British (W1),White,Police and Criminal Evidence Act 1984 (section 1),Stolen goods,Local resolution,True,False
Person and Vehicle search,2016-10-13T14:32:00+00:00,,,,,Male,18-24,Mixed - White and Black Caribbean (M1),Black,Misuse of Drugs Act 1971 (section 23),Controlled drugs,Suspect arrested,True,False
Person search,2016-10-13T14:38:00+00:00,,,,,Male,18-24,White - White British (W1),White,Police and Criminal Evidence Act 1984 (section 1),Stolen goods,Suspect arrested,False,False
Person search,2016-10-13T15:00:00+00:00,,,,,Male,25-34,White - White British (W1),White,Police and Criminal Evidence Act 1984 (section 1),Stolen goods,Suspect arrested,False,False
Person search,2016-10-13T15:00:00+00:00,,,,,Female,10-17,Black or Black British - Any other Black ethnic background (B9),Black,Police and Criminal Evidence Act 1984 (section 1),Stolen goods,Local resolution,False,False
Person and Vehicle search,2016-10-13T22:10:00+00:00,,,,,Male,25-34,White - White Irish (W2),White,Misuse of Drugs Act 1971 (section 23),Controlled drugs,Suspect arrested,True,False
Person search,2016-10-14T19:30:00+00:00,,,,,Male,18-24,White - White British (W1),White,Misuse of Drugs Act 1971 (section 23),Controlled drugs,Suspect summonsed to court,True,False
Person search,2016-10-14T19:45:00+00:00,,,,,Male,25-34,White - White Irish (W2),White,Misuse of Drugs Act 1971 (section 23),Controlled drugs,Offender given drugs possession warning,True,False
Person and Vehicle search,2016-10-14T20:47:00+00:00,,,,,Male,25-34,Asian or Asian British - Bangladeshi (A3),Asian,Misuse of Drugs Act 1971 (section 23),Controlled drugs,Nothing found - no further action,,False
Person and Vehicle search,2016-10-14T20:59:00+00:00,,,,,Male,25-34,Asian or Asian British - Bangladeshi (A3),Asian,Misuse of Drugs Act 1971 (section 23),Controlled drugs,Nothing found - no further action,,False
Person and Vehicle search,2016-10-14T21:28:00+00:00,,,,,Male,25-34,White - Any other White ethnic background (W9),White,Misuse of Drugs Act 1971 (section 23),Controlled drugs,Suspect arrested,True,False
Person and Vehicle search,2016-10-14T22:47:00+00:00,,,,,Male,25-34,Asian or Asian British - Any other Asian ethnic background (A9),Asian,Misuse of Drugs Act 1971 (section 23),Controlled drugs,Nothing found - no further action,,False
Person search,2016-10-16T02:52:00+00:00,,,,,Male,over 34,White - Any other White ethnic background (W9),White,Police and Criminal Evidence Act 1984 (section 1),Articles for use in criminal damage,Nothing found - no further action,,False
Person search,2016-10-16T03:16:00+00:00,,,,,Male,18-24,White - White British (W1),White,Police and Criminal Evidence Act 1984 (section 1),Article for use in theft,Nothing found - no further action,,False
Person search,2016-10-16T03:23:00+00:00,,,,,Male,18-24,White - White British (W1),White,Police and Criminal Evidence Act 1984 (section 1),Article for use in theft,Nothing found - no further action,,False
Person search,2016-10-16T18:54:00+00:00,,,,,Male,18-24,White - White British (W1),White,Police and Criminal Evidence Act 1984 (section 1),Article for use in theft,Suspect summonsed to court,False,False
Person search,2016-10-16T18:55:00+00:00,,,,,Male,18-24,White - White British (W1),White,Police and Criminal Evidence Act 1984 (section 1),Article for use in theft,Suspect summonsed to court,False,False
Person and Vehicle search,2016-10-17T10:39:00+00:00,,,,,Male,10-17,White - White Irish (W2),White,Police and Criminal Evidence Act 1984 (section 1),Stolen goods,Nothing found - no further action,,False
Person search,2016-10-18T14:08:00+00:00,,,,,Male,over 34,White - White British (W1),White,Police and Criminal Evidence Act 1984 (section 1),Article for use in theft,Nothing found - no further action,,False
Person search,2016-10-18T15:37:00+00:00,,,,,Female,25-34,White - Any other White ethnic background (W9),White,Police and Criminal Evidence Act 1984 (section 1),Stolen goods,Nothing found - no further action,,False
Person search,2016-10-18T15:50:00+00:00,,,,,Male,over 34,White - White British (W1),White,Police and Criminal Evidence Act 1984 (section 1),Stolen goods,Local resolution,True,False
Person and Vehicle search,2016-10-18T16:00:00+00:00,,,,,Male,over 34,White - Any other White ethnic background (W9),White,Police and Criminal Evidence Act 1984 (section 1),Stolen goods,Suspect arrested,True,False
Person search,2016-10-18T16:05:00+00:00,,,,,Female,25-34,White - White British (W1),White,Police and Criminal Evidence Act 1984 (section 1),Stolen goods,Suspect arrested,True,False
Person search,2016-10-18T17:52:00+00:00,,,,,Female,over 34,Black or Black British - African (B2),Black,Police and Criminal Evidence Act 1984 (section 1),Stolen goods,Suspect arrested,True,False
Person search,2016-10-19T11:20:00+00:00,,,,,Male,18-24,Asian or Asian British - Bangladeshi (A3),Asian,Misuse of Drugs Act 1971 (section 23),Controlled drugs,Nothing found - no further action,,False
Person search,2016-10-19T11:51:00+00:00,,,,,Male,25-34,Not Stated (NS),Asian,Misuse of Drugs Act 1971 (section 23),Controlled drugs,Nothing found - no further action,,False
Person search,2016-10-19T11:59:00+00:00,,,,,Male,,,Asian,Misuse of Drugs Act 1971 (section 23),Controlled drugs,Nothing found - no further action,,False
Person search,2016-10-19T12:10:00+00:00,,,,,Male,25-34,White - White British (W1),White,Police and Criminal Evidence Act 1984 (section 1),Stolen goods,Suspect arrested,True,False
Person search,2016-10-19T14:07:00+00:00,,,,,Male,over 34,White - White British (W1),White,Police and Criminal Evidence Act 1984 (section 1),Stolen goods,Nothing found - no further action,,False
Person search,2016-10-19T15:33:00+00:00,,,,,Female,over 34,White - White British (W1),White,Police and Criminal Evidence Act 1984 (section 1),Article for use in theft,Nothing found - no further action,,False
Person search,2016-10-19T15:35:00+00:00,,,,,Male,over 34,White - White British (W1),White,Police and Criminal Evidence Act 1984 (section 1),Stolen goods,Nothing found - no further action,,False
Person and Vehicle search,2016-10-19T21:49:00+00:00,,,,,Male,18-24,Mixed - White and Black Caribbean (M1),Black,Misuse of Drugs Act 1971 (section 23),Controlled drugs,Nothing found - no further action,,False
Person and Vehicle search,2016-10-19T21:56:00+00:00,,,,,Male,18-24,Black or Black British - African (B2),Black,Misuse of Drugs Act 1971 (section 23),Controlled drugs,Nothing found - no further action,,False
Person and Vehicle search,2016-10-19T22:15:00+00:00,,,,,Male,18-24,Black or Black British - Any other Black ethnic background (B9),Black,Misuse of Drugs Act 1971 (section 23),Controlled drugs,Nothing found - no further action,,False
Person and Vehicle search,2016-10-19T23:56:00+00:00,,,,,Male,18-24,White - Any other White ethnic background (W9),White,Misuse of Drugs Act 1971 (section 23),Controlled drugs,Suspect arrested,True,False
Person and Vehicle search,2016-10-20T00:10:00+00:00,,,,,Male,18-24,White - Any other White ethnic background (W9),White,Misuse of Drugs Act 1971 (section 23),Controlled drugs,Suspect arrested,True,False
Person search,2016-10-20T09:50:00+00:00,,,,,Male,over 34,White - Any other White ethnic background (W9),White,Police and Criminal Evidence Act 1984 (section 1),Stolen goods,Suspect arrested,False,False
Person search,2016-10-20T16:41:00+00:00,,,,,Male,18-24,White - White British (W1),White,Police and Criminal Evidence Act 1984 (section 1),Stolen goods,Nothing found - no further action,,False
Person search,2016-10-21T01:06:00+00:00,,,,,Male,18-24,White - White British (W1),White,Police and Criminal Evidence Act 1984 (section 1),Stolen goods,Local resolution,True,False
Person search,2016-10-21T17:10:00+00:00,,,,,Male,25-34,White - Any other White ethnic background (W9),White,Police and Criminal Evidence Act 1984 (section 1),Stolen goods,Suspect arrested,True,False
Person search,2016-10-21T17:10:00+00:00,,,,,Male,over 34,White - Any other White ethnic background (W9),White,Police and Criminal Evidence Act 1984 (section 1),Stolen goods,Suspect arrested,True,False
Person and Vehicle search,2016-10-21T23:14:00+00:00,,,,,Male,over 34,Not Stated (NS),Black,Misuse of Drugs Act 1971 (section 23),Controlled drugs,Nothing found - no further action,,False
Person and Vehicle search,2016-10-22T00:24:00+00:00,,,,,Male,25-34,Asian or Asian British - Any other Asian ethnic background (A9),Asian,Misuse of Drugs Act 1971 (section 23),Controlled drugs,Offender given penalty notice,True,True
Person and Vehicle search,2016-10-22T01:01:00+00:00,,,,,Male,18-24,Asian or Asian British - Bangladeshi (A3),Asian,Misuse of Drugs Act 1971 (section 23),Controlled drugs,Nothing found - no further action,,False
Person search,2016-10-24T10:50:00+00:00,,,,,Male,25-34,White - Any other White ethnic background (W9),White,Police and Criminal Evidence Act 1984 (section 1),Article for use in theft,Suspect arrested,False,False
Person search,2016-10-24T18:20:00+00:00,,,,,Male,over 34,White - Any other White ethnic background (W9),White,Police and Criminal Evidence Act 1984 (section 1),Stolen goods,Suspect arrested,True,False
Person and Vehicle search,2016-10-25T10:04:00+00:00,,,,,Male,18-24,White - White British (W1),White,Misuse of Drugs Act 1971 (section 23),Controlled drugs,Nothing found - no further action,,False
Person search,2016-10-25T10:51:00+00:00,,,,,Male,over 34,White - White British (W1),White,Police and Criminal Evidence Act 1984 (section 1),Anything to threaten or harm anyone,Suspect arrested,False,False
Person search,2016-10-26T08:42:00+00:00,,,,,Male,over 34,White - Any other White ethnic background (W9),Other,Police and Criminal Evidence Act 1984 (section 1),Article for use in theft,Nothing found - no further action,,False
Person search,2016-10-26T11:10:00+00:00,,,,,Male,25-34,Asian or Asian British - Bangladeshi (A3),Asian,Police and Criminal Evidence Act 1984 (section 1),Stolen goods,Suspect arrested,True,False
Person search,2016-10-26T22:45:00+00:00,,,,,Male,25-34,White - Any other White ethnic background (W9),White,Police and Criminal Evidence Act 1984 (section 1),Article for use in theft,Nothing found - no further action,,False
Person search,2016-10-26T22:45:00+00:00,,,,,Male,25-34,White - Any other White ethnic background (W9),White,Police and Criminal Evidence Act 1984 (section 1),Stolen goods,Nothing found - no further action,,False
Person and Vehicle search,2016-10-27T10:18:00+00:00,,,,,Male,18-24,White - Any other White ethnic background (W9),White,Police and Criminal Evidence Act 1984 (section 1),Stolen goods,Nothing found - no further action,,False
Person and Vehicle search,2016-10-27T10:40:00+00:00,,,,,Male,18-24,White - Any other White ethnic background (W9),White,Police and Criminal Evidence Act 1984 (section 1),Article for use in theft,Nothing found - no further action,,False
Person and Vehicle search,2016-10-27T10:45:00+00:00,,,,,Male,over 34,White - Any other White ethnic background (W9),White,Police and Criminal Evidence Act 1984 (section 1),Article for use in theft,Nothing found - no further action,,False
Person search,2016-10-28T19:25:00+00:00,,,,,Male,25-34,White - White British (W1),White,Misuse of Drugs Act 1971 (section 23),Controlled drugs,Suspect arrested,True,False
Person and Vehicle search,2016-10-28T19:41:00+00:00,,,,,Male,25-34,Asian or Asian British - Bangladeshi (A3),Asian,Misuse of Drugs Act 1971 (section 23),Controlled drugs,Suspect arrested,True,False
Person and Vehicle search,2016-10-28T19:47:00+00:00,,,,,Male,25-34,Asian or Asian British - Bangladeshi (A3),Asian,Misuse of Drugs Act 1971 (section 23),Controlled drugs,Suspect arrested,True,False
Person and Vehicle search,2016-10-28T20:00:00+00:00,,,,,Male,18-24,Asian or Asian British - Bangladeshi (A3),Asian,Misuse of Drugs Act 1971 (section 23),Controlled drugs,Suspect arrested,False,False
Person and Vehicle search,2016-10-28T20:26:00+00:00,,,,,Male,10-17,White - White British (W1),White,Misuse of Drugs Act 1971 (section 23),Controlled drugs,Suspect arrested,True,False
Person search,2016-10-30T03:15:00+00:00,,,,,Male,over 34,Not Stated (NS),White,Police and Criminal Evidence Act 1984 (section 1),Article for use in theft,Nothing found - no further action,,False
Person search,2016-10-30T03:35:00+00:00,,,,,Male,18-24,Black or Black British - African (B2),Black,Police and Criminal Evidence Act 1984 (section 1),Offensive weapons,Nothing found - no further action,,False
Person search,2016-10-30T22:18:00+00:00,,,,,Male,10-17,Asian or Asian British - Pakistani (A2),Asian,Police and Criminal Evidence Act 1984 (section 1),Article for use in theft,Local resolution,False,False
Person search,2016-10-30T22:23:00+00:00,,,,,Male,18-24,White - White British (W1),White,Police and Criminal Evidence Act 1984 (section 1),Article for use in theft,Nothing found - no further action,,False
Person search,2016-10-30T22:23:00+00:00,,,,,Male,18-24,White - White British (W1),White,Police and Criminal Evidence Act 1984 (section 1),Articles for use in criminal damage,Nothing found - no further action,,False
Person search,2016-10-30T22:24:00+00:00,,,,,Male,18-24,White - White British (W1),White,Police and Criminal Evidence Act 1984 (section 1),Article for use in theft,Nothing found - no further action,,False
Person search,2016-10-30T22:31:00+00:00,,,,,Male,10-17,White - White British (W1),White,Police and Criminal Evidence Act 1984 (section 1),Stolen goods,Local resolution,True,False
