Crime ID,Month,Reported by,Falls within,Longitude,Latitude,Location,LSOA code,LSOA name,Outcome type
3b092d669fc23e0909f98b7c26d24783aa965f73ccdcb81537c6d66a45e0b6be,2016-10,City of London Police,City of London Police,-0.082913,51.513463,On or near LEADENHALL STREET,E01032739,City of London 001F,Investigation complete; no suspect identified
f845a34be870635ed712a1aa5fa7c96499de1b513adcafb54bcc0a03a4dedf9b,2016-10,City of London Police,City of London Police,-0.104244,51.512749,On or near NEW BRIDGE STREET,E01032739,City of London 001F,Investigation complete; no suspect identified
89c58d2d6613312234138f1b709f782d200ef8f25443659a95b90d9ac7bc884a,2016-10,City of London Police,City of London Police,-0.081091,51.516014,On or near CAMOMILE STREET,E01032739,City of London 001F,Investigation complete; no suspect identified
d92c21afeee135359cd69b114d8c252783bce09ef371ee2703295a42907a29ca,2016-10,City of London Police,City of London Police,-0.087153,51.518910,On or near SOUTH PLACE MEWS,E01032739,City of London 001F,Investigation complete; no suspect identified
29bb54ddd7b99248a234863b2e6d87353ec67e7286c016eec4973c0093ca41c8,2016-10,City of London Police,City of London Police,,,No location,,,Investigation complete; no suspect identified
6ab062011b5a38740abd195f2a46c57337eff36de963ffefe7b80e6bf1a23fcb,2016-10,City of London Police,City of London Police,-0.080244,51.511828,On or near MARK LANE,E01032739,City of London 001F,Investigation complete; no suspect identified
a7ec0f623d56c94fb725692970e2caf82a573bede449d93cfffd5e40483852dc,2016-10,City of London Police,City of London Police,-0.084095,51.516900,On or near NEW BROAD STREET,E01032739,City of London 001F,Investigation complete; no suspect identified
5cb9a0bdf9089bc1c7a1f59048f9fd8455dbc65d1c334fb6e144f0480c15baee,2016-10,City of London Police,City of London Police,-0.097645,51.515142,On or near ST MARTIN'S LE GRAND,E01032739,City of London 001F,Investigation complete; no suspect identified
12866c75ec0a3432e03bf98c32ed166a1e4c52d485ee66e11f066aa3cff7a8b5,2016-10,City of London Police,City of London Police,-0.112939,51.518231,On or near SOUTHAMPTON BUILDINGS,E01032740,City of London 001G,Investigation complete; no suspect identified
36aaaa8bcdcb3b0945a4e9101a7783c5c97a493c6be8a3d37f84a0f060be6219,2016-10,City of London Police,City of London Police,-0.079607,51.515657,On or near ST MARY AXE,E01000005,City of London 001E,Investigation complete; no suspect identified
bb20698f4cc1f1dee168b17db8ea8c48bef27055bc5fb7a36751e101b4f0c6fe,2016-10,City of London Police,City of London Police,-0.097562,51.518864,On or near Parking Area,E01000001,City of London 001A,Investigation complete; no suspect identified
11e4e4c1c3ca9a62a1ac81ae1ad992156a4460f43f732b0cda973c42fd20938d,2016-10,City of London Police,City of London Police,-0.083645,51.512504,On or near LIME STREET PASSAGE,E01032739,City of London 001F,Investigation complete; no suspect identified
ab5a27004fb931e209aef510d8a149f4a9ba1338cc561a3d945f636a241d48d9,2016-10,City of London Police,City of London Police,-0.078856,51.518433,On or near ARTILLERY LANE,E01032739,City of London 001F,Investigation complete; no suspect identified
0a98a96296ff3e42a81e81fe7b8a4f514163532cc97f0225ff05f148c555ab77,2016-10,City of London Police,City of London Police,-0.102502,51.516165,On or near GREEN ARBOUR COURT,E01032740,City of London 001G,Investigation complete; no suspect identified
e96217bbd4d14c8776f252f7f16f2d896850bfc102312eca51f39c0d47d342b1,2016-10,City of London Police,City of London Police,-0.085355,51.510563,On or near PUDDING LANE,E01032739,City of London 001F,Unable to prosecute suspect
cd852f4d6660c8d900fbc9856a8fa5c7f8ccb19a0cadc8d3e376f93139139437,2016-10,City of London Police,City of London Police,-0.085355,51.510563,On or near PUDDING LANE,E01032739,City of London 001F,Unable to prosecute suspect
f76d4f0dfd6afe1ebad7c98eaa6c28434162df2b304c79085175ae7da1e48860,2016-10,City of London Police,City of London Police,,,No location,,,Suspect charged
4a7aa3a1c1ba1b258973d95ed32afcd427a4ae698768eb38c73d3aab1aed84ec,2016-10,City of London Police,City of London Police,-0.083618,51.517288,On or near BROAD STREET AVENUE,E01032739,City of London 001F,Suspect charged
9ca385c514e207325baa939a1c0cb4edd41a866e6077cea38059cfea8923ce01,2016-10,City of London Police,City of London Police,-0.079786,51.517576,On or near Police Station,E01032739,City of London 001F,Suspect charged
470d161a1584187d579eac8cdfa0a7faadeaab4102d54cc0b15aa10dbb494acc,2016-10,City of London Police,City of London Police,-0.084105,51.515281,On or near Conference/Exhibition Centre,E01032739,City of London 001F,Suspect charged
8c1fd1c1eabfec952d1b37c8bc9fa446414dd6da670ee3096a29b90fa8f3aaef,2016-10,City of London Police,City of London Police,-0.088843,51.509532,On or near Parking Area,E01032739,City of London 001F,Suspect charged
c8bcedda9cce1f349ecc86fad0704b587eb4a94ee69d7d1f5eaea6ffeb6be59a,2016-10,City of London Police,City of London Police,-0.080376,51.517244,On or near Supermarket,E01032739,City of London 001F,Suspect charged
d3f4bd42cf53a333d73d7aee5f3ff365bae555aecfe2356669765e2581331e58,2016-10,City of London Police,City of London Police,-0.086278,51.509876,On or near FISH STREET HILL,E01032739,City of London 001F,Suspect charged
78f2b3793f6db5a213a4acde7f4fee6f5df912b612fbf972451b7810f5345fb0,2016-10,City of London Police,City of London Police,-0.105134,51.513869,On or near BRIDE LANE,E01032740,City of London 001G,Investigation complete; no suspect identified
3d12f7c4656d44352b6cdaf4b16389f3630507158ccba9d216ed59992b5b5480,2016-10,City of London Police,City of London Police,,,No location,,,Investigation complete; no suspect identified
bf14ee8a2172ef3ef335cec740535b2fd35a34b45c4f51eb9070cb86789b6714,2016-10,City of London Police,City of London Police,-0.092296,51.511386,On or near COLLEGE HILL,E01032739,City of London 001F,Investigation complete; no suspect identified
e4828176b2977937af73c4618e49d5d266d69a4dfec878b3d0910c0b65c68d67,2016-10,City of London Police,City of London Police,-0.084251,51.520059,On or near SUN STREET,E01032739,City of London 001F,Investigation complete; no suspect identified
5faeabd619948a8e91c64581971c5a5c125872dc0eff93ee56635e2e1c113316,2016-10,City of London Police,City of London Police,-0.080146,51.514848,On or near BURY COURT,E01032739,City of London 001F,Unable to prosecute suspect
ed2bdb6545670eae9be4f661eb19d9ae664e4a226b6ce61d25bac5fda361be73,2016-10,City of London Police,City of London Police,-0.086051,51.513569,On or near FINCH LANE,E01032739,City of London 001F,Unable to prosecute suspect
78310139ef92d0bf94bafd5893022351dabff98a5834fac2f521ca4d6e333765,2016-10,City of London Police,City of London Police,-0.073065,51.511180,On or near GOODMAN'S YARD,E01000005,City of London 001E,Suspect charged
090df3c227259af0beb38af2ac4992b4be757814504eff0bc900d95b307ae82e,2016-10,City of London Police,City of London Police,-0.096363,51.513377,On or near NEW CHANGE,E01032739,City of London 001F,Investigation complete; no suspect identified
822e35f5f38d830b8b46cafd1a708b1abe85b5268fe10373015397e3934e7d3f,2016-10,City of London Police,City of London Police,-0.106680,51.515882,On or near Parking Area,E01032740,City of London 001G,Investigation complete; no suspect identified
6f17086d8236e6ffb20bd0a95eef3ea0b524b8d60ff0b1e3da76a18c4a42e5b8,2016-10,City of London Police,City of London Police,-0.077451,51.515523,On or near WHITE KENNETT STREET,E01000005,City of London 001E,Investigation complete; no suspect identified
bfce4c5bfa46d74684982ee8d82f85ef21be92be0013c9d7cc0045618808cc7e,2016-10,City of London Police,City of London Police,-0.086272,51.513114,On or near BIRCHIN LANE,E01032739,City of London 001F,Unable to prosecute suspect
4fa73efaa6fc345e4323e716a822738431ee93a8f6871d9eb9493a472cc2b675,2016-10,City of London Police,City of London Police,-0.080318,51.520678,On or near PRIMROSE STREET,E01032739,City of London 001F,Investigation complete; no suspect identified
65633c4fe96b6040992e272507e614a8d73ecd8a28637df24a4055a394247552,2016-10,City of London Police,City of London Police,-0.096363,51.513377,On or near NEW CHANGE,E01032739,City of London 001F,Suspect charged
9da10718a51aa4873900c5e4b8446f6464443246c2dc1c0bbd50684c8e2d79be,2016-10,City of London Police,City of London Police,-0.093257,51.513920,On or near BOW LANE,E01032739,City of London 001F,Suspect charged
63dcf3319a6fff6e08cff41e7c3db9ff2e8dfac6446c7f3ff795af3cb149404e,2016-10,City of London Police,City of London Police,-0.080376,51.517244,On or near Supermarket,E01032739,City of London 001F,Suspect charged
f9cd25c32767ad688c40b1b5f4cdb9c6657bed13fbb6e5999997f4d1460183a3,2016-10,City of London Police,City of London Police,-0.074896,51.514933,On or near Pedestrian Subway,E01000005,City of London 001E,Investigation complete; no suspect identified
20fbcca6ada4094a30117c812f780d87b6ed1363a4d0c7093e3d58b21e04fc73,2016-10,City of London Police,City of London Police,-0.075508,51.514763,On or near Pedestrian Subway,E01000005,City of London 001E,Investigation complete; no suspect identified
4dd7d88c17da4abad19840dc28b588a45ea8b92d2f445775ecac090c6df7eb03,2016-10,City of London Police,City of London Police,-0.092719,51.512652,On or near QUEEN VICTORIA STREET,E01032739,City of London 001F,Investigation complete; no suspect identified
dad67a3ecb6ab8020634789d760c70bd426e1447bec457fa05f223289853939e,2016-10,City of London Police,City of London Police,-0.107148,51.511879,On or near TALLIS STREET,E01032740,City of London 001G,Suspect charged
8af8bd4e4982aed3acf534de04bf5c6e9467e79bb4ac80e57631e5c5b8186dd5,2016-10,City of London Police,City of London Police,-0.102812,51.517042,On or near Police Station,E01032740,City of London 001G,Investigation complete; no suspect identified
4286ccb92f03c2ac9276e1038bd37fab133eb0981752170b943bb1af89967c13,2016-10,City of London Police,City of London Police,-0.090203,51.511118,On or near SCOTT'S YARD,E01032739,City of London 001F,Investigation complete; no suspect identified
590bd4f526c2e42720a871e0b4b5ee46f0d80c188d6972c4d10110b27b313c4c,2016-10,City of London Police,City of London Police,-0.092865,51.510182,On or near Parking Area,E01032739,City of London 001F,Investigation complete; no suspect identified
6c6ce8bc6e073867fbb6e7345e318f69b95c0e934692a3c0aa9d526833b80a7b,2016-10,City of London Police,City of London Police,-0.094464,51.512959,On or near WATLING COURT,E01032739,City of London 001F,Investigation complete; no suspect identified
f7807125924571bcdf164d1f36835a6c10138a70e30c65c6ba7c59c143d4db96,2016-10,City of London Police,City of London Police,-0.095892,51.516391,On or near NOBLE STREET,E01000001,City of London 001A,Investigation complete; no suspect identified
a290f124428ebfdeabcdfc71f201a4ba73f35bb8c36c016fa562472be4588941,2016-10,City of London Police,City of London Police,-0.084723,51.514986,On or near Conference/Exhibition Centre,E01032739,City of London 001F,Investigation complete; no suspect identified
e3dae6d927336ba8bc0f008dec909ee8b248cd56ad1606d0c9783ab90e24d4ed,2016-10,City of London Police,City of London Police,-0.107147,51.517130,On or near ST ANDREW STREET,E01032740,City of London 001G,Investigation complete; no suspect identified
f04c835167652021063e9d9189eb93b8c9c0dad1ccb7050d0a2a36679c772e14,2016-10,City of London Police,City of London Police,-0.084566,51.517690,On or near BLOMFIELD STREET,E01032739,City of London 001F,Investigation complete; no suspect identified
897d26026dd388088217feb39e8466dedfc21639be1f31e23c49c750de189c90,2016-10,City of London Police,City of London Police,,,No location,,,Investigation complete; no suspect identified
3e43ecfa8a68d06d209a1beca6cb78548a3a986b2a6938b422a0cba04d14a1e1,2016-10,City of London Police,City of London Police,-0.085149,51.517196,On or near BLOMFIELD STREET,E01032739,City of London 001F,Suspect charged
7ebfe0bf7bd3b3c97a1cef2b50bd041d4db4af930c74425403456840938d09fa,2016-10,City of London Police,City of London Police,-0.090797,51.514482,On or near OLD JEWRY,E01032739,City of London 001F,Suspect charged
6dc291dc66f77c0d0848b401294bc660040ab436b0d2a9c192f0d2f89df7f21a,2016-10,City of London Police,City of London Police,-0.078856,51.518433,On or near ARTILLERY LANE,E01032739,City of London 001F,Investigation complete; no suspect identified
0582808f9eb938470d015324f94ba278485850cf3fb82c7647bd5481c270e2d7,2016-10,City of London Police,City of London Police,-0.093493,51.513447,On or near BOW LANE,E01032739,City of London 001F,Investigation complete; no suspect identified
d5451bde5aefe57ff71793fe0a48e84c95b340664165f1a8e2e99043e0d63e63,2016-10,City of London Police,City of London Police,-0.096363,51.513377,On or near NEW CHANGE,E01032739,City of London 001F,Suspect charged
446fb0e8fd40650c3886d4716759fb4852a14e67e9f59bd85872958d93975a9c,2016-10,City of London Police,City of London Police,-0.082571,51.514753,On or near GREAT ST HELEN'S,E01032739,City of London 001F,Suspect charged
255b5972b3883b0df105fa6babf9fb942cf9413c97e79917f02b27cdc0ea2f11,2016-10,City of London Police,City of London Police,-0.084105,51.515281,On or near Conference/Exhibition Centre,E01032739,City of London 001F,Investigation complete; no suspect identified
1ce704a425d5e853ca78a07a7f3440898f54740445c80aabf97dc961be13d888,2016-10,City of London Police,City of London Police,-0.082571,51.514753,On or near GREAT ST HELEN'S,E01032739,City of London 001F,Suspect charged
3483ace58e6ef7206f266516f5a3439243931b28e565459280a162db48287311,2016-10,City of London Police,City of London Police,-0.094628,51.514203,On or near CHEAPSIDE,E01032739,City of London 001F,Suspect charged
3ebc1758c5fd372ad7f063320b9fd983cbaa72bdf180514423f744a5e2c1bbbb,2016-10,City of London Police,City of London Police,-0.101575,51.513857,On or near LUDGATE HILL,E01032739,City of London 001F,Suspect charged
51ce170552dc9a2b77e6826f04e332a648db478bd7a9da5f9ed62897bc4e02d3,2016-10,City of London Police,City of London Police,-0.096561,51.514513,On or near CHEAPSIDE,E01032739,City of London 001F,Suspect charged
a25eaa19fecebe9c79e37abc0b814ed54ad932fc1e408f75cb8752754c5d3709,2016-10,City of London Police,City of London Police,-0.088995,51.512088,On or near ST SWITHIN'S LANE,E01032739,City of London 001F,Suspect charged
6025140c780765462281299461642f9fe82f1628fa94b474004f54d593a41c18,2016-10,City of London Police,City of London Police,-0.085355,51.510563,On or near PUDDING LANE,E01032739,City of London 001F,Suspect charged
5b7ac2ee0c0fcd6db8050b095d03204e83142fbd6468a8d9d1431b57fb7b56b9,2016-10,City of London Police,City of London Police,,,No location,,,Investigation complete; no suspect identified
57cf2b8196168f4daed0e463e783952dd4c66a77f88677f2d4ce52f8b6f74641,2016-10,City of London Police,City of London Police,-0.084723,51.514986,On or near Conference/Exhibition Centre,E01032739,City of London 001F,Investigation complete; no suspect identified
bab26e03c35a4851c84a0cb48ab0629f3a189f0123f46221360d7aa43f4c899a,2016-10,City of London Police,City of London Police,,,No location,,,Further investigation is not in the public interest
c3c7762096898ee0689ca650e40dcfd76ed6c20452021238c2db5a911b9c7274,2016-10,City of London Police,City of London Police,-0.084768,51.512882,On or near CORBET COURT,E01032739,City of London 001F,Investigation complete; no suspect identified
66855290534ad4dde68216cc5e7f6165e400cced32345f7a52ea895e5c0ae321,2016-10,City of London Police,City of London Police,-0.089364,51.515331,On or near KING'S ARMS YARD,E01032739,City of London 001F,Investigation complete; no suspect identified
5ef5b48a764f7cb4db6b7a384a39b510b622ed4046abf640c9dc24cf5c0e0553,2016-10,City of London Police,City of London Police,-0.086393,51.510894,On or near EASTCHEAP,E01032739,City of London 001F,Suspect charged
ec926363eec71a500067ade207389f03e766007e7d1a8fcc9e137506401d64be,2016-10,City of London Police,City of London Police,-0.097277,51.515307,On or near ST MARTIN'S LE GRAND,E01000001,City of London 001A,Investigation complete; no suspect identified
e779f50b487e87bb6049994d951db94fbd055cb9d79d96816c159cac8ae1513b,2016-10,City of London Police,City of London Police,-0.096363,51.513377,On or near NEW CHANGE,E01032739,City of London 001F,Suspect charged
d50f3890289c4eeceafd3d71534c39959a62c4122458267d77e8cbe335da328f,2016-10,City of London Police,City of London Police,-0.078718,51.521038,On or near NORTON FOLGATE,E01004307,Tower Hamlets 015B,Suspect charged
d50f3890289c4eeceafd3d71534c39959a62c4122458267d77e8cbe335da328f,2016-10,City of London Police,City of London Police,-0.078718,51.521038,On or near NORTON FOLGATE,E01004307,Tower Hamlets 015B,Suspect charged
77c5eadae95359ab312435b9d2fc0fc0f3c1a3c64eeed996b4e5835b06b63487,2016-10,City of London Police,City of London Police,-0.083086,51.511407,On or near ROOD LANE,E01032739,City of London 001F,Suspect charged
3483ace58e6ef7206f266516f5a3439243931b28e565459280a162db48287311,2016-10,City of London Police,City of London Police,-0.094628,51.514203,On or near CHEAPSIDE,E01032739,City of London 001F,Suspect charged
ceb0ef335761e21a59bfc9f49673c6aeff03e8762deb06f0ce28047b112080f4,2016-10,City of London Police,City of London Police,-0.079786,51.517576,On or near Police Station,E01032739,City of London 001F,Investigation complete; no suspect identified
e17009106fa7f6809ad713b79ecd38f799d9c1e69f85b30ce0ea051a17429150,2016-10,City of London Police,City of London Police,-0.101575,51.513857,On or near LUDGATE HILL,E01032739,City of London 001F,Investigation complete; no suspect identified
a25eaa19fecebe9c79e37abc0b814ed54ad932fc1e408f75cb8752754c5d3709,2016-10,City of London Police,City of London Police,-0.088995,51.512088,On or near ST SWITHIN'S LANE,E01032739,City of London 001F,Offender given community sentence
3ebc1758c5fd372ad7f063320b9fd983cbaa72bdf180514423f744a5e2c1bbbb,2016-10,City of London Police,City of London Police,-0.101575,51.513857,On or near LUDGATE HILL,E01032739,City of London 001F,Offender fined
3483ace58e6ef7206f266516f5a3439243931b28e565459280a162db48287311,2016-10,City of London Police,City of London Police,-0.094628,51.514203,On or near CHEAPSIDE,E01032739,City of London 001F,Offender given conditional discharge
c8bcedda9cce1f349ecc86fad0704b587eb4a94ee69d7d1f5eaea6ffeb6be59a,2016-10,City of London Police,City of London Police,-0.080376,51.517244,On or near Supermarket,E01032739,City of London 001F,Offender sent to prison
5ef5b48a764f7cb4db6b7a384a39b510b622ed4046abf640c9dc24cf5c0e0553,2016-10,City of London Police,City of London Police,-0.086393,51.510894,On or near EASTCHEAP,E01032739,City of London 001F,Offender sent to prison
11be61802e857a29d8028b8ca59108e609f0795fcae9f59de19bca147657665a,2016-10,City of London Police,City of London Police,-0.085355,51.510563,On or near PUDDING LANE,E01032739,City of London 001F,Offender fined
1ce704a425d5e853ca78a07a7f3440898f54740445c80aabf97dc961be13d888,2016-10,City of London Police,City of London Police,-0.082571,51.514753,On or near GREAT ST HELEN'S,E01032739,City of London 001F,Offender sent to prison
d3f4bd42cf53a333d73d7aee5f3ff365bae555aecfe2356669765e2581331e58,2016-10,City of London Police,City of London Police,-0.086278,51.509876,On or near FISH STREET HILL,E01032739,City of London 001F,Offender sent to prison
d54c17a173b6ecf59fe18ae946c8898ff8867aed0c53e691f30cda93c30a6ebd,2016-10,City of London Police,City of London Police,-0.095960,51.517534,On or near LONDON WALL,E01000001,City of London 001A,Offender given community sentence
926035cbd639b21c09591549e3485e35dcdde7643ba64cc169bc9a481ca4bb92,2016-10,City of London Police,City of London Police,-0.097223,51.515225,On or near ST MARTIN'S LE GRAND,E01000001,City of London 001A,Offender sent to prison
9ca385c514e207325baa939a1c0cb4edd41a866e6077cea38059cfea8923ce01,2016-10,City of London Police,City of London Police,-0.079786,51.517576,On or near Police Station,E01032739,City of London 001F,Offender sent to prison
51ce170552dc9a2b77e6826f04e332a648db478bd7a9da5f9ed62897bc4e02d3,2016-10,City of London Police,City of London Police,-0.096561,51.514513,On or near CHEAPSIDE,E01032739,City of London 001F,Offender fined
3483ace58e6ef7206f266516f5a3439243931b28e565459280a162db48287311,2016-10,City of London Police,City of London Police,-0.094628,51.514203,On or near CHEAPSIDE,E01032739,City of London 001F,Offender given conditional discharge
