Crime ID,Month,Reported by,Falls within,Longitude,Latitude,Location,LSOA code,LSOA name,Outcome type
07b08d4b80dcef20a498c8f30f9dc5eb2ffa0a291fd24920e6e25e1535d548bc,2019-04,City of London Police,City of London Police,,,No location,,,Investigation complete; no suspect identified
193eb96657065108579f6a2621a6b622b032c44452449a3ca29137168513a77e,2019-04,City of London Police,City of London Police,,,No location,,,Investigation complete; no suspect identified
bce26dad70e339e09352e2f0f644980f4c609927f67ea25b754e233210bef760,2019-04,City of London Police,City of London Police,,,No location,,,Investigation complete; no suspect identified
b57156dbba18b22b9603ce16612a7b95e0e3e39a651d9320e5b5e0c23f33aecc,2019-04,City of London Police,City of London Police,-0.103597,51.519312,On or near Nightclub,E01002724,Islington 022D,Investigation complete; no suspect identified
5e12316ef5fd42d1ed9e625dc034bf8ce1d27667466e93088ab80a1d367aba46,2019-04,City of London Police,City of London Police,-0.090348,51.519358,On or near MOOR LANE,E01000002,City of London 001B,Unable to prosecute suspect
6d52cb0a919e43241381223aad7db6ac562df485509e84b1320296059857b87d,2019-04,City of London Police,City of London Police,-0.083417,51.513148,On or near WHITTINGTON AVENUE,E01032739,City of London 001F,Investigation complete; no suspect identified
6be01a973bf6c53ad889a262f639dab6586c74293c09cbab42346eedbe5f4e1d,2019-04,City of London Police,City of London Police,-0.083417,51.513148,On or near WHITTINGTON AVENUE,E01032739,City of London 001F,Investigation complete; no suspect identified
66b89dc2f0c3148e88b4e5088d36073f62b5b23ca2f12f361a02b817abb91926,2019-04,City of London Police,City of London Police,-0.102748,51.522734,On or near ALBEMARLE WAY,E01002724,Islington 022D,Suspect charged
b95145e3c7d38ae6a6b6441710d002f6b228c962b364d7e41f5d58ed1788b774,2019-04,City of London Police,City of London Police,-0.076080,51.511445,On or near AMERICA SQUARE,E01000005,City of London 001E,Suspect charged
dd1d36cd17fcd73b20fa4679c654ce20dbed939bf240fe1a1a0cf3c467169394,2019-04,City of London Police,City of London Police,-0.081620,51.516814,On or near ALDERMAN'S WALK,E01032739,City of London 001F,Suspect charged
79a4181d153f7588543f4233443b44bfe09f7f8e97f3d0f6cfe5d07d261c50f0,2019-04,City of London Police,City of London Police,-0.081516,51.510014,On or near GREAT TOWER STREET,E01032739,City of London 001F,Local resolution
50b5bd366e4eb087933edb11ef4e8b84106a1c5833105c64260f6807435d5d90,2019-04,City of London Police,City of London Police,-0.107910,51.515047,On or near GOUGH SQUARE,E01032740,City of London 001G,Suspect charged
50b5bd366e4eb087933edb11ef4e8b84106a1c5833105c64260f6807435d5d90,2019-04,City of London Police,City of London Police,-0.107910,51.515047,On or near GOUGH SQUARE,E01032740,City of London 001G,Suspect charged
b45a1d47938729e9e84b8fda35be5d9cfd1032a7a0d14effb57312b34a956aa1,2019-04,City of London Police,City of London Police,-0.080376,51.517244,On or near Supermarket,E01032739,City of London 001F,Suspect charged
23b1bb22a6c10a7afe090173d507f81c1107f489539afc8e8b4e8f872cae87d6,2019-04,City of London Police,City of London Police,-0.080034,51.513389,On or near LEADENHALL STREET,E01032739,City of London 001F,Suspect charged
945ebf8f775d744aadf6cf38c69be492652ff6c8aab32a99071ac88e3929365b,2019-04,City of London Police,City of London Police,-0.094115,51.516497,On or near WOOD STREET,E01000002,City of London 001B,Local resolution
f93985ae5fdaef76fa3e43012a411fcabfcfa00120960cbfda6d9460a12651e7,2019-04,City of London Police,City of London Police,-0.094115,51.516497,On or near WOOD STREET,E01000002,City of London 001B,Local resolution
7b8d6e8e15d3b8254589335f171ba050a566c58ed7f9a1a8ffa4903d16238c55,2019-04,City of London Police,City of London Police,-0.079786,51.517576,On or near Police Station,E01032739,City of London 001F,Offender given penalty notice
1de35c61c21c5d2fc6af7c471aa71700ad60370e6204526e9caee443e3ef95d8,2019-04,City of London Police,City of London Police,-0.088225,51.514656,On or near LOTHBURY,E01032739,City of London 001F,Suspect charged
4000f6cb86d87ad6000a71ce4306e0a8ae391dabe82cbed247453e890c269112,2019-04,City of London Police,City of London Police,-0.096363,51.513377,On or near NEW CHANGE,E01032739,City of London 001F,Suspect charged
98b7e4df9b54bfb2774e63b37c4d5e40ecedac14fccb1d45776af69542fe4bc9,2019-04,City of London Police,City of London Police,-0.081620,51.516814,On or near ALDERMAN'S WALK,E01032739,City of London 001F,Suspect charged
ab6a0262bb7b15cd39a9ad14d508b29f28ce7e3e4a9a2c5a6cd177c854f5fc04,2019-04,City of London Police,City of London Police,-0.096363,51.513377,On or near NEW CHANGE,E01032739,City of London 001F,Suspect charged
14a44034e180e5598653dd2b42e80c8c4b5a371f09a1979dc7ca0a19053244d9,2019-04,City of London Police,City of London Police,-0.105900,51.516966,On or near PLUMTREE COURT,E01032740,City of London 001G,Suspect charged
fdb45008193721f21b118823ef5e561b6a6a3e9143d49754396e8def63a8658a,2019-04,City of London Police,City of London Police,-0.090710,51.513132,On or near QUEEN VICTORIA STREET,E01032739,City of London 001F,Local resolution
a36afb9b3ed6f9b34dd173d204da3a39fa8e52407b56e157853ecbb68ea06e1c,2019-04,City of London Police,City of London Police,-0.084967,51.512598,On or near BELL INN YARD,E01032739,City of London 001F,Suspect charged
af22deeca2abfb669793c987c2c82e39848c52c1a5566693f2d6b566b80a1d30,2019-04,City of London Police,City of London Police,-0.079786,51.517576,On or near Police Station,E01032739,City of London 001F,Suspect charged
3afd4198620a3520c17a09d0d5ba29177eb620ad92b482c88f514a230b10d865,2019-04,City of London Police,City of London Police,-0.076095,51.512462,On or near VINE STREET,E01000005,City of London 001E,Offender given penalty notice
c479b001399657c762c981d14bf84f1189490fb35f99d706807e2a979b7d9bb0,2019-04,City of London Police,City of London Police,-0.077694,51.513171,On or near ALDGATE,E01032739,City of London 001F,Suspect charged
321d75708dea85822f5a6c68ab1be17b0092ffed81f6f7e8f6e3ff91340a7552,2019-04,City of London Police,City of London Police,-0.080376,51.517244,On or near Supermarket,E01032739,City of London 001F,Offender given a caution
c950884bade22760257e8ee1e2d4cd89b309a3b96bf912960b6c718e349a02cb,2019-04,City of London Police,City of London Police,-0.081620,51.516814,On or near ALDERMAN'S WALK,E01032739,City of London 001F,Suspect charged
c950884bade22760257e8ee1e2d4cd89b309a3b96bf912960b6c718e349a02cb,2019-04,City of London Police,City of London Police,-0.081620,51.516814,On or near ALDERMAN'S WALK,E01032739,City of London 001F,Suspect charged
ed091159adaaab52e54b56557864c8c85b36d5b5b8b55a5d23615c78d6ecf39b,2019-04,City of London Police,City of London Police,-0.085257,51.511200,On or near TALBOT COURT,E01032739,City of London 001F,Suspect charged
ed091159adaaab52e54b56557864c8c85b36d5b5b8b55a5d23615c78d6ecf39b,2019-04,City of London Police,City of London Police,-0.085257,51.511200,On or near TALBOT COURT,E01032739,City of London 001F,Suspect charged
e0ee12b36e0dd0f36a8f280b3933a93fa88ead4789a784b4eaf0d357c1cf58e7,2019-04,City of London Police,City of London Police,-0.082527,51.512027,On or near CULLUM STREET,E01032739,City of London 001F,Suspect charged
59d0218024fcd09c2c27edf0a61e86e5c22e41719ff98d584b1a794a805a3e53,2019-04,City of London Police,City of London Police,-0.096363,51.513377,On or near NEW CHANGE,E01032739,City of London 001F,Suspect charged
c8cfcce2703b250d3a1f734050c8c61c604e4c24ddc231ff1582fa2a9c3c7422,2019-04,City of London Police,City of London Police,-0.080376,51.517244,On or near Supermarket,E01032739,City of London 001F,Offender given a caution
46b237ecc584f6f86be1207b728c104372d7e61aaa63866d547fdc717df34864,2019-04,City of London Police,City of London Police,-0.082458,51.517431,On or near LIVERPOOL STREET,E01032739,City of London 001F,Offender given a drugs possession warning
a4667a8af7b5a8e6d00e3a840e79ee2fd9163f2da6029ed410a1617c4b01a986,2019-04,City of London Police,City of London Police,-0.082458,51.517431,On or near LIVERPOOL STREET,E01032739,City of London 001F,Suspect charged
384f977ec0b99aa8d06e1ce057278cab9da583407dc3ef121f1f8bbd57b71b02,2019-04,City of London Police,City of London Police,-0.080376,51.517244,On or near Supermarket,E01032739,City of London 001F,Local resolution
6c2c323563c76b40edc9a74bb7cf292b428dd44e86cfb32e83df1342995a4c39,2019-04,City of London Police,City of London Police,-0.094206,51.511210,On or near LITTLE TRINITY LANE,E01032739,City of London 001F,Offender given penalty notice
22a05935c7e326e7d980219adb40698645ffea8339986c267b8fb628ecc6e5d7,2019-04,City of London Police,City of London Police,-0.084967,51.512598,On or near BELL INN YARD,E01032739,City of London 001F,Local resolution
6ae611f90e9cb11fa803c1db35fa8e0b2ce4ee269827a31d27cc5774a05f052b,2019-04,City of London Police,City of London Police,-0.084967,51.512598,On or near BELL INN YARD,E01032739,City of London 001F,Suspect charged
83c0b81248b9ce13795a736d0fed726d5bd10b1e1c7834a3da71a8b836b14106,2019-04,City of London Police,City of London Police,-0.084967,51.512598,On or near BELL INN YARD,E01032739,City of London 001F,Local resolution
ba97a7069924440605403e9490454db801a48fb6938ebccc58312daaa475b708,2019-04,City of London Police,City of London Police,-0.094468,51.521853,On or near GOLDEN LANE,E01000003,City of London 001C,Offender given a caution
d3ced9796eb3f6f01521537cc825412d4b9da5ef669687611b83d92e25d649fd,2019-04,City of London Police,City of London Police,-0.080376,51.517244,On or near Supermarket,E01032739,City of London 001F,Local resolution
5a17e69db50d9fef80629aa6db6a74b3e7cf4c05f94dcf5edc7df229e47811fa,2019-04,City of London Police,City of London Police,-0.078250,51.515033,On or near HOUNDSDITCH,E01000005,City of London 001E,Suspect charged
3d0b0308d7a3644899db6f450795e6ff11b5e2117014df5f20e7df307d2b2a9f,2019-04,City of London Police,City of London Police,-0.084967,51.512598,On or near BELL INN YARD,E01032739,City of London 001F,Suspect charged
aacc16200024c9636b96e137e3bdc9237be78d6b33f8cefc83cd40fa0fc289ee,2019-04,City of London Police,City of London Police,-0.081620,51.516814,On or near ALDERMAN'S WALK,E01032739,City of London 001F,Offender given a caution
d3a34027bc0c61c5af651c96edfc0301dede7cb91fc1a0ffa2c6439e1d480864,2019-04,City of London Police,City of London Police,-0.099848,51.519350,On or near LONG LANE,E01032740,City of London 001G,Suspect charged
e3d2a138a7be94b18a97a026e03d0046b248131c1cff0f7e52e87faf312e418c,2019-04,City of London Police,City of London Police,-0.102748,51.522734,On or near ALBEMARLE WAY,E01002724,Islington 022D,Suspect charged
e3d2a138a7be94b18a97a026e03d0046b248131c1cff0f7e52e87faf312e418c,2019-04,City of London Police,City of London Police,-0.102748,51.522734,On or near ALBEMARLE WAY,E01002724,Islington 022D,Suspect charged
e08002956a1a8746318edbed8c64fda4a2e98b84d13b9a3602a738748a4abfcb,2019-04,City of London Police,City of London Police,-0.096363,51.513377,On or near NEW CHANGE,E01032739,City of London 001F,Suspect charged
2c8f7ac654a536af096d91a3338aa1ca751c9a61c4572fb6fa8c07f27f14eefa,2019-04,City of London Police,City of London Police,-0.096363,51.513377,On or near NEW CHANGE,E01032739,City of London 001F,Suspect charged
6050612c35cfc55c52941cb2a1fdc348d6ca5bfcadd7d07c1749a43003eff4e1,2019-04,City of London Police,City of London Police,-0.084967,51.512598,On or near BELL INN YARD,E01032739,City of London 001F,Suspect charged
bab682058605253c5a680cd4d34de633de75025c6ab005a1b48af45a33254898,2019-04,City of London Police,City of London Police,-0.084967,51.512598,On or near BELL INN YARD,E01032739,City of London 001F,Offender given a caution
307a9dd7bd437a223c8398d99961aacc2aed7399ddc4d63ebcc94f47476f552e,2019-04,City of London Police,City of London Police,-0.106922,51.514204,On or near FLEET STREET,E01032740,City of London 001G,Offender given penalty notice
7a8c87f5010fa7e1004b75b9be9a4914c356f93cdaf12002f54cc08adf602492,2019-04,City of London Police,City of London Police,-0.084967,51.512598,On or near BELL INN YARD,E01032739,City of London 001F,Suspect charged
9727a88bb5ce3ed49ff133539b20e6050dde2ff20ac24677ecb2cfec5c6e56b4,2019-04,City of London Police,City of London Police,-0.084967,51.512598,On or near BELL INN YARD,E01032739,City of London 001F,Suspect charged
b94a3207132a3de63f1346f0d0d7a11f0750e237076fab3820ab522335abe975,2019-04,City of London Police,City of London Police,-0.080376,51.517244,On or near Supermarket,E01032739,City of London 001F,Offender given a caution
b94a3207132a3de63f1346f0d0d7a11f0750e237076fab3820ab522335abe975,2019-04,City of London Police,City of London Police,-0.080376,51.517244,On or near Supermarket,E01032739,City of London 001F,Offender given a caution
534772ca8646a2b134091d24e29f7b2c9ad511d733848eaf7d377ff038e2ae65,2019-04,City of London Police,City of London Police,-0.075146,51.513435,On or near Bus/Coach Station,E01000005,City of London 001E,Suspect charged
464d33c36003f91c6e19fa64eaae60b37d6b2d338902671f1e438386555133fd,2019-04,City of London Police,City of London Police,-0.102741,51.513885,On or near PAGEANTMASTER COURT,E01032740,City of London 001G,Offender given a caution
2b1c11e8dc3365b440c6d0bd85042b822c487c17c5196a4070178039379866e8,2019-04,City of London Police,City of London Police,-0.102741,51.513885,On or near PAGEANTMASTER COURT,E01032740,City of London 001G,Offender given a caution
c7c940a401fd058f0555525d29a4db4c8eb670bb77a700c58acc940c82b5181d,2019-04,City of London Police,City of London Police,-0.073152,51.512206,On or near MANSELL STREET,E01000005,City of London 001E,Suspect charged
13ed237a941952d2e76c301a8a371ecc164379c57a239f411e46f4735721a48f,2019-04,City of London Police,City of London Police,-0.079786,51.517576,On or near Police Station,E01032739,City of London 001F,Local resolution
3213374cd89d9864c3d78a34d394c31a8bb17d939a715cf49a7213f3d60e22b0,2019-04,City of London Police,City of London Police,-0.073152,51.512206,On or near MANSELL STREET,E01000005,City of London 001E,Suspect charged
9dd30fb1797cea023408bc9f3fa8c3919f60eee2edba0e1d1d684a5a7f60b680,2019-04,City of London Police,City of London Police,-0.073152,51.512206,On or near MANSELL STREET,E01000005,City of London 001E,Suspect charged
f3fcbe50682d151179b9fc95b99ac4df8d467d0e391dfd98907313958bd3c891,2019-04,City of London Police,City of London Police,-0.084967,51.512598,On or near BELL INN YARD,E01032739,City of London 001F,Suspect charged
129c6eadcb6f55fe9777f65d35474dacd8bec697252eaf7a5157d61e374cf8e9,2019-04,City of London Police,City of London Police,-0.084967,51.512598,On or near BELL INN YARD,E01032739,City of London 001F,Local resolution
bebc7dc5fadb052c6226e88478a3c44f594cf12a6e6fa7e562c8096b8ef2f106,2019-04,City of London Police,City of London Police,-0.084967,51.512598,On or near BELL INN YARD,E01032739,City of London 001F,Suspect charged
e0255a9a5003f906906965bc17c044c980b9895e7c393501fabddb0a4dac3dc5,2019-04,City of London Police,City of London Police,-0.079786,51.517576,On or near Police Station,E01032739,City of London 001F,Suspect charged
075028f67a3288dbdff1011a4c24b35b73d454ce3e53130be31c3cbfca4d0d8c,2019-04,City of London Police,City of London Police,-0.084967,51.512598,On or near BELL INN YARD,E01032739,City of London 001F,Suspect charged
84d29821fb80b5e857db9ae8ac2de88249e2df8592ff1892a903384c347fe3e1,2019-04,City of London Police,City of London Police,-0.076435,51.513627,On or near ALDGATE,E01000005,City of London 001E,Suspect charged
84d29821fb80b5e857db9ae8ac2de88249e2df8592ff1892a903384c347fe3e1,2019-04,City of London Police,City of London Police,-0.076435,51.513627,On or near ALDGATE,E01000005,City of London 001E,Suspect charged
3780d7ec01116a6126e48df24804e2908d7fddfecb1362bee714542ef9b15e5f,2019-04,City of London Police,City of London Police,-0.083386,51.509757,On or near ST DUNSTAN'S LANE,E01032739,City of London 001F,Offender given penalty notice
77be770e2628c84cae22594b82b818b5f32796991c8a628a9c8690d2d831c2e0,2019-04,City of London Police,City of London Police,-0.079786,51.517576,On or near Police Station,E01032739,City of London 001F,Suspect charged
9f54da19642a7463c5aff0f02fc94b978fae53f9e1344b45d9360d9da292b1cc,2019-04,City of London Police,City of London Police,-0.079786,51.517576,On or near Police Station,E01032739,City of London 001F,Suspect charged
9bb686c17ced9d849ca897213f5e9aae7fded177070e769175c91051f4c27c89,2019-04,City of London Police,City of London Police,-0.096363,51.513377,On or near NEW CHANGE,E01032739,City of London 001F,Suspect charged
ba222d6e4429f18a1cb89a0d0ac4e2b6e726489048285658f578c846bde25a44,2019-04,City of London Police,City of London Police,-0.083296,51.517058,On or near OLD BROAD STREET,E01032739,City of London 001F,Offender given penalty notice
f6813f4caee7b8f9feb72aca90ab0b642d452a3036d1f456b84e6a39100abd0e,2019-04,City of London Police,City of London Police,-0.074901,51.506255,On or near A100,E01004293,Tower Hamlets 027B,Suspect charged
f6813f4caee7b8f9feb72aca90ab0b642d452a3036d1f456b84e6a39100abd0e,2019-04,City of London Police,City of London Police,-0.074901,51.506255,On or near A100,E01004293,Tower Hamlets 027B,Suspect charged
f6813f4caee7b8f9feb72aca90ab0b642d452a3036d1f456b84e6a39100abd0e,2019-04,City of London Police,City of London Police,-0.074901,51.506255,On or near A100,E01004293,Tower Hamlets 027B,Suspect charged
7a525cf059ebc676392a67cd90c4c24ccc5251d39d84fbf0736e4fc25dce4b5a,2019-04,City of London Police,City of London Police,-0.074901,51.506255,On or near A100,E01004293,Tower Hamlets 027B,Suspect charged
7a525cf059ebc676392a67cd90c4c24ccc5251d39d84fbf0736e4fc25dce4b5a,2019-04,City of London Police,City of London Police,-0.074901,51.506255,On or near A100,E01004293,Tower Hamlets 027B,Suspect charged
7a525cf059ebc676392a67cd90c4c24ccc5251d39d84fbf0736e4fc25dce4b5a,2019-04,City of London Police,City of London Police,-0.074901,51.506255,On or near A100,E01004293,Tower Hamlets 027B,Suspect charged
7a525cf059ebc676392a67cd90c4c24ccc5251d39d84fbf0736e4fc25dce4b5a,2019-04,City of London Police,City of London Police,-0.074901,51.506255,On or near A100,E01004293,Tower Hamlets 027B,Suspect charged
e46586cb846b2cfb04ccf42ed63039688ea0d43a7fd7879b355341945ac7245f,2019-04,City of London Police,City of London Police,-0.074901,51.506255,On or near A100,E01004293,Tower Hamlets 027B,Suspect charged
e46586cb846b2cfb04ccf42ed63039688ea0d43a7fd7879b355341945ac7245f,2019-04,City of London Police,City of London Police,-0.074901,51.506255,On or near A100,E01004293,Tower Hamlets 027B,Suspect charged
4bce7a3f820931a8483729418b1c0847bdabd53d236def783f8efa67351f200d,2019-04,City of London Police,City of London Police,-0.084967,51.512598,On or near BELL INN YARD,E01032739,City of London 001F,Suspect charged
672ce5207fe8817ac1461ba59be74e20c893c2e83a6009ab157365bc43ba46fd,2019-04,City of London Police,City of London Police,-0.084967,51.512598,On or near BELL INN YARD,E01032739,City of London 001F,Suspect charged
987ccd1b99d7803cdc667299dc0873be99e527a5bc85987a2e75282ce6752aab,2019-04,City of London Police,City of London Police,-0.080376,51.517244,On or near Supermarket,E01032739,City of London 001F,Local resolution
60d82ba72e443a6062e5070937d7e758d6a1eb8baf484cc62fd715b089c9f607,2019-04,City of London Police,City of London Police,-0.076270,51.515504,On or near GRAVEL LANE,E01000005,City of London 001E,Suspect charged
8fa797a0ac49e90fb5991a504e40a7dd7a4843f96d25380241974271e4e487e8,2019-04,City of London Police,City of London Police,-0.102721,51.515404,On or near ST GEORGES'S COURT,E01032740,City of London 001G,Suspect charged
8fa797a0ac49e90fb5991a504e40a7dd7a4843f96d25380241974271e4e487e8,2019-04,City of London Police,City of London Police,-0.102721,51.515404,On or near ST GEORGES'S COURT,E01032740,City of London 001G,Suspect charged
8fa797a0ac49e90fb5991a504e40a7dd7a4843f96d25380241974271e4e487e8,2019-04,City of London Police,City of London Police,-0.102721,51.515404,On or near ST GEORGES'S COURT,E01032740,City of London 001G,Suspect charged
5342df69b22dcdd358f1a1ed9a509503fee07a7c73b3f33cef71f06e0df6333b,2019-04,City of London Police,City of London Police,-0.079786,51.517576,On or near Police Station,E01032739,City of London 001F,Offender given penalty notice
fe6d9e1e2052808afcc8208e934861318e1ac1a95d59f748c7f743b3f3740a99,2019-04,City of London Police,City of London Police,-0.095892,51.516391,On or near NOBLE STREET,E01000001,City of London 001A,Formal action is not in the public interest
4daaa2cf2726e3f64616773e94c7c9eac841f2ac296d47beadfb4adadbf7b8aa,2019-04,City of London Police,City of London Police,-0.088233,51.515484,On or near TOKENHOUSE YARD,E01032739,City of London 001F,Formal action is not in the public interest
6f565aa72bc1b4fd5a62dad0ea91ee1d87d4f0f90d7b70f0b26968f82ebf5d50,2019-04,City of London Police,City of London Police,-0.093558,51.516703,On or near Police Station,E01000002,City of London 001B,Investigation complete; no suspect identified
de20e951498e77de0b5654953080dc9835d1a87e8465b6053eca70e888fb2976,2019-04,City of London Police,City of London Police,-0.084284,51.510671,On or near EASTCHEAP,E01032739,City of London 001F,Unable to prosecute suspect
a04851d3770add6fbc725e5f0ed4a79a262e492227d22080e489272b48f5ef87,2019-04,City of London Police,City of London Police,-0.101575,51.513857,On or near LUDGATE HILL,E01032739,City of London 001F,Unable to prosecute suspect
835ee72038b642f718c0848f593cfcf8471f05f9b09817309ecfddf1df6049d2,2019-04,City of London Police,City of London Police,-0.086272,51.513114,On or near BIRCHIN LANE,E01032739,City of London 001F,Unable to prosecute suspect
22ae67a177fedfdd0395348d904d18c898c499ffe1b9cb845500ac043a9b5d43,2019-04,City of London Police,City of London Police,-0.076240,51.504245,On or near A100,E01032640,Southwark 003H,Investigation complete; no suspect identified
ccbb76fc35fb50c68383626a342d0de03a1bdfc64b07a2883b7234d6c27fc1d0,2019-04,City of London Police,City of London Police,-0.107910,51.515047,On or near GOUGH SQUARE,E01032740,City of London 001G,Unable to prosecute suspect
01c493728799399f2f4d0425cb018465a67c8167e011b2ef323fc01cda1a3044,2019-04,City of London Police,City of London Police,-0.094959,51.522868,On or near GOLDEN LANE,E01002706,Islington 023E,Investigation complete; no suspect identified
1129857e23371616c1faab9c6af090ece3d83a843afa99e9a00a0a6b91212475,2019-04,City of London Police,City of London Police,-0.077578,51.510795,On or near PEPYS STREET,E01032739,City of London 001F,Unable to prosecute suspect
68ec3c1f4330c2a1edcaa35d07a5974b653ed0f6be32c2d29f089b97d19139fe,2019-04,City of London Police,City of London Police,-0.091720,51.513454,On or near Supermarket,E01032739,City of London 001F,Unable to prosecute suspect
c2f586583d32f8623c996c9e65bfa2227e64d2b602753bd2cede8c36b7c9e6ff,2019-04,City of London Police,City of London Police,-0.097645,51.515142,On or near ST MARTIN'S LE GRAND,E01032739,City of London 001F,Unable to prosecute suspect
32b00a014b9ebb687800c75baf45c50ee25ddd843e19216019595c43642e7c8b,2019-04,City of London Police,City of London Police,-0.096075,51.514766,On or near FOSTER LANE,E01032739,City of London 001F,Investigation complete; no suspect identified
21a46bf9301fb6bb6858a3ff9bac08ef4f5a661dc5b61df61d285b676532e0ed,2019-04,City of London Police,City of London Police,-0.102721,51.515404,On or near ST GEORGES'S COURT,E01032740,City of London 001G,Unable to prosecute suspect
2f5adbe9a9e43e9008a06ba2264fd4e65baf0c27c08cde7e429084c69710134c,2019-04,City of London Police,City of London Police,-0.087153,51.518910,On or near SOUTH PLACE MEWS,E01032739,City of London 001F,Investigation complete; no suspect identified
f6694a5ac39c3c5a1ac4b53dcfb4983296b011eb5c68a544505492ac3fa12c9e,2019-04,City of London Police,City of London Police,-0.098062,51.517577,On or near MONTAGUE STREET,E01000001,City of London 001A,Investigation complete; no suspect identified
7c49e349a0851fcacc98e9fad515dc2b3afa76bd7a184c65827bb505e0ce04fc,2019-04,City of London Police,City of London Police,-0.077694,51.513171,On or near ALDGATE,E01032739,City of London 001F,Further investigation is not in the public interest
3596d76513f8a43140c8940f2044941695a33629400018f10c99a14c09757e8a,2019-04,City of London Police,City of London Police,-0.089465,51.510855,On or near GOPHIR LANE,E01032739,City of London 001F,Unable to prosecute suspect
6609f7a53f24e5c3fc5a8f8ec273a002f0b76e1f55410402659f06f84c7acfa9,2019-04,City of London Police,City of London Police,-0.080244,51.511828,On or near MARK LANE,E01032739,City of London 001F,Investigation complete; no suspect identified
f69aacf9ac7418012ba8af9ea171b15dbf8aacf6f343a7e8ba49a051d6488445,2019-04,City of London Police,City of London Police,-0.104887,51.516347,On or near FARRINGDON STREET,E01032740,City of London 001G,Unable to prosecute suspect
6b7a6750ee2708aa9492babd0d8cdce2938fef56b32df37c7d39206a67bad887,2019-04,City of London Police,City of London Police,-0.098642,51.517146,On or near LITTLE BRITAIN,E01000001,City of London 001A,Investigation complete; no suspect identified
cb9e98a5904926dad6679da914c8855009201b5e5ebd3f529e4978abe3032aa7,2019-04,City of London Police,City of London Police,-0.096363,51.513377,On or near NEW CHANGE,E01032739,City of London 001F,Unable to prosecute suspect
5f8b6c0412fe05c4ea70fd8625ba0e27fea45218a34600dbd5326c63667fb865,2019-04,City of London Police,City of London Police,-0.076435,51.513627,On or near ALDGATE,E01000005,City of London 001E,Investigation complete; no suspect identified
6c8a3c09b533143e0014fa3d92729b0f00af6106afe2b6def3ce257cc6843be0,2019-04,City of London Police,City of London Police,-0.078488,51.517923,On or near MIDDLESEX STREET,E01032739,City of London 001F,Investigation complete; no suspect identified
0285c7ec2b2aee2bd72dff748d233b62d49d4a163ac620059f80703b7d4a1048,2019-04,City of London Police,City of London Police,-0.081549,51.511625,On or near MINCING LANE,E01032739,City of London 001F,Investigation complete; no suspect identified
b021cc1d14bd649de55c32d69e2b6c02370823404744c8f752cf8f7d1d177d11,2019-04,City of London Police,City of London Police,-0.108231,51.513928,On or near PLEYDELL STREET,E01032740,City of London 001G,Investigation complete; no suspect identified
a386c676ac61f6a5a01f353c41e2d3b71d7d5422c97ad0bbf4d216c40a292985,2019-04,City of London Police,City of London Police,-0.089582,51.511495,On or near CANNON STREET,E01032739,City of London 001F,Investigation complete; no suspect identified
20496038208ab2fe33197112cd87b3cb2eb57ceed8058bc169d9cf044baaa1f0,2019-04,City of London Police,City of London Police,-0.081540,51.510806,On or near MINCING LANE,E01032739,City of London 001F,Investigation complete; no suspect identified
3393afe44b6cf477236c000c36468b28e488694e484e253539cd4e0fc32c5426,2019-04,City of London Police,City of London Police,-0.094628,51.514203,On or near CHEAPSIDE,E01032739,City of London 001F,Investigation complete; no suspect identified
bbd2cf61c8ae775204fb1f6697489ca55968ac9a294130c460d9daf2c2159dda,2019-04,City of London Police,City of London Police,-0.084967,51.512598,On or near BELL INN YARD,E01032739,City of London 001F,Investigation complete; no suspect identified
005d4c68ccd2570a77d84b31637c4eb51ff15028599479a44ba9fcd5fe5e90b5,2019-04,City of London Police,City of London Police,-0.111497,51.518226,On or near Pedestrian Subway,E01000914,Camden 028B,Investigation complete; no suspect identified
67450a4f51a806a8108eea6020e8653a7b2ed1163bb3d329b730ef87646c9c29,2019-04,City of London Police,City of London Police,-0.109155,51.516668,On or near FETTER LANE,E01032740,City of London 001G,Investigation complete; no suspect identified
993da95645b738503ab9dee30b2294b0c9f873f859c214f34b3c4e07acd5e399,2019-04,City of London Police,City of London Police,-0.107443,51.515552,On or near PRINTER STREET,E01032740,City of London 001G,Further investigation is not in the public interest
a9a1a0a9a35362c3281263c19fb15f5f24d10faf3767d0b36b96e9affef91516,2019-04,City of London Police,City of London Police,-0.089582,51.511495,On or near CANNON STREET,E01032739,City of London 001F,Investigation complete; no suspect identified
f76a91faa5cd6e94248a802a47020515b21b914dede626c28d2e04eb72943be2,2019-04,City of London Police,City of London Police,-0.105134,51.513869,On or near BRIDE LANE,E01032740,City of London 001G,Investigation complete; no suspect identified
586328c2a2b4313de1a4ecd0337be1506cea3b091cfb02076382e55e63320716,2019-04,City of London Police,City of London Police,-0.088872,51.510890,On or near LAURENCE POUNTNEY HILL,E01032739,City of London 001F,Investigation complete; no suspect identified
bc90dfa83c516437de86b362d36ad3c6d12d045a3bc9b723d1a49648952016e6,2019-04,City of London Police,City of London Police,-0.088872,51.510890,On or near LAURENCE POUNTNEY HILL,E01032739,City of London 001F,Investigation complete; no suspect identified
d63df775a77f166ef2171c6e75468ae6926848a06a3868beea0d39b069729430,2019-04,City of London Police,City of London Police,-0.082571,51.514753,On or near GREAT ST HELEN'S,E01032739,City of London 001F,Investigation complete; no suspect identified
60d6b9f906d4b892d7deb44a90441f01d39f416ee16a1cdf5cd92fdc3ebe268c,2019-04,City of London Police,City of London Police,-0.101452,51.512650,On or near ST ANDREW'S HILL,E01032739,City of London 001F,Investigation complete; no suspect identified
710fc8e60a64b5bce17076cf17ce56ec5e1ca01750beba2cfc12a1ec9f90ce38,2019-04,City of London Police,City of London Police,-0.078856,51.518433,On or near ARTILLERY LANE,E01032739,City of London 001F,Investigation complete; no suspect identified
50cd7bb8d9038ba0f522b7e4e1c83626cb8915133602e89d9f35ae3b76cdca5c,2019-04,City of London Police,City of London Police,-0.097562,51.518864,On or near Parking Area,E01000001,City of London 001A,Investigation complete; no suspect identified
1ab4624422512dc0481c27f7b6d9945bce18dae2209a86e526637b1dec17e11b,2019-04,City of London Police,City of London Police,,,No location,,,Investigation complete; no suspect identified
542e44b321af3252d4f577f89cb0b0ac86423658da7ce6b3b756d2e42c96f9d7,2019-04,City of London Police,City of London Police,-0.084284,51.510671,On or near EASTCHEAP,E01032739,City of London 001F,Investigation complete; no suspect identified
936333e882f81b0dcd7f659af394933a408b85880a5714d41158d45025659d91,2019-04,City of London Police,City of London Police,-0.081516,51.510014,On or near GREAT TOWER STREET,E01032739,City of London 001F,Investigation complete; no suspect identified
a1661f7b3db39dbbe731f3a672e2f00b34c23ef527677e91628faf25d8811e3f,2019-04,City of London Police,City of London Police,-0.104887,51.516347,On or near FARRINGDON STREET,E01032740,City of London 001G,Investigation complete; no suspect identified
8c46ed133e55cf8a4cc37a675fcaeab30f55b2ba8847fcf726fcd5131ccc4814,2019-04,City of London Police,City of London Police,-0.084701,51.509320,On or near LOWER THAMES STREET,E01032739,City of London 001F,Investigation complete; no suspect identified
9a37867cbecd9575935ef6b8853cdf98f6983b9e55ed8491c818413ce40bf26c,2019-04,City of London Police,City of London Police,-0.094628,51.514203,On or near CHEAPSIDE,E01032739,City of London 001F,Investigation complete; no suspect identified
22939073852a04019e57af6d5406cf7ade21de57e18ea120df712bd3a10a4251,2019-04,City of London Police,City of London Police,-0.081516,51.510014,On or near GREAT TOWER STREET,E01032739,City of London 001F,Investigation complete; no suspect identified
366c8fe4a4139b018c5c60b2d944362a11f20dd56e304a06ffde65375fc35a55,2019-04,City of London Police,City of London Police,-0.093257,51.513920,On or near BOW LANE,E01032739,City of London 001F,Investigation complete; no suspect identified
c2648e8a7dff43b3d4c51461a477e0de6e8f5446ec6497925c39b78b2269eeb5,2019-04,City of London Police,City of London Police,-0.097645,51.515142,On or near ST MARTIN'S LE GRAND,E01032739,City of London 001F,Investigation complete; no suspect identified
f3e4d7f1ef747c6f25b62a36b3d5ce638215ab21073f388d0d83f62745cdfb64,2019-04,City of London Police,City of London Police,-0.088203,51.518262,On or near MOORGATE,E01032739,City of London 001F,Investigation complete; no suspect identified
7ea5a4663bd77b3eef4e8ebfba94a025931f7fe9f9ef21994c49fa97625c34f0,2019-04,City of London Police,City of London Police,-0.087760,51.517149,On or near LONDON WALL,E01032739,City of London 001F,Investigation complete; no suspect identified
e09305347672f7fb2f66d31bd26ef69667265f14e8044404c678e2d0aab42a54,2019-04,City of London Police,City of London Police,-0.101055,51.513552,On or near CREED LANE,E01032739,City of London 001F,Investigation complete; no suspect identified
2edfc3706cd40f9a10cfd3163a013879097da9a3901155325870f59dea66cc26,2019-04,City of London Police,City of London Police,-0.086764,51.510307,On or near FISH STREET HILL,E01032739,City of London 001F,Investigation complete; no suspect identified
ca26afde47bf3b03a0595a0de6282078f302e084d9380a9740c7749cba2896db,2019-04,City of London Police,City of London Police,-0.078250,51.515033,On or near HOUNDSDITCH,E01000005,City of London 001E,Investigation complete; no suspect identified
627899731ddad73ad3ee57fa50f12132bde54ec7ceb546e1719ad1946787162d,2019-04,City of London Police,City of London Police,-0.106922,51.514204,On or near FLEET STREET,E01032740,City of London 001G,Investigation complete; no suspect identified
710bb4adf74bca275fe1676494b230cc35449dac5fd105748b1de6851c2cd5df,2019-04,City of London Police,City of London Police,-0.106922,51.514204,On or near FLEET STREET,E01032740,City of London 001G,Investigation complete; no suspect identified
2e6b1a8a63c397a244a6c968c6324cc248434193026ff01c49bb04e5b7f375d4,2019-04,City of London Police,City of London Police,-0.087780,51.508066,On or near BOROUGH HIGH STREET,E01032739,City of London 001F,Investigation complete; no suspect identified
fa08304c93f409c6a9ae2c1f7d8f884a4000595ba66c453d4ac47d0b2e2c65f2,2019-04,City of London Police,City of London Police,-0.109647,51.514887,On or near FETTER LANE,E01032740,City of London 001G,Investigation complete; no suspect identified
3538c4a965fd704894f566123a00d097c96192111d39676d0235ad01cb4feef9,2019-04,City of London Police,City of London Police,-0.096363,51.513377,On or near NEW CHANGE,E01032739,City of London 001F,Unable to prosecute suspect
726d52f04c30ed7c319284433d0ead26dd596a0fe136719f0d170d942f8324c0,2019-04,City of London Police,City of London Police,-0.104244,51.512749,On or near NEW BRIDGE STREET,E01032739,City of London 001F,Investigation complete; no suspect identified
321d48de8557f0e27c60297a259ba5f069c4b917f9eb308af02a1b35718b354a,2019-04,City of London Police,City of London Police,-0.076095,51.512462,On or near VINE STREET,E01000005,City of London 001E,Investigation complete; no suspect identified
a982a625eca89c9f885e8262aa062f3f68b1dcd0f8ac9b289fb96373449943c7,2019-04,City of London Police,City of London Police,-0.101452,51.512650,On or near ST ANDREW'S HILL,E01032739,City of London 001F,Investigation complete; no suspect identified
e729aeb1902a421e281e4c47b82ce00626b6718811b0cbdacbbabd0dc9706c27,2019-04,City of London Police,City of London Police,-0.083618,51.517288,On or near BROAD STREET AVENUE,E01032739,City of London 001F,Investigation complete; no suspect identified
dccff053004bf50e821aad6f13144d3b0ad34f13d00557e271765edce9a12db9,2019-04,City of London Police,City of London Police,-0.079448,51.511554,On or near FENCHURCH PLACE,E01032739,City of London 001F,Investigation complete; no suspect identified
3d9ac4887878da8e2cfaabd45991efa717c581253e91367126fa4f6272d8a1d0,2019-04,City of London Police,City of London Police,-0.093933,51.519812,On or near Conference/Exhibition Centre,E01000002,City of London 001B,Unable to prosecute suspect
e5089ffade1775deec5fc95a32853053ac9c091dc72b4d03d3561616b30e0273,2019-04,City of London Police,City of London Police,-0.097645,51.515142,On or near ST MARTIN'S LE GRAND,E01032739,City of London 001F,Investigation complete; no suspect identified
fa620e1697c4c02ebbcc4f8921814418cd2c270cf464d7bb40fd371c596e1725,2019-04,City of London Police,City of London Police,-0.084768,51.512882,On or near CORBET COURT,E01032739,City of London 001F,Investigation complete; no suspect identified
3bc8b4f1217612b2aa1fc54c85ea3d3cb570c8e45316aef0e8fba88a7f141f09,2019-04,City of London Police,City of London Police,-0.079607,51.515657,On or near ST MARY AXE,E01000005,City of London 001E,Investigation complete; no suspect identified
5c8511be286c5d368682d0396bf4985325f58af969567b9ab81f07520c83dd63,2019-04,City of London Police,City of London Police,-0.102741,51.513885,On or near PAGEANTMASTER COURT,E01032740,City of London 001G,Investigation complete; no suspect identified
ba391c1fc58fde69cdaf6902da0c5e494a565a51fe522d5c5f246c96c125dfbd,2019-04,City of London Police,City of London Police,-0.092865,51.510182,On or near Parking Area,E01032739,City of London 001F,Investigation complete; no suspect identified
dab4dc8659d50999ca1b281e868dc78b18dc3ab14c15b463e0e355e13bd3042c,2019-04,City of London Police,City of London Police,-0.081620,51.516814,On or near ALDERMAN'S WALK,E01032739,City of London 001F,Investigation complete; no suspect identified
12e786a5748aa793ae9db1444e42dbe62805ca921a6d4bc97f64373d7fbf0311,2019-04,City of London Police,City of London Police,-0.092865,51.510182,On or near Parking Area,E01032739,City of London 001F,Investigation complete; no suspect identified
7fde26ab6e12085c56b879173cd3d5550a16b5204700236d2b6faf5a87e2cbc2,2019-04,City of London Police,City of London Police,-0.081549,51.511625,On or near MINCING LANE,E01032739,City of London 001F,Investigation complete; no suspect identified
f51292ab0c9d8f94e6265a0d07a07ff0f5c565da24ce0dbf82b4efb5354eb578,2019-04,City of London Police,City of London Police,-0.084967,51.512598,On or near BELL INN YARD,E01032739,City of London 001F,Investigation complete; no suspect identified
97c85c961d74ccabaad5b3a8f5e61e4f12de874fd8816d09a06ebd944da7cda4,2019-04,City of London Police,City of London Police,-0.092321,51.513194,On or near PANCRAS LANE,E01032739,City of London 001F,Investigation complete; no suspect identified
aad25fa8a316634f65b407d30c77e46c7617214a93ba437512e908d81b841493,2019-04,City of London Police,City of London Police,-0.078665,51.509950,On or near MUSCOVY STREET,E01032739,City of London 001F,Investigation complete; no suspect identified
81615d1fbc184c1195ac382421480fe2c7ce37a9b197ed87c60ead4457f22480,2019-04,City of London Police,City of London Police,-0.086764,51.510307,On or near FISH STREET HILL,E01032739,City of London 001F,Investigation complete; no suspect identified
17834c2d940b0c8cae466c7206b690405cb1367a85ea278d2fe996652c33a7dc,2019-04,City of London Police,City of London Police,-0.097736,51.520206,On or near Conference/Exhibition Centre,E01000001,City of London 001A,Investigation complete; no suspect identified
f2c46e8ab6bc620eb2bb801c2757640c33de25f250a1c37cfe926888581f9785,2019-04,City of London Police,City of London Police,-0.091732,51.521080,On or near Nightclub,E01002704,Islington 023D,Investigation complete; no suspect identified
4b465c03977922bfd45246e7608b4edde63f67275ad826ca6eb29ed0810d4c2b,2019-04,City of London Police,City of London Police,-0.078665,51.509950,On or near MUSCOVY STREET,E01032739,City of London 001F,Investigation complete; no suspect identified
9b6bddd8aef6f32e278340ae9bd9f3c29f51e71370e0340e83d85622baf13637,2019-04,City of London Police,City of London Police,-0.080782,51.514804,On or near ST MARY AXE,E01032739,City of London 001F,Investigation complete; no suspect identified
b36f857233d98c8d283a0739cca2fa058779694e19ca5b3c688bb85d7a43d4f1,2019-04,City of London Police,City of London Police,-0.100748,51.515031,On or near WARWICK LANE,E01032739,City of London 001F,Investigation complete; no suspect identified
75cac3f46d981637d6cf8f0aee92a26d598b8ac1c77e067184abf708369f5534,2019-04,City of London Police,City of London Police,-0.086278,51.509876,On or near FISH STREET HILL,E01032739,City of London 001F,Unable to prosecute suspect
55d835ea9a8fe9aac98b669cc2b3014fcb55a9f64c0fba20d33d500d8e40199c,2019-04,City of London Police,City of London Police,-0.087787,51.510647,On or near MARTIN LANE,E01032739,City of London 001F,Investigation complete; no suspect identified
22a2d489c127128742ea491963c8ff2b9b842dadf4d4523f04280debca0538e2,2019-04,City of London Police,City of London Police,-0.109647,51.514887,On or near FETTER LANE,E01032740,City of London 001G,Investigation complete; no suspect identified
d82ba91ff3a0787dfdec0a89f0c9e0ccad4c805c61389f6a547629bd73703ed6,2019-04,City of London Police,City of London Police,,,No location,,,Investigation complete; no suspect identified
4b0294ab9b4f491c32d8c26dec1df81568f16bee909569e60141cc00273f9ad1,2019-04,City of London Police,City of London Police,-0.079448,51.511554,On or near FENCHURCH PLACE,E01032739,City of London 001F,Investigation complete; no suspect identified
9dd586284d0a08f5d598f9cd2ec73a98bdfebdd6dbdde92159725da37382f8eb,2019-04,City of London Police,City of London Police,-0.077224,51.516122,On or near Shopping Area,E01000005,City of London 001E,Investigation complete; no suspect identified
23e5f8b2f69cf0e60048847c8ca06369007c438aca488d7b0548f3f477e7c3c6,2019-04,City of London Police,City of London Police,,,No location,,,Investigation complete; no suspect identified
c140ae1ca6a9a93161399a77156658fea3a48d375e362e10c6aa017063b8d3b3,2019-04,City of London Police,City of London Police,,,No location,,,Investigation complete; no suspect identified
3bbd6849a33f0be2fda19c07ec6643ae4bfc589396001bc5b01b7e0daac47bec,2019-04,City of London Police,City of London Police,-0.095484,51.515467,On or near GUTTER LANE,E01000002,City of London 001B,Investigation complete; no suspect identified
0d8f6aef41191118711456d2d414456b46944816fc65ca68a4f75cceb166751e,2019-04,City of London Police,City of London Police,-0.089858,51.520744,On or near CHISWELL STREET,E01002704,Islington 023D,Unable to prosecute suspect
96854825f8e7e90f67ca22f390ede36451f12c0afb6551c634b85a65e9be7cf1,2019-04,City of London Police,City of London Police,-0.077451,51.515523,On or near WHITE KENNETT STREET,E01000005,City of London 001E,Further investigation is not in the public interest
2fe966e99923b94129c4008f4019e729d3edfa2da024ada0d4c50a84d516ed49,2019-04,City of London Police,City of London Police,-0.077578,51.510795,On or near PEPYS STREET,E01032739,City of London 001F,Investigation complete; no suspect identified
e51cf6d823d2de0e1bdb7a73f7ba584bdfbea08b3a52476e564ea5205f2d1e68,2019-04,City of London Police,City of London Police,-0.082458,51.517431,On or near LIVERPOOL STREET,E01032739,City of London 001F,Investigation complete; no suspect identified
32dcc28a9c0eb162cf35fb38cf20bf17162ad918b9c9f92b57718e348e6dd732,2019-04,City of London Police,City of London Police,-0.092077,51.512147,On or near TOWER ROYAL,E01032739,City of London 001F,Investigation complete; no suspect identified
c7bb75d577a55a5c59ea1179643cf1be4ef019c52d00fda72542347a7d0884b5,2019-04,City of London Police,City of London Police,-0.086278,51.509876,On or near FISH STREET HILL,E01032739,City of London 001F,Investigation complete; no suspect identified
0fdf2e2dcdc8056fc2ea649fda45114bdefb71ce8d003c7141164d56bf7404fe,2019-04,City of London Police,City of London Police,-0.078665,51.509950,On or near MUSCOVY STREET,E01032739,City of London 001F,Investigation complete; no suspect identified
5281341bc728e27f067c4229ed7c9b7ba557ab838ff32bf654a76744ef77c7bb,2019-04,City of London Police,City of London Police,-0.086416,51.516191,On or near THROGMORTON AVENUE,E01032739,City of London 001F,Unable to prosecute suspect
b24f7d288b13552e28cc2a89c5f4077727ffc14c862a16450e7c99e0b0c4e548,2019-04,City of London Police,City of London Police,-0.096363,51.513377,On or near NEW CHANGE,E01032739,City of London 001F,Investigation complete; no suspect identified
a4ee7077d85fb281362720276923e16838420ff0ecb10d6c74a83eb93a4eb28d,2019-04,City of London Police,City of London Police,-0.093465,51.514463,On or near RUSSIA ROW,E01032739,City of London 001F,Investigation complete; no suspect identified
87c2a43f1cff727030e5a0a2086e8d00591f15965b562d021bf630107bf7e47c,2019-04,City of London Police,City of London Police,-0.100179,51.514158,On or near Shopping Area,E01032739,City of London 001F,Investigation complete; no suspect identified
42aeacdbd2f9f4ebd9530d6e77543cb58c158c5825c4d6ab7ebf4c15effbd651,2019-04,City of London Police,City of London Police,-0.092077,51.512147,On or near TOWER ROYAL,E01032739,City of London 001F,Investigation complete; no suspect identified
7f38943d6e1a8a403cdb2d0e2c00d40cd2fd8b724d538799be9e673c48ebca80,2019-04,City of London Police,City of London Police,-0.083296,51.517058,On or near OLD BROAD STREET,E01032739,City of London 001F,Investigation complete; no suspect identified
35dbc840338ed03af6b76ea5e64237ce0d872c12f201cf55719aa489a9af3c0a,2019-04,City of London Police,City of London Police,-0.081890,51.515173,On or near ST HELEN'S PLACE,E01032739,City of London 001F,Investigation complete; no suspect identified
3c7e4ac2aab2e4a243997eac14511f78751f81a3ceb532d1f6e882ed97b25ff5,2019-04,City of London Police,City of London Police,-0.081091,51.516014,On or near CAMOMILE STREET,E01032739,City of London 001F,Investigation complete; no suspect identified
404b808ac813bf60374c788a80e72c50c2541d7a3d65034f292abd84fdf286ee,2019-04,City of London Police,City of London Police,,,No location,,,Investigation complete; no suspect identified
0d53a433822cf3f02672299ec3b8c7d7b18ab66f1f181713261941a8eb1cd2c7,2019-04,City of London Police,City of London Police,-0.082913,51.513463,On or near LEADENHALL STREET,E01032739,City of London 001F,Unable to prosecute suspect
24f26980bcc3e26daee16050b4554ca7c25d77e02ce8555ef17f4732c49a64b4,2019-04,City of London Police,City of London Police,-0.096900,51.510868,On or near BROKEN WHARF,E01032739,City of London 001F,Investigation complete; no suspect identified
7d5cd8bb9033d64c87625e093ecedfa876565f048d61061e2376a8fea4a9f598,2019-04,City of London Police,City of London Police,-0.098148,51.517938,On or near ALBION WAY,E01032740,City of London 001G,Investigation complete; no suspect identified
56e654b2b6215088dfd72267a67d4cbdf3f2488da826493094e53746a4a0ff86,2019-04,City of London Police,City of London Police,-0.090804,51.511560,On or near DOWGATE HILL,E01032739,City of London 001F,Investigation complete; no suspect identified
f98d850359cc586012c6765ad1a6a5029b789ac903344574665732d19b85e4e1,2019-04,City of London Police,City of London Police,-0.101959,51.513297,On or near CARTER LANE,E01032739,City of London 001F,Investigation complete; no suspect identified
0cb95244ddeb254286d18b068f159baa905900e3b16613affbb0a0255d189708,2019-04,City of London Police,City of London Police,-0.074901,51.506255,On or near A100,E01004293,Tower Hamlets 027B,Investigation complete; no suspect identified
d1ae30636d4a06163a485eff1b6148d87d01ab46746717745d8d9a350c79d1d5,2019-04,City of London Police,City of London Police,-0.097277,51.515307,On or near ST MARTIN'S LE GRAND,E01000001,City of London 001A,Investigation complete; no suspect identified
e192b3581ba6fc115375a75673c6812270ee997e67a71bf3a0a90aa9e9c02667,2019-04,City of London Police,City of London Police,-0.076113,51.511014,On or near Conference/Exhibition Centre,E01000005,City of London 001E,Investigation complete; no suspect identified
32f486fbef13168e34dc83f3eb2b4549db51073272f4a6391a6d89e9900cafc8,2019-04,City of London Police,City of London Police,-0.076031,51.509547,On or near TOWER HILL,E01004293,Tower Hamlets 027B,Investigation complete; no suspect identified
615b44d5d81c283364c7d9f5651c23b73fe8992e0bd6bedc5be3c0130c650589,2019-04,City of London Police,City of London Police,-0.080665,51.509344,On or near Pedestrian Subway,E01032739,City of London 001F,Investigation complete; no suspect identified
f93defd8a47ddb0b32b4b2f2b2917202bd85aca4623900a400befd8c5ce71289,2019-04,City of London Police,City of London Police,-0.094468,51.521853,On or near GOLDEN LANE,E01000003,City of London 001C,Investigation complete; no suspect identified
c53fea08f11ae7e7f7bc0f44d3b8fe761367f963a3c08acc5b17d30a13e623bd,2019-04,City of London Police,City of London Police,-0.087118,51.513199,On or near Nightclub,E01032739,City of London 001F,Investigation complete; no suspect identified
c5ab2d3fda5b7c29e11261a94c289cf2fee68063f303fd9bbe02a934206687d7,2019-04,City of London Police,City of London Police,-0.076270,51.515504,On or near GRAVEL LANE,E01000005,City of London 001E,Investigation complete; no suspect identified
7a65e6c266d1f70eee59fa39dcdacfdfd3484084ca203974694a0174c510be0c,2019-04,City of London Police,City of London Police,-0.076080,51.511445,On or near AMERICA SQUARE,E01000005,City of London 001E,Investigation complete; no suspect identified
2bb32b09a92c9205894f684bd0cc630b7e5ef70b1644cd164b447518829f5abe,2019-04,City of London Police,City of London Police,-0.086272,51.513114,On or near BIRCHIN LANE,E01032739,City of London 001F,Investigation complete; no suspect identified
9fde9f5214285683a66407eccc7316300ab0884afe53c7610008b0c48a04dedb,2019-04,City of London Police,City of London Police,-0.081580,51.520510,On or near PINDAR STREET,E01032739,City of London 001F,Investigation complete; no suspect identified
a719c2b42e0717e0abec6c9ea11c3d2aa5c4ab7f9386fd74ec7f581798312c62,2019-04,City of London Police,City of London Police,-0.079786,51.517576,On or near Police Station,E01032739,City of London 001F,Unable to prosecute suspect
99041e7f20033b2321cc1b0b824f048f5212c45ec426e4e955e604ad5a8c9aca,2019-04,City of London Police,City of London Police,-0.081620,51.516814,On or near ALDERMAN'S WALK,E01032739,City of London 001F,Investigation complete; no suspect identified
cbea7dfd4661988e4cbb71edde02a3efb98214cbe333d5e4fd053bf594532150,2019-04,City of London Police,City of London Police,-0.088843,51.509532,On or near Parking Area,E01032739,City of London 001F,Investigation complete; no suspect identified
00192914dea145530785c3b02fa33dc2292922caaaf72fa5e9d36cc45a428c78,2019-04,City of London Police,City of London Police,-0.084967,51.512598,On or near BELL INN YARD,E01032739,City of London 001F,Investigation complete; no suspect identified
8a1d0d8963474832fab2a47e81ea0d98fdd6b0d226c104c442a69a8373f8bb93,2019-04,City of London Police,City of London Police,-0.084768,51.512882,On or near CORBET COURT,E01032739,City of London 001F,Investigation complete; no suspect identified
a75b47575bb8f0ed76ebb4d8794ef73808ece8a541c2e28e63fc076ab0572791,2019-04,City of London Police,City of London Police,-0.104281,51.516032,On or near BEAR ALLEY,E01032740,City of London 001G,Investigation complete; no suspect identified
4519d0929803483c2f2fa6ee775e6467d4323902fa364034245092c7a6719e75,2019-04,City of London Police,City of London Police,-0.082458,51.517431,On or near LIVERPOOL STREET,E01032739,City of London 001F,Investigation complete; no suspect identified
797a4e68291f086ba685bbeca9370171ec0ccb7f5e636ef589e501d596fff2e8,2019-04,City of London Police,City of London Police,-0.079011,51.509614,On or near Pedestrian Subway,E01032739,City of London 001F,Investigation complete; no suspect identified
53eb45c7767f948c924765c035f09762d2ef48d4432864a0c29db2cc6d3fbef9,2019-04,City of London Police,City of London Police,-0.076095,51.512462,On or near VINE STREET,E01000005,City of London 001E,Investigation complete; no suspect identified
d110a62f7ac23b06a2ade7c0369a447c20d97d50d56f0578e2e2adcece9aeb78,2019-04,City of London Police,City of London Police,-0.088203,51.518262,On or near MOORGATE,E01032739,City of London 001F,Investigation complete; no suspect identified
3f94959d712786d4bcb67c92a7660f88d6a6af66e52979522f1f79eec5a8e99e,2019-04,City of London Police,City of London Police,-0.087118,51.513199,On or near Nightclub,E01032739,City of London 001F,Investigation complete; no suspect identified
aa75890e5b0b5398dcf9b8fe4344b467256580cd627b6e6a05944940d39d52bc,2019-04,City of London Police,City of London Police,-0.084768,51.512882,On or near CORBET COURT,E01032739,City of London 001F,Investigation complete; no suspect identified
16dc796b2d561e5ffb9a6ea57e40c1a4acb4683e19526342382c3738b45381ad,2019-04,City of London Police,City of London Police,-0.094628,51.514203,On or near CHEAPSIDE,E01032739,City of London 001F,Investigation complete; no suspect identified
bb246cc45a88d393771f5e795b6f8d50bba87eb768646145f9f172161501c359,2019-04,City of London Police,City of London Police,-0.078806,51.516193,On or near DEVONSHIRE SQUARE,E01000005,City of London 001E,Investigation complete; no suspect identified
38231ade13c5d7dc6ea8cbf640a627ab512c00b7d1d937a8f0f7afc7c9d4014f,2019-04,City of London Police,City of London Police,-0.100179,51.514158,On or near Shopping Area,E01032739,City of London 001F,Investigation complete; no suspect identified
226e83d0eb933c186760403035f5d1b489d4136e886ad70f0127c4176d76367b,2019-04,City of London Police,City of London Police,-0.092719,51.512652,On or near QUEEN VICTORIA STREET,E01032739,City of London 001F,Investigation complete; no suspect identified
d8bccf636396f6745ee447ab73c1923ec8cd79454d7fe92c1b9c057d9336f377,2019-04,City of London Police,City of London Police,-0.079011,51.509614,On or near Pedestrian Subway,E01032739,City of London 001F,Investigation complete; no suspect identified
86a332b817aff4145959cb5bfbcc842591b595e14e7843eceec50fe94ede62d7,2019-04,City of London Police,City of London Police,-0.098023,51.519905,On or near LONG LANE,E01000001,City of London 001A,Investigation complete; no suspect identified
a099b53d1634daba9da2fb25f6a1ad08c88c75d2ae2a84403f6bab1b0cdba8f3,2019-04,City of London Police,City of London Police,-0.084201,51.510949,On or near PHILPOT LANE,E01032739,City of London 001F,Unable to prosecute suspect
e0b588c05653669adb210ccce1c2bb95127e43f229e5e62c72bd8e164c5a8057,2019-04,City of London Police,City of London Police,-0.076270,51.515504,On or near GRAVEL LANE,E01000005,City of London 001E,Action to be taken by another organisation
1baa41b77eefaf05165ccfd7d32e2b33cf48cadbb04ab16438eb930cef360c50,2019-04,City of London Police,City of London Police,-0.076270,51.515504,On or near GRAVEL LANE,E01000005,City of London 001E,Action to be taken by another organisation
3972026751eb02bd2b13f6da6e2ec34923b9488208734ca8339c2287f4a4869c,2019-04,City of London Police,City of London Police,-0.076270,51.515504,On or near GRAVEL LANE,E01000005,City of London 001E,Action to be taken by another organisation
5c682e173db61062d4fd5c36fe8090375dd0f5a0a92fe46d62cb7a71eb81478c,2019-04,City of London Police,City of London Police,-0.076435,51.513627,On or near ALDGATE,E01000005,City of London 001E,Investigation complete; no suspect identified
ca13219c3242de7743187160ff64360a619c6280e7be2db4bd8d4e407f0bea15,2019-04,City of London Police,City of London Police,-0.075722,51.511053,On or near CRESCENT,E01000005,City of London 001E,Investigation complete; no suspect identified
94cd4f31f1277d26b622569774260c694972f3bf7571138ea8f7846a5c3c525d,2019-04,City of London Police,City of London Police,-0.105134,51.513869,On or near BRIDE LANE,E01032740,City of London 001G,Formal action is not in the public interest
916478b42c49ee55a2c73eda143c05663acaa22535f17e9e2487318a593b542d,2019-04,City of London Police,City of London Police,-0.093948,51.518077,On or near MONKWELL SQUARE,E01000002,City of London 001B,Investigation complete; no suspect identified
b212e6d7e212a442ad2a7a39b69e5a2c865a59b2f86c792071ac9c0e51d453f9,2019-04,City of London Police,City of London Police,-0.097645,51.515142,On or near ST MARTIN'S LE GRAND,E01032739,City of London 001F,Investigation complete; no suspect identified
80d34af1aaa869706bf12d755a70dfadac4370b12cf00726221ebb78e2098c0b,2019-04,City of London Police,City of London Police,-0.097053,51.518262,On or near ALDERSGATE STREET,E01000001,City of London 001A,Investigation complete; no suspect identified
f9b654c2eb03a77ec84ee9136cb09d7bfab881a61e053dada2bcb5a831cd31a1,2019-04,City of London Police,City of London Police,,,No location,,,Investigation complete; no suspect identified
bacfa6de23e37869c811cf9a1a80e6246f37aa0f4e48d72cf0d00b392148073d,2019-04,City of London Police,City of London Police,-0.104300,51.511761,On or near Pedestrian Subway,E01032740,City of London 001G,Investigation complete; no suspect identified
2ee62b340525fd46c35420986f23cb92615d26b8c388607ff7cd65b57f28f959,2019-04,City of London Police,City of London Police,-0.091258,51.514157,On or near FREDERICK'S PLACE,E01032739,City of London 001F,Investigation complete; no suspect identified
49a65a0b50757e64d5cad474503ab07a321f6c20aa4ee4327eb9db41d7fe5c9f,2019-04,City of London Police,City of London Police,-0.088203,51.518262,On or near MOORGATE,E01032739,City of London 001F,Investigation complete; no suspect identified
808c8d401e299c11cb3f9173bc11acac3554465f85f7c4de3d5e944eb0161113,2019-04,City of London Police,City of London Police,-0.088995,51.512088,On or near ST SWITHIN'S LANE,E01032739,City of London 001F,Investigation complete; no suspect identified
418849f7cbd60df468ff69aaf52b9959ec251d0049370486ab0e1c177e96e2a0,2019-04,City of London Police,City of London Police,-0.081620,51.516814,On or near ALDERMAN'S WALK,E01032739,City of London 001F,Unable to prosecute suspect
3bb1d56718bc7d302f0d10cb0bef74218d200b4b3d73daf25c1fd5146abbe4e1,2019-04,City of London Police,City of London Police,-0.076435,51.513627,On or near ALDGATE,E01000005,City of London 001E,Investigation complete; no suspect identified
b51a6535b235c222ec967eb2839e9683e571ce81a1da2c0f9563c9e5fcba31ef,2019-04,City of London Police,City of London Police,-0.085149,51.517196,On or near BLOMFIELD STREET,E01032739,City of London 001F,Investigation complete; no suspect identified
96b9a086d433f00d7df342cd6a6593ed58f8dd8122c7be84dd46cd20989aafb4,2019-04,City of London Police,City of London Police,-0.077777,51.518046,On or near SANDY'S ROW,E01032739,City of London 001F,Investigation complete; no suspect identified
d6f0ec84997c905cfe54b4fa2151f58986b72186cd799794ab805a1e3ba26855,2019-04,City of London Police,City of London Police,-0.081620,51.516814,On or near ALDERMAN'S WALK,E01032739,City of London 001F,Unable to prosecute suspect
cfe775b98b3b3d9d57f73778c17d46d68503fa613af434c6d88c440cbcdcb5f6,2019-04,City of London Police,City of London Police,-0.081091,51.516014,On or near CAMOMILE STREET,E01032739,City of London 001F,Unable to prosecute suspect
079ed5744137c6e482d2c8751f3471fe60ccfbfe18ce6f9d128e1cb10d163abb,2019-04,City of London Police,City of London Police,-0.104909,51.517912,On or near Parking Area,E01032740,City of London 001G,Investigation complete; no suspect identified
89de56ef9bd30ac8551977274395eff7c562f2c4ccc3ab311fb72b9cbfc7ccad,2019-04,City of London Police,City of London Police,-0.083618,51.517288,On or near BROAD STREET AVENUE,E01032739,City of London 001F,Investigation complete; no suspect identified
bc174397e90584ef90b334bda4d34a608ac4566461270714cdc8b0785bf7624e,2019-04,City of London Police,City of London Police,-0.079786,51.517576,On or near Police Station,E01032739,City of London 001F,Investigation complete; no suspect identified
06e09cf58d050f2974e57e2006f73668f8a8a6345d76593d6d10145f6a6c8dca,2019-04,City of London Police,City of London Police,-0.080234,51.516855,On or near DEVONSHIRE ROW,E01032739,City of London 001F,Investigation complete; no suspect identified
fd76fa7f0a76bf140ce00805c568a4fc244d914afe78acc53baf3710452ca16a,2019-04,City of London Police,City of London Police,-0.078924,51.508587,On or near PETTY WALES,E01032739,City of London 001F,Investigation complete; no suspect identified
c527a69453b4e500f14795e673202e1ce4d4e8afe8a15aad9b26bdddd9ff6a62,2019-04,City of London Police,City of London Police,-0.088042,51.511794,On or near ABCHURCH LANE,E01032739,City of London 001F,Investigation complete; no suspect identified
c6021f0d7a21de8230b52dda08aa5a70d0c3d23308815f9c257f50eaf20679b5,2019-04,City of London Police,City of London Police,-0.092517,51.520580,On or near WHITECROSS STREET,E01000002,City of London 001B,Formal action is not in the public interest
1cf56df9486a3b77af32112aae23a66d6f407722911db73c3a194579c0623540,2019-04,City of London Police,City of London Police,-0.087118,51.513199,On or near Nightclub,E01032739,City of London 001F,Unable to prosecute suspect
91d88afe2e848f0588d12402ba8af736d45b06144dccf606d63315c0cd65fd79,2019-04,City of London Police,City of London Police,-0.094468,51.521853,On or near GOLDEN LANE,E01000003,City of London 001C,Investigation complete; no suspect identified
9eee4bc6feff8909a1d7643f923dc66abd921dbc1587c3b19ac4d6a18f1d80e2,2019-04,City of London Police,City of London Police,-0.076095,51.512462,On or near VINE STREET,E01000005,City of London 001E,Investigation complete; no suspect identified
db2af2273cebcbd38278fcd8972a35340d22d3d7a482bc72cff313a426adb3db,2019-04,City of London Police,City of London Police,,,No location,,,Unable to prosecute suspect
5567a70de38b8ea0076b7cffe343b5c408504bbc5d7c48e8c9309eb7dd5ddac7,2019-04,City of London Police,City of London Police,-0.088227,51.506338,On or near BOROUGH HIGH STREET,E01004027,Southwark 003E,Further investigation is not in the public interest
699f34340162eaa2ae63b4327102fabd0ddf2f60804b5156a3c449eccd1a8cc3,2019-04,City of London Police,City of London Police,-0.078856,51.518433,On or near ARTILLERY LANE,E01032739,City of London 001F,Unable to prosecute suspect
9cdfb7101113a9c84b7d29ab73cdc8bdbfa0445958e0afb348771b3487dc578c,2019-04,City of London Police,City of London Police,-0.086278,51.509876,On or near FISH STREET HILL,E01032739,City of London 001F,Investigation complete; no suspect identified
7c76a4942db85b3897aeb11a204d9e4227478351ac090c54ac24f3db777b3dac,2019-04,City of London Police,City of London Police,-0.084967,51.512598,On or near BELL INN YARD,E01032739,City of London 001F,Investigation complete; no suspect identified
8d8c55512129d6dccc4a28404e120d53bb931e76af262234e28738a559d6b8d2,2019-04,City of London Police,City of London Police,-0.096075,51.514766,On or near FOSTER LANE,E01032739,City of London 001F,Investigation complete; no suspect identified
0c331b2e8636cac65547090d5bd15a76d1073dbeb53fb7dc7e59305545f77e9f,2019-04,City of London Police,City of London Police,-0.101055,51.513552,On or near CREED LANE,E01032739,City of London 001F,Investigation complete; no suspect identified
26901f671a9bca6794038e92a711954afd0136abe250cb67a2484b5f3c42035e,2019-04,City of London Police,City of London Police,-0.101345,51.518709,On or near Parking Area,E01032740,City of London 001G,Investigation complete; no suspect identified
228275accf138c762cbbc57c649708cdae3a0ea7f6f76ba6aa85fb36cf474f0d,2019-04,City of London Police,City of London Police,-0.092321,51.513194,On or near PANCRAS LANE,E01032739,City of London 001F,Investigation complete; no suspect identified
e8880537c44b6bb368455c874e11071268d78b7c780f0ad4625d6a40af0f5319,2019-04,City of London Police,City of London Police,-0.099818,51.519017,On or near CLOTH FAIR,E01032740,City of London 001G,Investigation complete; no suspect identified
584ca281bbea4c65c00e683b622d2b5000be2bae3e4c641fd41d3aaace307aff,2019-04,City of London Police,City of London Police,-0.081580,51.520510,On or near PINDAR STREET,E01032739,City of London 001F,Investigation complete; no suspect identified
27b443e9b2333e23cf286d60c15bcce6f63349e8623a3076468a6b6cf7692f30,2019-04,City of London Police,City of London Police,-0.090348,51.519358,On or near MOOR LANE,E01000002,City of London 001B,Investigation complete; no suspect identified
694b92f66610182da9f967dd02d69cfef1fadd95f85a4d714fde597876355ed5,2019-04,City of London Police,City of London Police,-0.086272,51.513114,On or near BIRCHIN LANE,E01032739,City of London 001F,Investigation complete; no suspect identified
342baa6a175c6130c5d709f290d83cbd885f74d79fa959d4db83dc535b363ef2,2019-04,City of London Police,City of London Police,-0.076095,51.512462,On or near VINE STREET,E01000005,City of London 001E,Investigation complete; no suspect identified
e1e1390c884466c3d4c21fb457f0f9e230e290060af6e79abe9ae88dd27d3024,2019-04,City of London Police,City of London Police,-0.109709,51.517909,On or near HIGH HOLBORN,E01032740,City of London 001G,Investigation complete; no suspect identified
b580e892bd1388ba0bfae55f2ff97b3ee31e9707dd24f7ed8291b8b20cf7fe11,2019-04,City of London Police,City of London Police,-0.082628,51.518189,On or near SUN STREET PASSAGE,E01032739,City of London 001F,Investigation complete; no suspect identified
98715fd7fa89eb24f05d82677bd506c7b6a8801132280241cf051102ce601c13,2019-04,City of London Police,City of London Police,-0.078307,51.513676,On or near MITRE STREET,E01032739,City of London 001F,Investigation complete; no suspect identified
fadc50ccabf006932adc248d51e3cd662784e23cae026c65119739747a677866,2019-04,City of London Police,City of London Police,-0.085310,51.518511,On or near ELDON STREET,E01032739,City of London 001F,Investigation complete; no suspect identified
7495a569ff78a5a891cf6248d09a1ffeb8c34cda256b4efb0956429f5f544b38,2019-04,City of London Police,City of London Police,-0.094197,51.510734,On or near KENNETT WHARF LANE,E01032739,City of London 001F,Investigation complete; no suspect identified
6448e25a298284f5a4391495f5e3f16f6c82ab3cce8a71ad21df6e39402dc55c,2019-04,City of London Police,City of London Police,-0.081540,51.510806,On or near MINCING LANE,E01032739,City of London 001F,Investigation complete; no suspect identified
87f614df31c3eb1f09c79e04035f3c1bf89fd9adc87a1d0c6ca27e854f59a146,2019-04,City of London Police,City of London Police,-0.104281,51.516032,On or near BEAR ALLEY,E01032740,City of London 001G,Investigation complete; no suspect identified
48b4f8d5d63f30450411676147faab94c489ad36b9b77aa93f3be21c77d42c0f,2019-04,City of London Police,City of London Police,-0.084618,51.512682,On or near GRACECHURCH STREET,E01032739,City of London 001F,Investigation complete; no suspect identified
0bccb66b7af164f1f535136962247bf6d37c3f11c4cea11dc4b392280d84072f,2019-04,City of London Police,City of London Police,-0.087153,51.518910,On or near SOUTH PLACE MEWS,E01032739,City of London 001F,Investigation complete; no suspect identified
729df444a3c9d4b33692df8ff3e972addb7d938b47cbadcbba6b55d20b9b9106,2019-04,City of London Police,City of London Police,-0.074793,51.511208,On or near Pedestrian Subway,E01000005,City of London 001E,Investigation complete; no suspect identified
905ac07c846e13d07f8fa921eb381c963ef0636e64eacb8df7df4f27847ac2f0,2019-04,City of London Police,City of London Police,-0.090506,51.513524,On or near POULTRY,E01032739,City of London 001F,Investigation complete; no suspect identified
2887c16c39ea61d5fdfbade2b0cebe8d114a44b643b25e7187fc5ffb9a90062b,2019-04,City of London Police,City of London Police,-0.091151,51.514992,On or near GRESHAM STREET,E01032739,City of London 001F,Investigation complete; no suspect identified
0bd3c30a0e779dfbeb6b75d0bd4023b3e76396403da206dc26e861bcdcc3cc0a,2019-04,City of London Police,City of London Police,-0.089698,51.511812,On or near OXFORD COURT,E01032739,City of London 001F,Investigation complete; no suspect identified
f71dda7dffb61ae3dfb127686f71f010883a591a8d7ae9a152da02ff896efd9c,2019-04,City of London Police,City of London Police,-0.096561,51.514513,On or near CHEAPSIDE,E01032739,City of London 001F,Investigation complete; no suspect identified
38c8843a8a36cde1d809e853cf0f03ff63f165ad3e69eb9913bdd7a1d50489cb,2019-04,City of London Police,City of London Police,-0.082628,51.518189,On or near SUN STREET PASSAGE,E01032739,City of London 001F,Investigation complete; no suspect identified
5ed2098bb53de9b99f84760ab506e30dbef34bdc1c182ddb914864a594cc53ea,2019-04,City of London Police,City of London Police,-0.083587,51.512171,On or near LIME STREET PASSAGE,E01032739,City of London 001F,Investigation complete; no suspect identified
e6256bebc7f27655520bdda7761656a9cba99b5cee80d8c6b21bcbd2a4680bae,2019-04,City of London Police,City of London Police,,,No location,,,Investigation complete; no suspect identified
199d1fdc90aa0e623d0c8f7dfe0a015a7e0a34af84c21d65814ff02ff8817f8d,2019-04,City of London Police,City of London Police,-0.077513,51.515075,On or near STONEY LANE,E01000005,City of London 001E,Investigation complete; no suspect identified
abf32bcd33063a2f00a12d679196e184569a2eb4933d70be16a5af9e15ea084d,2019-04,City of London Police,City of London Police,-0.102794,51.515037,On or near Parking Area,E01032740,City of London 001G,Investigation complete; no suspect identified
411c613a13cdcd8955b0f6496c571db273662fa752324657bc4c5a4945c3212e,2019-04,City of London Police,City of London Police,,,No location,,,Investigation complete; no suspect identified
7d4bdece640f38e0086d40253c99a8468686433e4470990ab957ac81273920ec,2019-04,City of London Police,City of London Police,,,No location,,,Investigation complete; no suspect identified
91221929dcac7e5784ec057174633a89f816a564ef355a3dbe0cdd2c0269fcdf,2019-04,City of London Police,City of London Police,-0.102741,51.513885,On or near PAGEANTMASTER COURT,E01032740,City of London 001G,Unable to prosecute suspect
200213272bd5f19e5a92509bce592ffc4d70dff282f8c2784afacb123fdb0cc8,2019-04,City of London Police,City of London Police,-0.097645,51.515142,On or near ST MARTIN'S LE GRAND,E01032739,City of London 001F,Investigation complete; no suspect identified
bf2de566063b4c196061a551cef3a479576f5d83adf3be699c3fe53932449f49,2019-04,City of London Police,City of London Police,-0.094468,51.521853,On or near GOLDEN LANE,E01000003,City of London 001C,Unable to prosecute suspect
3c39c45604871bc9e83422f14ec01f0b1ec442e4bdbb58c694b36d4d20c2893c,2019-04,City of London Police,City of London Police,-0.074793,51.511208,On or near Pedestrian Subway,E01000005,City of London 001E,Investigation complete; no suspect identified
afb11866633a4c04c4017d46e7ebf422f1c256fda754f7debbe88b44c614cc0b,2019-04,City of London Police,City of London Police,-0.092719,51.512652,On or near QUEEN VICTORIA STREET,E01032739,City of London 001F,Investigation complete; no suspect identified
2c401b28f09b7243c9b2581552e5d5b45e8067ef6219711a57c5aaf6fe28daed,2019-04,City of London Police,City of London Police,,,No location,,,Investigation complete; no suspect identified
0ac2efd92baf8a25e1a82170b2de0ce6add8739ec8d8952c8967706819abc3bf,2019-04,City of London Police,City of London Police,-0.084095,51.516900,On or near NEW BROAD STREET,E01032739,City of London 001F,Investigation complete; no suspect identified
beb5f6ff58c10f91da88caf47bc92e721010c399006329ee2added93f3363717,2019-04,City of London Police,City of London Police,-0.078749,51.520985,On or near NORTON FOLGATE,E01032739,City of London 001F,Investigation complete; no suspect identified
d76b7d794fefce47588794769296a9b76eee6ac81e5d9c4a3d253ba343a3939a,2019-04,City of London Police,City of London Police,-0.085833,51.513952,On or near FINCH LANE,E01032739,City of London 001F,Formal action is not in the public interest
247b4e6b04348bc0d434461e46e1a63bc4d0ea20bdb241e2dc0154b721d12a5a,2019-04,City of London Police,City of London Police,-0.104500,51.511449,On or near VICTORIA EMBANKMENT,E01032740,City of London 001G,Investigation complete; no suspect identified
af4fabf75f01d1c147ec210a5ecc4a18011ce24f491afea7d9bd814c1a0e1e25,2019-04,City of London Police,City of London Police,-0.108018,51.511749,On or near TEMPLE AVENUE,E01032740,City of London 001G,Investigation complete; no suspect identified
750516ee03e69b0b2ff075056e20fd5d74158981baf24913a7b4db79fd81d55b,2019-04,City of London Police,City of London Police,-0.093933,51.519812,On or near Conference/Exhibition Centre,E01000002,City of London 001B,Investigation complete; no suspect identified
8bfde93003dd542d81a18cf90d06e7fa223950452c14c896f17c1fd3f3a24c18,2019-04,City of London Police,City of London Police,-0.079786,51.517576,On or near Police Station,E01032739,City of London 001F,Unable to prosecute suspect
490e5ee6b73ecf218ebbfbcfd41ff0c191e2c29225552b87d81a5273a57eddd2,2019-04,City of London Police,City of London Police,-0.093933,51.519812,On or near Conference/Exhibition Centre,E01000002,City of London 001B,Unable to prosecute suspect
edc76523715b8e0dc49089744b634996da6e183c0e4e65648fe27cff98730488,2019-04,City of London Police,City of London Police,-0.105157,51.513330,On or near Theatre/Concert Hall,E01032740,City of London 001G,Investigation complete; no suspect identified
40b013ab921cf5f348e23b4a00afffb93e1944023ebddca53cd97b92f8ab7d11,2019-04,City of London Police,City of London Police,-0.084701,51.509320,On or near LOWER THAMES STREET,E01032739,City of London 001F,Investigation complete; no suspect identified
dec017cd1757f5bbb29fa748369ccfaa40e78c755f6e62d6ff606eb4793fbd86,2019-04,City of London Police,City of London Police,-0.104244,51.512749,On or near NEW BRIDGE STREET,E01032739,City of London 001F,Investigation complete; no suspect identified
89cecd7405da11d9a1b61ac2b7d5261d04d4c28c3840406e1f51bb93c4c06893,2019-04,City of London Police,City of London Police,-0.079786,51.517576,On or near Police Station,E01032739,City of London 001F,Formal action is not in the public interest
f29459425a2c632f9decea662649739837fd04633af8e2a58dc9d6481fbc4e31,2019-04,City of London Police,City of London Police,-0.098062,51.517577,On or near MONTAGUE STREET,E01000001,City of London 001A,Investigation complete; no suspect identified
699d2a6af29e053e7f047f63255b836c324d6441c4e162ba2012e7e8f1bd9c3a,2019-04,City of London Police,City of London Police,-0.089451,51.517032,On or near Bus/Coach Station,E01032739,City of London 001F,Investigation complete; no suspect identified
7dffd0a8aecd706d2fac51a873859f337ca5a7895af0e5030daa57298d658b3d,2019-04,City of London Police,City of London Police,-0.083296,51.517058,On or near OLD BROAD STREET,E01032739,City of London 001F,Investigation complete; no suspect identified
a4978d0c56e9e453d7aa1352f91018f69cfd2a45d7a9f0e93d2596fa6a02e8c9,2019-04,City of London Police,City of London Police,-0.087118,51.513199,On or near Nightclub,E01032739,City of London 001F,Investigation complete; no suspect identified
2076bbb57c5ab595881020af43292460dbf957e51a850ecfa2ec6fa10bdcb16e,2019-04,City of London Police,City of London Police,-0.082458,51.517431,On or near LIVERPOOL STREET,E01032739,City of London 001F,Investigation complete; no suspect identified
8fe7418c5de64d3ad3189d3dc3e482ab2c4180ee9f4555e6f101636e24825d3e,2019-04,City of London Police,City of London Police,-0.101575,51.513857,On or near LUDGATE HILL,E01032739,City of London 001F,Investigation complete; no suspect identified
91e1e48940f79b6d6799412da327e810311eca39fe8940255cfe9c18dd1eb5ec,2019-04,City of London Police,City of London Police,-0.105134,51.513869,On or near BRIDE LANE,E01032740,City of London 001G,Formal action is not in the public interest
1feafb49af80f8deb84c89afc8929c1ddf66e2c76fc586baf9535d9b93127a99,2019-04,City of London Police,City of London Police,-0.092297,51.518949,On or near Park/Open Space,E01000002,City of London 001B,Investigation complete; no suspect identified
52346529c700a0986da245829cac36963a44368ed0650cfcdb085f514bbc5989,2019-04,City of London Police,City of London Police,-0.089596,51.518743,On or near NEW UNION STREET,E01000002,City of London 001B,Investigation complete; no suspect identified
cdfea4159ed749137405b5ed1d5038f8d3a2e27c56b84ccc63a7f37ded52f7a7,2019-04,City of London Police,City of London Police,-0.101452,51.512650,On or near ST ANDREW'S HILL,E01032739,City of London 001F,Investigation complete; no suspect identified
8abc3daeb3a7a7834269458c1d25ecb187a6feb05faf5393f9de29f5bb8c6088,2019-04,City of London Police,City of London Police,-0.098062,51.517577,On or near MONTAGUE STREET,E01000001,City of London 001A,Investigation complete; no suspect identified
dfce57b096660645b0ea3add5b302fb53396eb25a9cf4b8542c2beeb50aeb593,2019-04,City of London Police,City of London Police,-0.097645,51.515142,On or near ST MARTIN'S LE GRAND,E01032739,City of London 001F,Investigation complete; no suspect identified
9ead61924ea7c640b246f9323179b75e4727d66d341c8dd8df9f173558e26fa1,2019-04,City of London Police,City of London Police,-0.084199,51.513394,On or near CORNHILL,E01032739,City of London 001F,Investigation complete; no suspect identified
f2233e86a4e87ce26e7827809571bbabccde746f910d33167f304e76f6f7b4ec,2019-04,City of London Police,City of London Police,-0.097334,51.521567,On or near FANN STREET,E01000001,City of London 001A,Investigation complete; no suspect identified
3be54699755f3fc9826d93981c772f73a17ca57730edb2137cd43199881d77fd,2019-04,City of London Police,City of London Police,-0.094720,51.514420,On or near WOOD STREET,E01032739,City of London 001F,Investigation complete; no suspect identified
796253c4d188c85d6fc482ce3d678f1b12dc2265ce5c7c089fc4ecf7c66cae47,2019-04,City of London Police,City of London Police,-0.078749,51.520985,On or near NORTON FOLGATE,E01032739,City of London 001F,Investigation complete; no suspect identified
ff0fad8a3cdd7ada2a04842ac1529ae65ca9c90a9c152e55a334d07c0667beb7,2019-04,City of London Police,City of London Police,,,No location,,,Investigation complete; no suspect identified
1c7a98edae8573a44afc36976d025f3b03ba41975817d2c22756ee60ff3af6ea,2019-04,City of London Police,City of London Police,-0.084618,51.512682,On or near GRACECHURCH STREET,E01032739,City of London 001F,Investigation complete; no suspect identified
05f57e682524ca6572df04ce143fd84bf61b73cbff3828a431494a649ce79cec,2019-04,City of London Police,City of London Police,-0.084701,51.509320,On or near LOWER THAMES STREET,E01032739,City of London 001F,Investigation complete; no suspect identified
03bf2d6e7c23e37926254640c2574d3b314363c1c667945e2d78d3fcb6e4594b,2019-04,City of London Police,City of London Police,-0.081091,51.516014,On or near CAMOMILE STREET,E01032739,City of London 001F,Investigation complete; no suspect identified
3d16266ea46333533c7c54b98679bf7cd483feb760534c5521b256f38f45bd82,2019-04,City of London Police,City of London Police,-0.079875,51.510995,On or near HART STREET,E01032739,City of London 001F,Investigation complete; no suspect identified
3efb5a61cc32f94e79d1ce51886d0f17559279410ea2d8a1867d0772ed7bdae3,2019-04,City of London Police,City of London Police,-0.101794,51.516207,On or near NEWGATE STREET,E01032740,City of London 001G,Investigation complete; no suspect identified
a448625cd615f3d1ebe13ebc9ce785a212b45ce0eadaaf84d39703f6ec284790,2019-04,City of London Police,City of London Police,-0.078924,51.508587,On or near PETTY WALES,E01032739,City of London 001F,Investigation complete; no suspect identified
0f43dd442aedc25524e86ca651e816435f2d9cad6f7c36d2610510fbf3ac5aa5,2019-04,City of London Police,City of London Police,-0.083618,51.517288,On or near BROAD STREET AVENUE,E01032739,City of London 001F,Investigation complete; no suspect identified
b031b3416c7ab51b7e9a61a1ed7f8852c8c6d13e9b60ac026e999948587c9cee,2019-04,City of London Police,City of London Police,-0.089582,51.511495,On or near CANNON STREET,E01032739,City of London 001F,Investigation complete; no suspect identified
1471f1cb5d46ba700aa4a3499fa61bee630dd49b074ca2c9a367c35f9b706972,2019-04,City of London Police,City of London Police,-0.108965,51.516386,On or near PLOUGH PLACE,E01032740,City of London 001G,Investigation complete; no suspect identified
ab6a4089750eaab484142011adb45781f66c233d607ec4c41788c6a267c37236,2019-04,City of London Police,City of London Police,-0.076833,51.513769,On or near HOUNDSDITCH,E01000005,City of London 001E,Investigation complete; no suspect identified
a49a659604e6f8c63f2ddd67268f070de1ac125e4fb9ecad608b4c7df4e7993a,2019-04,City of London Police,City of London Police,-0.079786,51.517576,On or near Police Station,E01032739,City of London 001F,Investigation complete; no suspect identified
5c253703e7e9d832ef98084180aa9051eb8044a8a12d567092ffa6ffc3a6f2af,2019-04,City of London Police,City of London Police,-0.076435,51.513627,On or near ALDGATE,E01000005,City of London 001E,Investigation complete; no suspect identified
29a2146b8c171e2972a95f98fdc160474c29618193b0a5ea8c3cbf54b2a40f65,2019-04,City of London Police,City of London Police,-0.085173,51.518680,On or near FINSBURY AVENUE,E01032739,City of London 001F,Investigation complete; no suspect identified
fa714f29e6079f6d5f83577388aa49f2d05ee2755f0e1a2d46a65b43093b39e0,2019-04,City of London Police,City of London Police,-0.082628,51.518189,On or near SUN STREET PASSAGE,E01032739,City of London 001F,Unable to prosecute suspect
01736369412129419f42d65a2d0235a212d49bba5266e37adcec1196779f377b,2019-04,City of London Police,City of London Police,-0.080376,51.517244,On or near Supermarket,E01032739,City of London 001F,Further investigation is not in the public interest
1cbe3ecefd2e367ec364179cdf4a2cacf739423e84eeecb21a53063044b851e0,2019-04,City of London Police,City of London Police,,,No location,,,Investigation complete; no suspect identified
9571143a3c3ad220767233ec56cc45288af3fdb091ec937d1732fb6ce85d4274,2019-04,City of London Police,City of London Police,-0.082913,51.513463,On or near LEADENHALL STREET,E01032739,City of London 001F,Investigation complete; no suspect identified
a72d0aa537531cac139f3ebd7c249d5c96564bd6043b0f34b40d909e8c2c0e72,2019-04,City of London Police,City of London Police,-0.092865,51.510182,On or near Parking Area,E01032739,City of London 001F,Investigation complete; no suspect identified
52e172ce5f9d46e7a082a581581a085a47065502335f5e02d7cc01bab2dd09ed,2019-04,City of London Police,City of London Police,-0.100179,51.514158,On or near Shopping Area,E01032739,City of London 001F,Formal action is not in the public interest
7ee053cbb601d1002a0a6a2028108f5a5cc4efdb6fa33eeaa41dac04f49c5bdd,2019-04,City of London Police,City of London Police,-0.084701,51.509320,On or near LOWER THAMES STREET,E01032739,City of London 001F,Investigation complete; no suspect identified
c6fecdceb60ff3bbacd0acc08f21d4710bc722e02f131d2868f644b7e857bf62,2019-04,City of London Police,City of London Police,-0.111497,51.518226,On or near Pedestrian Subway,E01000914,Camden 028B,Investigation complete; no suspect identified
c83e30eef26c29ce496992a8d96118cca51c8c11595b63f7b32291d5c9f5ad57,2019-04,City of London Police,City of London Police,-0.088203,51.518262,On or near MOORGATE,E01032739,City of London 001F,Investigation complete; no suspect identified
6e970790f0c42809ada208b03ae7ee46099d2914ad332796dc0d6dc53bfd62e7,2019-04,City of London Police,City of London Police,-0.104275,51.511661,On or near VICTORIA EMBANKMENT,E01032739,City of London 001F,Investigation complete; no suspect identified
ba88ca9db691d11dca840efc21ab09d3473100abdba0a55286e1c87139701eea,2019-04,City of London Police,City of London Police,-0.084980,51.516078,On or near GREAT WINCHESTER STREET,E01032739,City of London 001F,Investigation complete; no suspect identified
6ee2f87a7efa1ab14760b2d89d062a1543db81a843b4fb60c6c726022e58abec,2019-04,City of London Police,City of London Police,-0.089090,51.513258,On or near MANSION HOUSE PLACE,E01032739,City of London 001F,Investigation complete; no suspect identified
32ee75c0e3dd651bd85b6cc01ecbc7e74f88615dea3c05320ea4cebafd54dd34,2019-04,City of London Police,City of London Police,-0.098138,51.520609,On or near CARTHUSIAN STREET,E01033490,Islington 022H,Unable to prosecute suspect
0f85d28ffe3b82eecd9f4c9824583e3125158b34d036121579eb629d1f8cbef8,2019-04,City of London Police,City of London Police,-0.084199,51.513394,On or near CORNHILL,E01032739,City of London 001F,Investigation complete; no suspect identified
9ba86ba09873bfab7bcc89d33d47bd5f6db3fb93a9441d23b22cc8647c3bc786,2019-04,City of London Police,City of London Police,-0.086166,51.510828,On or near EASTCHEAP,E01032739,City of London 001F,Investigation complete; no suspect identified
40a6a9780c4346784570f6a8b863190f4285793edf837e98866c3eec75268755,2019-04,City of London Police,City of London Police,-0.105134,51.513869,On or near BRIDE LANE,E01032740,City of London 001G,Investigation complete; no suspect identified
c7cd127502a469809eab013f6e77c478325ed2a46da5ce1c64f1f8a3bbfc35ff,2019-04,City of London Police,City of London Police,-0.097645,51.515142,On or near ST MARTIN'S LE GRAND,E01032739,City of London 001F,Investigation complete; no suspect identified
c939f28efe222d6d1798689ebce1fd818e28cf4f3db1d8675f75dbb8aa38bfc7,2019-04,City of London Police,City of London Police,-0.093493,51.513447,On or near BOW LANE,E01032739,City of London 001F,Investigation complete; no suspect identified
2363cdde50ddff0aeeacf46ce16dc3fecba17112a704f55d46cc008931e10a22,2019-04,City of London Police,City of London Police,-0.081620,51.516814,On or near ALDERMAN'S WALK,E01032739,City of London 001F,Unable to prosecute suspect
b1b094b7321eae6798a6257a4d01e1797bb426ca03f0cb435748cdb134bfd87f,2019-04,City of London Police,City of London Police,-0.081620,51.516814,On or near ALDERMAN'S WALK,E01032739,City of London 001F,Unable to prosecute suspect
e0435e5195d1b86bd3ef329ce6ef92a0f6ffc4e27c68630bd47ab02037fe142c,2019-04,City of London Police,City of London Police,-0.093341,51.511889,On or near GREAT ST THOMAS APOSTLE,E01032739,City of London 001F,Investigation complete; no suspect identified
ab49fcc96dfc08828298b6ff4c0e22686da12492117d4ebdab86e243fc9c36b7,2019-04,City of London Police,City of London Police,-0.076095,51.512462,On or near VINE STREET,E01000005,City of London 001E,Unable to prosecute suspect
98a248316c444e92cd9d904b82b13e29dd4659755121cdbc14c8c98aff78353a,2019-04,City of London Police,City of London Police,-0.073850,51.509313,On or near MANSELL STREET,E01004293,Tower Hamlets 027B,Offender sent to prison
ed091159adaaab52e54b56557864c8c85b36d5b5b8b55a5d23615c78d6ecf39b,2019-04,City of London Police,City of London Police,-0.085257,51.511200,On or near TALBOT COURT,E01032739,City of London 001F,Offender given conditional discharge
3644d5e8828d08ebe2eecf95596adddbcdb8f8819b90c1eb3c6b7161cc95bc62,2019-04,City of London Police,City of London Police,-0.094933,51.513129,On or near BREAD STREET,E01032739,City of London 001F,Offender sent to prison
f6813f4caee7b8f9feb72aca90ab0b642d452a3036d1f456b84e6a39100abd0e,2019-04,City of London Police,City of London Police,-0.074901,51.506255,On or near A100,E01004293,Tower Hamlets 027B,Offender sent to prison
2e2ff328aa7ec8610508c09e5d69ecf2b678947cac5f2ae83e0c5da58c9c1bb4,2019-04,City of London Police,City of London Police,-0.081620,51.516814,On or near ALDERMAN'S WALK,E01032739,City of London 001F,Offender sent to prison
af22deeca2abfb669793c987c2c82e39848c52c1a5566693f2d6b566b80a1d30,2019-04,City of London Police,City of London Police,-0.079786,51.517576,On or near Police Station,E01032739,City of London 001F,Offender sent to prison
a2344515aa8b53318d3135ff2c3a52c7a8524de3214126da8d9c87e9a3e7f648,2019-04,City of London Police,City of London Police,-0.101452,51.512650,On or near ST ANDREW'S HILL,E01032739,City of London 001F,Offender given suspended prison sentence
5b160b13c25f1fcbfba7c5374a98443005f071797b829ee4d69a6c330fed09af,2019-04,City of London Police,City of London Police,-0.087780,51.508066,On or near BOROUGH HIGH STREET,E01032739,City of London 001F,Offender fined
0decf105f20a39257872f0643a33b6bb9002bee73ba338691e2b1be9119d29b5,2019-04,City of London Police,City of London Police,-0.079786,51.517576,On or near Police Station,E01032739,City of London 001F,Offender fined
98a248316c444e92cd9d904b82b13e29dd4659755121cdbc14c8c98aff78353a,2019-04,City of London Police,City of London Police,-0.073850,51.509313,On or near MANSELL STREET,E01004293,Tower Hamlets 027B,Offender sent to prison
98a248316c444e92cd9d904b82b13e29dd4659755121cdbc14c8c98aff78353a,2019-04,City of London Police,City of London Police,-0.073850,51.509313,On or near MANSELL STREET,E01004293,Tower Hamlets 027B,Offender sent to prison
67a4e62f197324e0f1bccb6faab4e1eab2e77606aee41592922f32434bd197f3,2019-04,City of London Police,City of London Police,-0.081620,51.516814,On or near ALDERMAN'S WALK,E01032739,City of London 001F,Offender sent to prison
ffaa5e4ef426803f5dc31df5c2e4d77817b03f48cc664f43cf8553e66fc0bb5a,2019-04,City of London Police,City of London Police,-0.079786,51.517576,On or near Police Station,E01032739,City of London 001F,Offender given conditional discharge
1444110d65ecf9be369a1ddc82d06be9d864031b9fefb061bc1e9421d753bf7f,2019-04,City of London Police,City of London Police,-0.091494,51.510924,On or near COLLEGE STREET,E01032739,City of London 001F,Defendant sent to Crown Court
59d0218024fcd09c2c27edf0a61e86e5c22e41719ff98d584b1a794a805a3e53,2019-04,City of London Police,City of London Police,-0.096363,51.513377,On or near NEW CHANGE,E01032739,City of London 001F,Offender sent to prison
9a6d490a18bc85c55f3c7047beccebf5f55eb4163474959263ac76519d508297,2019-04,City of London Police,City of London Police,-0.100632,51.515739,On or near WARWICK LANE,E01032739,City of London 001F,Offender sent to prison
5f817ccb56af4d30617cf351f9fbb48c9e4017382ca87e86d48d3be4a128ee5f,2019-04,City of London Police,City of London Police,-0.088042,51.511794,On or near ABCHURCH LANE,E01032739,City of London 001F,Offender sent to prison
cf7d5180ae6bb915c1f21f17a1097ae484ebc7034cdacaa93919e3212b46463d,2019-04,City of London Police,City of London Police,-0.105900,51.516966,On or near PLUMTREE COURT,E01032740,City of London 001G,Offender given community sentence
2c8f7ac654a536af096d91a3338aa1ca751c9a61c4572fb6fa8c07f27f14eefa,2019-04,City of London Police,City of London Police,-0.096363,51.513377,On or near NEW CHANGE,E01032739,City of London 001F,Offender sent to prison
9f54da19642a7463c5aff0f02fc94b978fae53f9e1344b45d9360d9da292b1cc,2019-04,City of London Police,City of London Police,-0.079786,51.517576,On or near Police Station,E01032739,City of London 001F,Offender fined
4bce7a3f820931a8483729418b1c0847bdabd53d236def783f8efa67351f200d,2019-04,City of London Police,City of London Police,-0.084967,51.512598,On or near BELL INN YARD,E01032739,City of London 001F,Offender given community sentence
809b1352e7d963b1bb330bf69d33525a54935b8174cc83e1a9468a6164e1d6b8,2019-04,City of London Police,City of London Police,-0.097277,51.515307,On or near ST MARTIN'S LE GRAND,E01000001,City of London 001A,Offender sent to prison
509e8e8bf3dfe3f259279886d259963be16186516912e16265c9f5ff34c5b059,2019-04,City of London Police,City of London Police,-0.089838,51.516067,On or near COLEMAN STREET,E01032739,City of London 001F,Offender fined
5a17e69db50d9fef80629aa6db6a74b3e7cf4c05f94dcf5edc7df229e47811fa,2019-04,City of London Police,City of London Police,-0.078250,51.515033,On or near HOUNDSDITCH,E01000005,City of London 001E,Offender given conditional discharge
7a8c87f5010fa7e1004b75b9be9a4914c356f93cdaf12002f54cc08adf602492,2019-04,City of London Police,City of London Police,-0.084967,51.512598,On or near BELL INN YARD,E01032739,City of London 001F,Offender given community sentence
978a6f672a2b02ab9a5927dbef560ae77a2ad3ea67ac3287182ec8fa982ea1a7,2019-04,City of London Police,City of London Police,-0.084967,51.512598,On or near BELL INN YARD,E01032739,City of London 001F,Offender fined
ed191104c82b14b2e825cf4f17799fcf7a1e154aa04d516c8c490a4dec1df636,2019-04,City of London Police,City of London Police,-0.079786,51.517576,On or near Police Station,E01032739,City of London 001F,Offender sent to prison
9727a88bb5ce3ed49ff133539b20e6050dde2ff20ac24677ecb2cfec5c6e56b4,2019-04,City of London Police,City of London Police,-0.084967,51.512598,On or near BELL INN YARD,E01032739,City of London 001F,Offender given community sentence
ff9fe613178146b8c1cd6fafc5036f75886fd51bc25cec0354c53fefacf861ac,2019-04,City of London Police,City of London Police,-0.094628,51.514203,On or near CHEAPSIDE,E01032739,City of London 001F,Offender given suspended prison sentence
50b5bd366e4eb087933edb11ef4e8b84106a1c5833105c64260f6807435d5d90,2019-04,City of London Police,City of London Police,-0.107910,51.515047,On or near GOUGH SQUARE,E01032740,City of London 001G,Offender fined
70c7c321fbcebddaa2db7b7db9174feb874b442e45edbb9efdb93bea1bdf56f6,2019-04,City of London Police,City of London Police,-0.084967,51.512598,On or near BELL INN YARD,E01032739,City of London 001F,Offender given community sentence
77be770e2628c84cae22594b82b818b5f32796991c8a628a9c8690d2d831c2e0,2019-04,City of London Police,City of London Police,-0.079786,51.517576,On or near Police Station,E01032739,City of London 001F,Offender deprived of property
c360f065e9e593c3d07df641adc9c852f20f0d13b8d8e815db4c97f42818b849,2019-04,City of London Police,City of London Police,-0.083695,51.512352,On or near LIME STREET PASSAGE,E01032739,City of London 001F,Offender fined
1ce8da7c2b592a5f6c772ce5e5472b85d88fe79668d832948aca265467281b12,2019-04,City of London Police,City of London Police,,,No location,,,Offender sent to prison
9bb686c17ced9d849ca897213f5e9aae7fded177070e769175c91051f4c27c89,2019-04,City of London Police,City of London Police,-0.096363,51.513377,On or near NEW CHANGE,E01032739,City of London 001F,Offender sent to prison
f6813f4caee7b8f9feb72aca90ab0b642d452a3036d1f456b84e6a39100abd0e,2019-04,City of London Police,City of London Police,-0.074901,51.506255,On or near A100,E01004293,Tower Hamlets 027B,Offender sent to prison
531e26ecccc59f352b1c17de2e8d35dd482b98aaa2d3050ecee55808db8f7472,2019-04,City of London Police,City of London Police,-0.084284,51.510671,On or near EASTCHEAP,E01032739,City of London 001F,Offender given community sentence
9a6d490a18bc85c55f3c7047beccebf5f55eb4163474959263ac76519d508297,2019-04,City of London Police,City of London Police,-0.100632,51.515739,On or near WARWICK LANE,E01032739,City of London 001F,Offender sent to prison
0b926b9de09a9307fb680893543c7f747ce4c76fd9b36425633694e60181aeb1,2019-04,City of London Police,City of London Police,-0.081620,51.516814,On or near ALDERMAN'S WALK,E01032739,City of London 001F,Offender sent to prison
e08002956a1a8746318edbed8c64fda4a2e98b84d13b9a3602a738748a4abfcb,2019-04,City of London Police,City of London Police,-0.096363,51.513377,On or near NEW CHANGE,E01032739,City of London 001F,Offender sent to prison
4000f6cb86d87ad6000a71ce4306e0a8ae391dabe82cbed247453e890c269112,2019-04,City of London Police,City of London Police,-0.096363,51.513377,On or near NEW CHANGE,E01032739,City of London 001F,Defendant found not guilty
d3a34027bc0c61c5af651c96edfc0301dede7cb91fc1a0ffa2c6439e1d480864,2019-04,City of London Police,City of London Police,-0.099848,51.519350,On or near LONG LANE,E01032740,City of London 001G,Offender fined
6050612c35cfc55c52941cb2a1fdc348d6ca5bfcadd7d07c1749a43003eff4e1,2019-04,City of London Police,City of London Police,-0.084967,51.512598,On or near BELL INN YARD,E01032739,City of London 001F,Offender sent to prison
79fbb736f713ed7989c2ecbf08f908e7f0531feec17cc0842f78317e107ebf89,2019-04,City of London Police,City of London Police,-0.074958,51.514151,On or near ALDGATE HIGH STREET,E01000005,City of London 001E,Offender sent to prison
7b1a69b4ba009de50af0291d1cd5613ef79f031cf8ee5b66ac66cd5e98ddaa09,2019-04,City of London Police,City of London Police,-0.108018,51.511749,On or near TEMPLE AVENUE,E01032740,City of London 001G,Offender given community sentence
70b392fc1daaff9e3293a20a9ca8a07f577f3d1ece297bdf84dd699aca31fb4e,2019-04,City of London Police,City of London Police,-0.097562,51.518864,On or near Parking Area,E01000001,City of London 001A,Offender sent to prison
a37d389bbd57521f2d8609f486d821d0495568d2c780b4c0c547938d3bf0607c,2019-04,City of London Police,City of London Police,-0.105900,51.516966,On or near PLUMTREE COURT,E01032740,City of London 001G,Defendant sent to Crown Court
672ce5207fe8817ac1461ba59be74e20c893c2e83a6009ab157365bc43ba46fd,2019-04,City of London Police,City of London Police,-0.084967,51.512598,On or near BELL INN YARD,E01032739,City of London 001F,Offender given conditional discharge
2233d0b825fb312983ecdf141d6c40fe74fb4b896bf7a2ae330fb83c62c8b2e4,2019-04,City of London Police,City of London Police,-0.081620,51.516814,On or near ALDERMAN'S WALK,E01032739,City of London 001F,Defendant found not guilty
f8e4d4a1f4ab40e6fc914eafdb4e58615859ea897656a9b668dbab170f0355b3,2019-04,City of London Police,City of London Police,-0.083993,51.511440,On or near PHILPOT LANE,E01032739,City of London 001F,Defendant found not guilty
f6813f4caee7b8f9feb72aca90ab0b642d452a3036d1f456b84e6a39100abd0e,2019-04,City of London Police,City of London Police,-0.074901,51.506255,On or near A100,E01004293,Tower Hamlets 027B,Offender sent to prison
6136bbec50367072ececf13c1a46e701eea56d3d7990868ce393f68f0b7d0949,2019-04,City of London Police,City of London Police,-0.101452,51.512650,On or near ST ANDREW'S HILL,E01032739,City of London 001F,Offender given suspended prison sentence
98a248316c444e92cd9d904b82b13e29dd4659755121cdbc14c8c98aff78353a,2019-04,City of London Police,City of London Police,-0.073850,51.509313,On or near MANSELL STREET,E01004293,Tower Hamlets 027B,Offender sent to prison
6ae611f90e9cb11fa803c1db35fa8e0b2ce4ee269827a31d27cc5774a05f052b,2019-04,City of London Police,City of London Police,-0.084967,51.512598,On or near BELL INN YARD,E01032739,City of London 001F,Offender fined
2a4185a205dfdbb25773e32a83634213b46f1272247c4fe94c2d77dac75af4c1,2019-04,City of London Police,City of London Police,-0.082965,51.516351,On or near WORMWOOD STREET,E01032739,City of London 001F,Defendant sent to Crown Court
